timestamp, power.draw [W], clocks.current.sm [MHz], clocks.current.memory [MHz], utilization.gpu [%], temperature.gpu
2026/10/09 04:35:34.641, 70.35 W, 1515 MHz, 6251 MHz, 100 %, 78
2026/10/09 04:35:35.157, 55.49 W, 2040 MHz, 6251 MHz, 100 %, 74
2026/10/09 04:35:35.658, 41.36 W, 2040 MHz, 6251 MHz, 9 %, 74
2026/10/09 04:35:36.158, 38.80 W, 2040 MHz, 6251 MHz, 0 %, 73
2026/10/09 04:35:36.658, 35.05 W, 2040 MHz, 6251 MHz, 0 %, 73
2026/10/09 04:35:37.158, 35.04 W, 2040 MHz, 6251 MHz, 0 %, 73
2026/10/09 04:35:37.658, 35.02 W, 2040 MHz, 6251 MHz, 0 %, 73
2026/10/09 04:35:38.158, 34.99 W, 2040 MHz, 6251 MHz, 0 %, 73
2026/10/09 04:35:38.658, 34.91 W, 2040 MHz, 6251 MHz, 0 %, 73
2026/10/09 04:35:39.159, 34.86 W, 2040 MHz, 6251 MHz, 0 %, 73
2026/10/09 04:35:39.659, 34.84 W, 2040 MHz, 6251 MHz, 0 %, 72
2026/10/09 04:35:40.159, 34.79 W, 2040 MHz, 6251 MHz, 0 %, 72
2026/10/09 04:35:40.659, 34.79 W, 2040 MHz, 6251 MHz, 0 %, 72
2026/10/09 04:35:41.159, 34.73 W, 2040 MHz, 6251 MHz, 0 %, 72
2026/10/09 04:35:41.659, 34.74 W, 2040 MHz, 6251 MHz, 0 %, 72
2026/10/09 04:35:42.159, 34.73 W, 2040 MHz, 6251 MHz, 0 %, 72
2026/10/09 04:35:42.660, 34.67 W, 2040 MHz, 6251 MHz, 0 %, 72
2026/10/09 04:35:43.160, 34.67 W, 2040 MHz, 6251 MHz, 0 %, 72
2026/10/09 04:35:43.660, 34.69 W, 2040 MHz, 6251 MHz, 0 %, 72
2026/10/09 04:35:44.160, 34.69 W, 2040 MHz, 6251 MHz, 0 %, 72
2026/10/09 04:35:44.660, 34.63 W, 2040 MHz, 6251 MHz, 0 %, 72
2026/10/09 04:35:45.160, 34.62 W, 2040 MHz, 6251 MHz, 0 %, 72
2026/10/09 04:35:45.661, 34.56 W, 2040 MHz, 6251 MHz, 0 %, 72
2026/10/09 04:35:46.161, 34.53 W, 2040 MHz, 6251 MHz, 0 %, 72
2026/10/09 04:35:46.661, 34.58 W, 2040 MHz, 6251 MHz, 0 %, 72
2026/10/09 04:35:47.161, 34.58 W, 2040 MHz, 6251 MHz, 0 %, 72
2026/10/09 04:35:47.661, 34.54 W, 2040 MHz, 6251 MHz, 0 %, 72
2026/10/09 04:35:48.161, 34.49 W, 2040 MHz, 6251 MHz, 0 %, 71
2026/10/09 04:35:48.661, 34.53 W, 2040 MHz, 6251 MHz, 0 %, 71
2026/10/09 04:35:49.162, 34.54 W, 2040 MHz, 6251 MHz, 0 %, 71
2026/10/09 04:35:49.662, 34.49 W, 2040 MHz, 6251 MHz, 0 %, 71
2026/10/09 04:35:50.162, 34.48 W, 2040 MHz, 6251 MHz, 0 %, 71
2026/10/09 04:35:50.662, 34.47 W, 2040 MHz, 6251 MHz, 0 %, 71
2026/10/09 04:35:51.162, 34.49 W, 2040 MHz, 6251 MHz, 0 %, 71
2026/10/09 04:35:51.662, 34.46 W, 2040 MHz, 6251 MHz, 0 %, 71
2026/10/09 04:35:52.162, 34.47 W, 2040 MHz, 6251 MHz, 0 %, 71
2026/10/09 04:35:52.663, 34.48 W, 2040 MHz, 6251 MHz, 0 %, 71
2026/10/09 04:35:53.163, 34.43 W, 2040 MHz, 6251 MHz, 0 %, 71
2026/10/09 04:35:53.663, 34.43 W, 2040 MHz, 6251 MHz, 0 %, 71
2026/10/09 04:35:54.163, 34.45 W, 2040 MHz, 6251 MHz, 0 %, 71
2026/10/09 04:35:54.663, 34.43 W, 2040 MHz, 6251 MHz, 0 %, 71
2026/10/09 04:35:55.163, 34.42 W, 2040 MHz, 6251 MHz, 0 %, 71
2026/10/09 04:35:55.663, 34.40 W, 2040 MHz, 6251 MHz, 0 %, 71
2026/10/09 04:35:56.164, 34.74 W, 2040 MHz, 6251 MHz, 0 %, 71
2026/10/09 04:35:56.664, 34.88 W, 2040 MHz, 6251 MHz, 0 %, 71
2026/10/09 04:35:57.164, 34.88 W, 2040 MHz, 6251 MHz, 1 %, 71
2026/10/09 04:35:57.664, 34.35 W, 2040 MHz, 6251 MHz, 0 %, 71
2026/10/09 04:35:58.164, 34.39 W, 2040 MHz, 6251 MHz, 0 %, 71
2026/10/09 04:35:58.664, 39.49 W, 2040 MHz, 6251 MHz, 72 %, 71
2026/10/09 04:35:59.165, 43.15 W, 2040 MHz, 6251 MHz, 69 %, 71
2026/10/09 04:35:59.665, 45.39 W, 2040 MHz, 6251 MHz, 69 %, 72
2026/10/09 04:36:00.165, 48.64 W, 2040 MHz, 6251 MHz, 71 %, 71
2026/10/09 04:36:00.665, 42.86 W, 2040 MHz, 6251 MHz, 0 %, 71
2026/10/09 04:36:01.165, 38.13 W, 2040 MHz, 6251 MHz, 0 %, 71
2026/10/09 04:36:01.665, 35.95 W, 2040 MHz, 6251 MHz, 0 %, 71
2026/10/09 04:36:02.165, 34.28 W, 2040 MHz, 6251 MHz, 0 %, 71
2026/10/09 04:36:02.666, 34.23 W, 2040 MHz, 6251 MHz, 0 %, 71
2026/10/09 04:36:03.166, 34.23 W, 2040 MHz, 6251 MHz, 0 %, 70
2026/10/09 04:36:03.666, 34.23 W, 2040 MHz, 6251 MHz, 0 %, 70
2026/10/09 04:36:04.166, 34.24 W, 2040 MHz, 6251 MHz, 0 %, 70
2026/10/09 04:36:04.666, 34.23 W, 2040 MHz, 6251 MHz, 0 %, 70
2026/10/09 04:36:05.166, 34.21 W, 2040 MHz, 6251 MHz, 0 %, 70
2026/10/09 04:36:05.666, 34.18 W, 2040 MHz, 6251 MHz, 0 %, 70
2026/10/09 04:36:06.167, 34.13 W, 2040 MHz, 6251 MHz, 0 %, 70
2026/10/09 04:36:06.667, 34.15 W, 2040 MHz, 6251 MHz, 0 %, 70
2026/10/09 04:36:07.167, 34.16 W, 2040 MHz, 6251 MHz, 0 %, 70
2026/10/09 04:36:07.667, 34.11 W, 2040 MHz, 6251 MHz, 0 %, 70
2026/10/09 04:36:08.167, 34.09 W, 2040 MHz, 6251 MHz, 0 %, 70
2026/10/09 04:36:08.667, 34.09 W, 2040 MHz, 6251 MHz, 0 %, 70
2026/10/09 04:36:09.168, 34.13 W, 2040 MHz, 6251 MHz, 0 %, 70
2026/10/09 04:36:09.668, 34.15 W, 2040 MHz, 6251 MHz, 0 %, 70
2026/10/09 04:36:10.168, 34.12 W, 2040 MHz, 6251 MHz, 0 %, 70
2026/10/09 04:36:10.668, 34.13 W, 2040 MHz, 6251 MHz, 0 %, 70
2026/10/09 04:36:11.168, 34.10 W, 2040 MHz, 6251 MHz, 0 %, 70
2026/10/09 04:36:11.668, 34.10 W, 2040 MHz, 6251 MHz, 0 %, 70
2026/10/09 04:36:12.169, 34.11 W, 2040 MHz, 6251 MHz, 0 %, 70
2026/10/09 04:36:12.669, 34.09 W, 2040 MHz, 6251 MHz, 0 %, 70
2026/10/09 04:36:13.169, 34.11 W, 2040 MHz, 6251 MHz, 0 %, 70
2026/10/09 04:36:13.669, 34.10 W, 2040 MHz, 6251 MHz, 0 %, 70
2026/10/09 04:36:14.169, 34.10 W, 2040 MHz, 6251 MHz, 0 %, 70
2026/10/09 04:36:14.669, 34.14 W, 2040 MHz, 6251 MHz, 0 %, 70
2026/10/09 04:36:15.170, 36.85 W, 1845 MHz, 6251 MHz, 25 %, 72
2026/10/09 04:36:15.670, 54.37 W, 1800 MHz, 6251 MHz, 98 %, 74
2026/10/09 04:36:16.170, 54.24 W, 2040 MHz, 6251 MHz, 0 %, 71
2026/10/09 04:36:16.670, 37.16 W, 2040 MHz, 6251 MHz, 0 %, 71
2026/10/09 04:36:17.170, 34.25 W, 2040 MHz, 6251 MHz, 0 %, 71
2026/10/09 04:36:17.670, 34.21 W, 2040 MHz, 6251 MHz, 0 %, 71
2026/10/09 04:36:18.171, 47.93 W, 2025 MHz, 6251 MHz, 58 %, 72
2026/10/09 04:36:18.671, 48.03 W, 2040 MHz, 6251 MHz, 0 %, 71
2026/10/09 04:36:19.171, 34.58 W, 2040 MHz, 6251 MHz, 0 %, 71
2026/10/09 04:36:19.671, 34.35 W, 2040 MHz, 6251 MHz, 0 %, 71
2026/10/09 04:36:20.171, 34.34 W, 2040 MHz, 6251 MHz, 0 %, 71
2026/10/09 04:36:20.671, 34.38 W, 2040 MHz, 6251 MHz, 0 %, 71
2026/10/09 04:36:21.172, 34.35 W, 2040 MHz, 6251 MHz, 0 %, 71
2026/10/09 04:36:21.672, 34.31 W, 2040 MHz, 6251 MHz, 0 %, 72
2026/10/09 04:36:22.172, 51.84 W, 1755 MHz, 6251 MHz, 99 %, 74
2026/10/09 04:36:22.672, 55.21 W, 2040 MHz, 6251 MHz, 0 %, 71
2026/10/09 04:36:23.172, 41.72 W, 2040 MHz, 6251 MHz, 0 %, 71
2026/10/09 04:36:23.672, 34.49 W, 2040 MHz, 6251 MHz, 0 %, 71
2026/10/09 04:36:24.172, 34.42 W, 2040 MHz, 6251 MHz, 0 %, 71
2026/10/09 04:36:24.673, 34.44 W, 2040 MHz, 6251 MHz, 0 %, 71
2026/10/09 04:36:25.173, 34.47 W, 2040 MHz, 6251 MHz, 0 %, 71
2026/10/09 04:36:25.673, 34.45 W, 2040 MHz, 6251 MHz, 0 %, 71
2026/10/09 04:36:26.173, 34.45 W, 2040 MHz, 6251 MHz, 0 %, 71
2026/10/09 04:36:26.673, 48.07 W, 1575 MHz, 6251 MHz, 99 %, 74
2026/10/09 04:36:27.173, 51.61 W, 2040 MHz, 6251 MHz, 0 %, 72
2026/10/09 04:36:27.673, 40.58 W, 2040 MHz, 6251 MHz, 0 %, 72
2026/10/09 04:36:28.174, 34.51 W, 2040 MHz, 6251 MHz, 0 %, 72
2026/10/09 04:36:28.674, 34.56 W, 2040 MHz, 6251 MHz, 0 %, 72
2026/10/09 04:36:29.174, 34.56 W, 2040 MHz, 6251 MHz, 0 %, 72
2026/10/09 04:36:29.674, 34.52 W, 2040 MHz, 6251 MHz, 0 %, 71
2026/10/09 04:36:30.174, 34.50 W, 2040 MHz, 6251 MHz, 0 %, 71
2026/10/09 04:36:30.674, 34.46 W, 2040 MHz, 6251 MHz, 0 %, 71
2026/10/09 04:36:31.175, 34.36 W, 2040 MHz, 6251 MHz, 0 %, 71
2026/10/09 04:36:31.675, 34.33 W, 2040 MHz, 6251 MHz, 0 %, 71
2026/10/09 04:36:32.175, 34.25 W, 2040 MHz, 6251 MHz, 0 %, 70
2026/10/09 04:36:32.675, 34.19 W, 2040 MHz, 6251 MHz, 0 %, 70
2026/10/09 04:36:33.175, 37.83 W, 2025 MHz, 6251 MHz, 59 %, 72
2026/10/09 04:36:33.675, 54.70 W, 1875 MHz, 6251 MHz, 96 %, 73
2026/10/09 04:36:34.176, 65.23 W, 2025 MHz, 6251 MHz, 0 %, 70
2026/10/09 04:36:34.676, 47.90 W, 2040 MHz, 6251 MHz, 0 %, 70
2026/10/09 04:36:35.176, 37.50 W, 2025 MHz, 6251 MHz, 53 %, 70
2026/10/09 04:36:35.676, 37.54 W, 2040 MHz, 6251 MHz, 0 %, 69
2026/10/09 04:36:36.176, 33.88 W, 2040 MHz, 6251 MHz, 0 %, 69
2026/10/09 04:36:36.676, 33.81 W, 2040 MHz, 6251 MHz, 0 %, 69
2026/10/09 04:36:37.177, 33.74 W, 2040 MHz, 6251 MHz, 0 %, 68
2026/10/09 04:36:37.677, 33.66 W, 2040 MHz, 6251 MHz, 0 %, 68
2026/10/09 04:36:38.177, 33.62 W, 2040 MHz, 6251 MHz, 0 %, 68
2026/10/09 04:36:38.677, 33.60 W, 2040 MHz, 6251 MHz, 0 %, 68
2026/10/09 04:36:39.177, 33.56 W, 2040 MHz, 6251 MHz, 0 %, 68
2026/10/09 04:36:39.677, 33.51 W, 2040 MHz, 6251 MHz, 0 %, 67
2026/10/09 04:36:40.178, 33.47 W, 2040 MHz, 6251 MHz, 0 %, 67
2026/10/09 04:36:40.678, 36.48 W, 1830 MHz, 6251 MHz, 0 %, 70
2026/10/09 04:36:41.178, 56.04 W, 1185 MHz, 6251 MHz, 100 %, 71
2026/10/09 04:36:41.678, 66.78 W, 2025 MHz, 6251 MHz, 47 %, 68
2026/10/09 04:36:42.178, 47.70 W, 2040 MHz, 6251 MHz, 0 %, 67
2026/10/09 04:36:42.678, 33.85 W, 2040 MHz, 6251 MHz, 0 %, 67
2026/10/09 04:36:43.178, 33.35 W, 2040 MHz, 6251 MHz, 0 %, 67
2026/10/09 04:36:43.679, 43.56 W, 1965 MHz, 6251 MHz, 100 %, 69
2026/10/09 04:36:44.179, 60.31 W, 1695 MHz, 6251 MHz, 100 %, 70
2026/10/09 04:36:44.679, 69.50 W, 1425 MHz, 6251 MHz, 67 %, 71
2026/10/09 04:36:45.179, 71.61 W, 1395 MHz, 6251 MHz, 100 %, 71
2026/10/09 04:36:45.679, 70.54 W, 1680 MHz, 6251 MHz, 64 %, 70
2026/10/09 04:36:46.179, 65.80 W, 1950 MHz, 6251 MHz, 91 %, 70
2026/10/09 04:36:46.679, 70.39 W, 1470 MHz, 6251 MHz, 100 %, 71
2026/10/09 04:36:47.179, 71.31 W, 1515 MHz, 6251 MHz, 100 %, 71
2026/10/09 04:36:47.680, 66.38 W, 1815 MHz, 6251 MHz, 64 %, 69
2026/10/09 04:36:48.180, 65.31 W, 1785 MHz, 6251 MHz, 84 %, 70
2026/10/09 04:36:48.680, 70.45 W, 1710 MHz, 6251 MHz, 80 %, 70
2026/10/09 04:36:49.180, 63.46 W, 1830 MHz, 6251 MHz, 74 %, 70
2026/10/09 04:36:49.680, 73.12 W, 1845 MHz, 6251 MHz, 55 %, 69
2026/10/09 04:36:50.180, 82.37 W, 1935 MHz, 6251 MHz, 62 %, 69
2026/10/09 04:36:50.680, 72.91 W, 2010 MHz, 6251 MHz, 34 %, 69
2026/10/09 04:36:51.181, 62.07 W, 1365 MHz, 6251 MHz, 77 %, 71
2026/10/09 04:36:51.681, 67.92 W, 1380 MHz, 6251 MHz, 77 %, 71
2026/10/09 04:36:52.181, 72.50 W, 1635 MHz, 6251 MHz, 79 %, 71
2026/10/09 04:36:52.681, 78.31 W, 1800 MHz, 6251 MHz, 77 %, 69
2026/10/09 04:36:53.181, 78.26 W, 1740 MHz, 6251 MHz, 76 %, 70
2026/10/09 04:36:53.681, 66.17 W, 1995 MHz, 6251 MHz, 63 %, 71
2026/10/09 04:36:54.181, 56.46 W, 2025 MHz, 6251 MHz, 1 %, 68
2026/10/09 04:36:54.682, 47.00 W, 1305 MHz, 6251 MHz, 0 %, 70
2026/10/09 04:36:55.182, 40.53 W, 2040 MHz, 6251 MHz, 0 %, 67
2026/10/09 04:36:55.682, 40.83 W, 2040 MHz, 6251 MHz, 0 %, 67
2026/10/09 04:36:56.182, 39.37 W, 1170 MHz, 6251 MHz, 53 %, 70
2026/10/09 04:36:56.682, 41.70 W, 2040 MHz, 6251 MHz, 0 %, 67
2026/10/09 04:36:57.182, 40.86 W, 2040 MHz, 6251 MHz, 0 %, 67
2026/10/09 04:36:57.682, 32.99 W, 2040 MHz, 6251 MHz, 0 %, 66
2026/10/09 04:36:58.183, 32.99 W, 2040 MHz, 6251 MHz, 0 %, 66
2026/10/09 04:36:58.683, 32.94 W, 2040 MHz, 6251 MHz, 0 %, 66
2026/10/09 04:36:59.183, 32.93 W, 2040 MHz, 6251 MHz, 0 %, 66
2026/10/09 04:36:59.683, 32.88 W, 2040 MHz, 6251 MHz, 0 %, 66
2026/10/09 04:37:00.183, 32.87 W, 2040 MHz, 6251 MHz, 0 %, 66
2026/10/09 04:37:00.683, 32.80 W, 2040 MHz, 6251 MHz, 0 %, 66
2026/10/09 04:37:01.183, 32.82 W, 2040 MHz, 6251 MHz, 0 %, 66
2026/10/09 04:37:01.684, 43.50 W, 1755 MHz, 6251 MHz, 100 %, 68
2026/10/09 04:37:02.184, 62.56 W, 1590 MHz, 6251 MHz, 100 %, 68
2026/10/09 04:37:02.684, 65.36 W, 1875 MHz, 6251 MHz, 38 %, 67
2026/10/09 04:37:03.184, 65.57 W, 1740 MHz, 6251 MHz, 100 %, 69
2026/10/09 04:37:03.684, 70.71 W, 1575 MHz, 6251 MHz, 100 %, 68
2026/10/09 04:37:04.184, 73.17 W, 1770 MHz, 6251 MHz, 100 %, 69
2026/10/09 04:37:04.684, 72.95 W, 1575 MHz, 6251 MHz, 100 %, 69
2026/10/09 04:37:05.185, 73.23 W, 1725 MHz, 6251 MHz, 100 %, 69
2026/10/09 04:37:05.685, 72.72 W, 1590 MHz, 6251 MHz, 100 %, 69
2026/10/09 04:37:06.185, 72.74 W, 1710 MHz, 6251 MHz, 100 %, 69
2026/10/09 04:37:06.685, 72.37 W, 1620 MHz, 6251 MHz, 100 %, 69
2026/10/09 04:37:07.185, 72.47 W, 1710 MHz, 6251 MHz, 100 %, 69
2026/10/09 04:37:07.685, 71.71 W, 1605 MHz, 6251 MHz, 100 %, 69
2026/10/09 04:37:08.186, 71.74 W, 1725 MHz, 6251 MHz, 100 %, 69
2026/10/09 04:37:08.686, 71.55 W, 1620 MHz, 6251 MHz, 100 %, 69
2026/10/09 04:37:09.186, 71.81 W, 1695 MHz, 6251 MHz, 100 %, 70
2026/10/09 04:37:09.686, 71.71 W, 1620 MHz, 6251 MHz, 100 %, 70
2026/10/09 04:37:10.186, 71.98 W, 1680 MHz, 6251 MHz, 100 %, 70
2026/10/09 04:37:10.686, 71.89 W, 1605 MHz, 6251 MHz, 100 %, 70
2026/10/09 04:37:11.187, 72.00 W, 1680 MHz, 6251 MHz, 100 %, 70
2026/10/09 04:37:11.687, 70.53 W, 1620 MHz, 6251 MHz, 100 %, 70
2026/10/09 04:37:12.187, 71.08 W, 1665 MHz, 6251 MHz, 100 %, 70
2026/10/09 04:37:12.687, 72.76 W, 1590 MHz, 6251 MHz, 100 %, 70
2026/10/09 04:37:13.187, 72.68 W, 1635 MHz, 6251 MHz, 100 %, 71
2026/10/09 04:37:13.687, 72.50 W, 1620 MHz, 6251 MHz, 100 %, 70
2026/10/09 04:37:14.188, 72.78 W, 1635 MHz, 6251 MHz, 100 %, 71
2026/10/09 04:37:14.688, 72.67 W, 1620 MHz, 6251 MHz, 100 %, 71
2026/10/09 04:37:15.188, 72.74 W, 1620 MHz, 6251 MHz, 100 %, 71
2026/10/09 04:37:15.688, 71.47 W, 1665 MHz, 6251 MHz, 95 %, 71
2026/10/09 04:37:16.188, 71.05 W, 1620 MHz, 6251 MHz, 100 %, 71
2026/10/09 04:37:16.688, 70.72 W, 1665 MHz, 6251 MHz, 100 %, 71
2026/10/09 04:37:17.188, 71.11 W, 1635 MHz, 6251 MHz, 100 %, 71
2026/10/09 04:37:17.689, 71.07 W, 1635 MHz, 6251 MHz, 100 %, 71
2026/10/09 04:37:18.189, 71.10 W, 1635 MHz, 6251 MHz, 100 %, 72
2026/10/09 04:37:18.689, 71.21 W, 1635 MHz, 6251 MHz, 100 %, 72
2026/10/09 04:37:19.189, 71.13 W, 1620 MHz, 6251 MHz, 100 %, 72
2026/10/09 04:37:19.689, 71.23 W, 1635 MHz, 6251 MHz, 100 %, 72
2026/10/09 04:37:20.189, 71.35 W, 1620 MHz, 6251 MHz, 100 %, 72
2026/10/09 04:37:20.690, 71.82 W, 1620 MHz, 6251 MHz, 100 %, 72
2026/10/09 04:37:21.190, 72.11 W, 1620 MHz, 6251 MHz, 100 %, 72
2026/10/09 04:37:21.690, 72.19 W, 1635 MHz, 6251 MHz, 100 %, 72
2026/10/09 04:37:22.190, 72.15 W, 1620 MHz, 6251 MHz, 100 %, 72
2026/10/09 04:37:22.690, 72.41 W, 1650 MHz, 6251 MHz, 100 %, 73
2026/10/09 04:37:23.190, 72.55 W, 1650 MHz, 6251 MHz, 100 %, 73
2026/10/09 04:37:23.690, 72.64 W, 1650 MHz, 6251 MHz, 100 %, 73
2026/10/09 04:37:24.191, 72.76 W, 1410 MHz, 6251 MHz, 91 %, 73
2026/10/09 04:37:24.691, 73.03 W, 1620 MHz, 6251 MHz, 100 %, 73
2026/10/09 04:37:25.191, 72.99 W, 1560 MHz, 6251 MHz, 100 %, 73
2026/10/09 04:37:25.691, 72.70 W, 1635 MHz, 6251 MHz, 100 %, 73
2026/10/09 04:37:26.191, 72.14 W, 1605 MHz, 6251 MHz, 100 %, 73
2026/10/09 04:37:26.691, 71.82 W, 1620 MHz, 6251 MHz, 100 %, 74
2026/10/09 04:37:27.192, 71.35 W, 1575 MHz, 6251 MHz, 100 %, 74
2026/10/09 04:37:27.692, 71.12 W, 1620 MHz, 6251 MHz, 100 %, 74
2026/10/09 04:37:28.192, 71.05 W, 1575 MHz, 6251 MHz, 100 %, 74
2026/10/09 04:37:28.692, 71.74 W, 1650 MHz, 6251 MHz, 100 %, 74
2026/10/09 04:37:29.192, 71.94 W, 1605 MHz, 6251 MHz, 100 %, 74
2026/10/09 04:37:29.692, 71.91 W, 1650 MHz, 6251 MHz, 100 %, 74
2026/10/09 04:37:30.192, 71.87 W, 1575 MHz, 6251 MHz, 100 %, 74
2026/10/09 04:37:30.693, 72.09 W, 1635 MHz, 6251 MHz, 100 %, 75
2026/10/09 04:37:31.193, 72.05 W, 1575 MHz, 6251 MHz, 100 %, 75
2026/10/09 04:37:31.693, 72.43 W, 1620 MHz, 6251 MHz, 100 %, 75
2026/10/09 04:37:32.193, 72.47 W, 1590 MHz, 6251 MHz, 100 %, 75
2026/10/09 04:37:32.693, 72.69 W, 1605 MHz, 6251 MHz, 100 %, 75
2026/10/09 04:37:33.193, 73.65 W, 1590 MHz, 6251 MHz, 100 %, 75
2026/10/09 04:37:33.694, 73.67 W, 1605 MHz, 6251 MHz, 100 %, 75
2026/10/09 04:37:34.194, 72.92 W, 1605 MHz, 6251 MHz, 100 %, 75
2026/10/09 04:37:34.694, 73.04 W, 1605 MHz, 6251 MHz, 100 %, 75
2026/10/09 04:37:35.194, 72.79 W, 1605 MHz, 6251 MHz, 100 %, 75
2026/10/09 04:37:35.694, 72.36 W, 1575 MHz, 6251 MHz, 100 %, 76
2026/10/09 04:37:36.194, 71.73 W, 1575 MHz, 6251 MHz, 100 %, 76
2026/10/09 04:37:36.694, 71.14 W, 1605 MHz, 6251 MHz, 100 %, 76
2026/10/09 04:37:37.195, 71.41 W, 1530 MHz, 6251 MHz, 100 %, 77
2026/10/09 04:37:37.695, 71.91 W, 1605 MHz, 6251 MHz, 100 %, 76
2026/10/09 04:37:38.195, 71.51 W, 1590 MHz, 6251 MHz, 100 %, 76
2026/10/09 04:37:38.695, 71.86 W, 1605 MHz, 6251 MHz, 100 %, 76
2026/10/09 04:37:39.195, 71.89 W, 1590 MHz, 6251 MHz, 100 %, 76
2026/10/09 04:37:39.695, 72.05 W, 1560 MHz, 6251 MHz, 100 %, 76
2026/10/09 04:37:40.195, 72.36 W, 1575 MHz, 6251 MHz, 100 %, 76
2026/10/09 04:37:40.696, 72.44 W, 1590 MHz, 6251 MHz, 100 %, 76
2026/10/09 04:37:41.196, 72.59 W, 1575 MHz, 6251 MHz, 100 %, 76
2026/10/09 04:37:41.696, 70.75 W, 1620 MHz, 6251 MHz, 100 %, 76
2026/10/09 04:37:42.196, 70.89 W, 1590 MHz, 6251 MHz, 100 %, 76
2026/10/09 04:37:42.696, 72.37 W, 1620 MHz, 6251 MHz, 100 %, 76
2026/10/09 04:37:43.196, 71.67 W, 1605 MHz, 6251 MHz, 100 %, 76
2026/10/09 04:37:43.697, 71.25 W, 1590 MHz, 6251 MHz, 100 %, 76
2026/10/09 04:37:44.197, 70.98 W, 1590 MHz, 6251 MHz, 100 %, 76
2026/10/09 04:37:44.697, 71.19 W, 1605 MHz, 6251 MHz, 100 %, 76
2026/10/09 04:37:45.197, 71.21 W, 1575 MHz, 6251 MHz, 100 %, 76
2026/10/09 04:37:45.697, 71.27 W, 1800 MHz, 6251 MHz, 100 %, 77
2026/10/09 04:37:46.197, 71.60 W, 1575 MHz, 6251 MHz, 100 %, 77
2026/10/09 04:37:46.698, 71.99 W, 1560 MHz, 6251 MHz, 100 %, 76
2026/10/09 04:37:47.198, 72.33 W, 1575 MHz, 6251 MHz, 100 %, 77
2026/10/09 04:37:47.698, 72.47 W, 1560 MHz, 6251 MHz, 100 %, 77
2026/10/09 04:37:48.198, 72.36 W, 1590 MHz, 6251 MHz, 100 %, 77
2026/10/09 04:37:48.698, 72.47 W, 1575 MHz, 6251 MHz, 100 %, 77
2026/10/09 04:37:49.198, 72.65 W, 1605 MHz, 6251 MHz, 100 %, 77
2026/10/09 04:37:49.698, 72.80 W, 1560 MHz, 6251 MHz, 100 %, 77
2026/10/09 04:37:50.199, 73.00 W, 1575 MHz, 6251 MHz, 100 %, 77
2026/10/09 04:37:50.699, 72.28 W, 1560 MHz, 6251 MHz, 100 %, 77
2026/10/09 04:37:51.199, 71.13 W, 1590 MHz, 6251 MHz, 100 %, 77
2026/10/09 04:37:51.699, 71.18 W, 1560 MHz, 6251 MHz, 100 %, 77
2026/10/09 04:37:52.199, 71.39 W, 1575 MHz, 6251 MHz, 100 %, 77
2026/10/09 04:37:52.699, 71.51 W, 1575 MHz, 6251 MHz, 100 %, 78
2026/10/09 04:37:53.199, 71.71 W, 1605 MHz, 6251 MHz, 100 %, 78
2026/10/09 04:37:53.700, 71.87 W, 1575 MHz, 6251 MHz, 100 %, 78
2026/10/09 04:37:54.200, 72.11 W, 1590 MHz, 6251 MHz, 100 %, 78
2026/10/09 04:37:54.700, 73.37 W, 1575 MHz, 6251 MHz, 100 %, 78
2026/10/09 04:37:55.200, 73.80 W, 1545 MHz, 6251 MHz, 100 %, 78
2026/10/09 04:37:55.700, 72.94 W, 1575 MHz, 6251 MHz, 100 %, 78
2026/10/09 04:37:56.200, 72.81 W, 1575 MHz, 6251 MHz, 100 %, 78
2026/10/09 04:37:56.701, 72.59 W, 1575 MHz, 6251 MHz, 100 %, 78
2026/10/09 04:37:57.201, 72.04 W, 1560 MHz, 6251 MHz, 100 %, 79
2026/10/09 04:37:57.701, 71.38 W, 1575 MHz, 6251 MHz, 100 %, 79
2026/10/09 04:37:58.201, 71.21 W, 1560 MHz, 6251 MHz, 100 %, 79
2026/10/09 04:37:58.701, 71.24 W, 1560 MHz, 6251 MHz, 100 %, 79
2026/10/09 04:37:59.201, 62.78 W, 1605 MHz, 6251 MHz, 62 %, 79
2026/10/09 04:37:59.702, 63.68 W, 1620 MHz, 6251 MHz, 100 %, 79
2026/10/09 04:38:00.202, 71.59 W, 1545 MHz, 6251 MHz, 100 %, 79
2026/10/09 04:38:00.702, 71.79 W, 1620 MHz, 6251 MHz, 100 %, 79
2026/10/09 04:38:01.202, 72.01 W, 1575 MHz, 6251 MHz, 100 %, 79
2026/10/09 04:38:01.702, 72.20 W, 1575 MHz, 6251 MHz, 100 %, 80
2026/10/09 04:38:02.202, 71.68 W, 1545 MHz, 6251 MHz, 100 %, 80
2026/10/09 04:38:02.702, 71.66 W, 1515 MHz, 6251 MHz, 100 %, 80
2026/10/09 04:38:03.203, 71.80 W, 1560 MHz, 6251 MHz, 100 %, 80
2026/10/09 04:38:03.703, 72.10 W, 1440 MHz, 6251 MHz, 100 %, 80
2026/10/09 04:38:04.203, 72.08 W, 1440 MHz, 6251 MHz, 100 %, 80
2026/10/09 04:38:04.703, 72.00 W, 1515 MHz, 6251 MHz, 100 %, 80
2026/10/09 04:38:05.203, 71.87 W, 1545 MHz, 6251 MHz, 100 %, 80
2026/10/09 04:38:05.703, 72.34 W, 1500 MHz, 6251 MHz, 100 %, 81
2026/10/09 04:38:06.203, 72.12 W, 1560 MHz, 6251 MHz, 100 %, 81
2026/10/09 04:38:06.704, 72.27 W, 1545 MHz, 6251 MHz, 100 %, 81
2026/10/09 04:38:07.204, 72.04 W, 1530 MHz, 6251 MHz, 100 %, 81
2026/10/09 04:38:07.704, 71.93 W, 1530 MHz, 6251 MHz, 100 %, 81
2026/10/09 04:38:08.204, 71.49 W, 1575 MHz, 6251 MHz, 100 %, 81
2026/10/09 04:38:08.704, 71.51 W, 1545 MHz, 6251 MHz, 100 %, 81
2026/10/09 04:38:09.204, 72.31 W, 1575 MHz, 6251 MHz, 100 %, 81
2026/10/09 04:38:09.705, 72.34 W, 1515 MHz, 6251 MHz, 100 %, 82
2026/10/09 04:38:10.205, 72.23 W, 1545 MHz, 6251 MHz, 100 %, 82
2026/10/09 04:38:10.705, 72.24 W, 1545 MHz, 6251 MHz, 100 %, 82
2026/10/09 04:38:11.205, 72.16 W, 1545 MHz, 6251 MHz, 100 %, 82
2026/10/09 04:38:11.705, 72.75 W, 1530 MHz, 6251 MHz, 100 %, 82
2026/10/09 04:38:12.205, 72.70 W, 1545 MHz, 6251 MHz, 100 %, 82
2026/10/09 04:38:12.706, 72.13 W, 1575 MHz, 6251 MHz, 100 %, 82
2026/10/09 04:38:13.206, 72.07 W, 1530 MHz, 6251 MHz, 100 %, 82
2026/10/09 04:38:13.706, 72.66 W, 1410 MHz, 6251 MHz, 100 %, 82
2026/10/09 04:38:14.206, 72.50 W, 1545 MHz, 6251 MHz, 100 %, 82
2026/10/09 04:38:14.706, 72.04 W, 1275 MHz, 6251 MHz, 100 %, 83
2026/10/09 04:38:15.206, 71.21 W, 1470 MHz, 6251 MHz, 100 %, 82
2026/10/09 04:38:15.707, 70.98 W, 1350 MHz, 6251 MHz, 100 %, 82
2026/10/09 04:38:16.207, 72.59 W, 1140 MHz, 6251 MHz, 100 %, 83
2026/10/09 04:38:16.707, 72.53 W, 1425 MHz, 6251 MHz, 100 %, 82
2026/10/09 04:38:17.207, 73.17 W, 1245 MHz, 6251 MHz, 100 %, 83
2026/10/09 04:38:17.707, 72.11 W, 1275 MHz, 6251 MHz, 100 %, 83
2026/10/09 04:38:18.207, 71.90 W, 1215 MHz, 6251 MHz, 100 %, 82
2026/10/09 04:38:18.707, 71.72 W, 1395 MHz, 6251 MHz, 100 %, 82
2026/10/09 04:38:19.208, 71.95 W, 1395 MHz, 6251 MHz, 100 %, 82
2026/10/09 04:38:19.708, 71.34 W, 1470 MHz, 6251 MHz, 100 %, 82
2026/10/09 04:38:20.208, 71.13 W, 1455 MHz, 6251 MHz, 100 %, 82
2026/10/09 04:38:20.708, 71.79 W, 1455 MHz, 6251 MHz, 100 %, 82
2026/10/09 04:38:21.208, 71.96 W, 1470 MHz, 6251 MHz, 100 %, 82
2026/10/09 04:38:21.708, 71.93 W, 1470 MHz, 6251 MHz, 100 %, 82
2026/10/09 04:38:22.209, 71.64 W, 1500 MHz, 6251 MHz, 100 %, 82
2026/10/09 04:38:22.709, 71.25 W, 1545 MHz, 6251 MHz, 100 %, 82
2026/10/09 04:38:23.209, 71.31 W, 1470 MHz, 6251 MHz, 100 %, 82
2026/10/09 04:38:23.709, 72.61 W, 1335 MHz, 6251 MHz, 100 %, 82
2026/10/09 04:38:24.209, 72.69 W, 1500 MHz, 6251 MHz, 100 %, 82
2026/10/09 04:38:24.709, 72.50 W, 1560 MHz, 6251 MHz, 100 %, 82
2026/10/09 04:38:25.210, 72.26 W, 1515 MHz, 6251 MHz, 100 %, 82
2026/10/09 04:38:25.710, 71.86 W, 1455 MHz, 6251 MHz, 100 %, 82
2026/10/09 04:38:26.210, 72.11 W, 1500 MHz, 6251 MHz, 100 %, 83
2026/10/09 04:38:26.710, 72.55 W, 1545 MHz, 6251 MHz, 100 %, 82
2026/10/09 04:38:27.210, 71.74 W, 1560 MHz, 6251 MHz, 100 %, 82
2026/10/09 04:38:27.710, 71.19 W, 1575 MHz, 6251 MHz, 100 %, 82
2026/10/09 04:38:28.210, 71.68 W, 1560 MHz, 6251 MHz, 100 %, 82
2026/10/09 04:38:28.711, 71.29 W, 1545 MHz, 6251 MHz, 100 %, 81
2026/10/09 04:38:29.211, 71.71 W, 1560 MHz, 6251 MHz, 100 %, 82
2026/10/09 04:38:29.711, 72.37 W, 1110 MHz, 6251 MHz, 100 %, 82
2026/10/09 04:38:30.211, 71.16 W, 1140 MHz, 6251 MHz, 100 %, 82
2026/10/09 04:38:30.711, 71.00 W, 1440 MHz, 6251 MHz, 100 %, 81
2026/10/09 04:38:31.211, 71.14 W, 1500 MHz, 6251 MHz, 100 %, 80
2026/10/09 04:38:31.711, 71.76 W, 1470 MHz, 6251 MHz, 100 %, 80
2026/10/09 04:38:32.212, 71.42 W, 1515 MHz, 6251 MHz, 100 %, 80
2026/10/09 04:38:32.712, 70.91 W, 1515 MHz, 6251 MHz, 100 %, 80
2026/10/09 04:38:33.212, 71.94 W, 1185 MHz, 6251 MHz, 100 %, 80
2026/10/09 04:38:33.712, 71.33 W, 1185 MHz, 6251 MHz, 100 %, 80
2026/10/09 04:38:34.212, 72.20 W, 1425 MHz, 6251 MHz, 100 %, 79
2026/10/09 04:38:34.712, 72.38 W, 1425 MHz, 6251 MHz, 100 %, 79
2026/10/09 04:38:35.213, 71.88 W, 1080 MHz, 6251 MHz, 100 %, 80
2026/10/09 04:38:35.713, 72.42 W, 1155 MHz, 6251 MHz, 100 %, 79
2026/10/09 04:38:36.213, 72.18 W, 1500 MHz, 6251 MHz, 100 %, 78
2026/10/09 04:38:36.713, 72.54 W, 1395 MHz, 6251 MHz, 100 %, 78
2026/10/09 04:38:37.213, 72.50 W, 1500 MHz, 6251 MHz, 100 %, 78
2026/10/09 04:38:37.713, 72.34 W, 1530 MHz, 6251 MHz, 100 %, 78
2026/10/09 04:38:38.213, 71.34 W, 1530 MHz, 6251 MHz, 100 %, 77
2026/10/09 04:38:38.714, 71.59 W, 1545 MHz, 6251 MHz, 100 %, 78
2026/10/09 04:38:39.214, 72.14 W, 1605 MHz, 6251 MHz, 100 %, 77
2026/10/09 04:38:39.714, 71.55 W, 1290 MHz, 6251 MHz, 100 %, 78
2026/10/09 04:38:40.214, 72.12 W, 1560 MHz, 6251 MHz, 100 %, 77
2026/10/09 04:38:40.714, 72.10 W, 1545 MHz, 6251 MHz, 100 %, 77
2026/10/09 04:38:41.214, 71.38 W, 1590 MHz, 6251 MHz, 100 %, 76
2026/10/09 04:38:41.715, 71.93 W, 1545 MHz, 6251 MHz, 100 %, 77
2026/10/09 04:38:42.215, 71.59 W, 1485 MHz, 6251 MHz, 100 %, 77
2026/10/09 04:38:42.715, 71.33 W, 1545 MHz, 6251 MHz, 100 %, 76
2026/10/09 04:38:43.215, 71.46 W, 1500 MHz, 6251 MHz, 100 %, 76
2026/10/09 04:38:43.715, 72.10 W, 1620 MHz, 6251 MHz, 100 %, 76
2026/10/09 04:38:44.216, 71.82 W, 1560 MHz, 6251 MHz, 100 %, 76
2026/10/09 04:38:44.716, 72.32 W, 1605 MHz, 6251 MHz, 100 %, 76
2026/10/09 04:38:45.216, 72.11 W, 1530 MHz, 6251 MHz, 100 %, 76
2026/10/09 04:38:45.716, 72.12 W, 1620 MHz, 6251 MHz, 100 %, 76
2026/10/09 04:38:46.216, 71.54 W, 1545 MHz, 6251 MHz, 100 %, 75
2026/10/09 04:38:46.716, 72.01 W, 1635 MHz, 6251 MHz, 100 %, 76
2026/10/09 04:38:47.217, 72.30 W, 1545 MHz, 6251 MHz, 100 %, 75
2026/10/09 04:38:47.717, 72.83 W, 1605 MHz, 6251 MHz, 100 %, 75
2026/10/09 04:38:48.217, 72.73 W, 1575 MHz, 6251 MHz, 100 %, 75
2026/10/09 04:38:48.717, 72.76 W, 1605 MHz, 6251 MHz, 100 %, 75
2026/10/09 04:38:49.217, 72.81 W, 1575 MHz, 6251 MHz, 100 %, 75
2026/10/09 04:38:49.717, 61.23 W, 2025 MHz, 6251 MHz, 0 %, 73
2026/10/09 04:38:50.218, 43.76 W, 2040 MHz, 6251 MHz, 0 %, 72
2026/10/09 04:38:50.718, 34.72 W, 2040 MHz, 6251 MHz, 0 %, 72
2026/10/09 04:38:51.218, 34.67 W, 2040 MHz, 6251 MHz, 0 %, 72
2026/10/09 04:38:51.718, 34.57 W, 2040 MHz, 6251 MHz, 0 %, 71
2026/10/09 04:38:52.218, 34.45 W, 2040 MHz, 6251 MHz, 0 %, 71
2026/10/09 04:38:52.718, 45.23 W, 1470 MHz, 6251 MHz, 100 %, 73
2026/10/09 04:38:53.218, 63.57 W, 1275 MHz, 6251 MHz, 100 %, 74
2026/10/09 04:38:53.719, 70.98 W, 1380 MHz, 6251 MHz, 100 %, 73
2026/10/09 04:38:54.219, 72.39 W, 1140 MHz, 6251 MHz, 100 %, 74
2026/10/09 04:38:54.719, 73.10 W, 1140 MHz, 6251 MHz, 100 %, 74
2026/10/09 04:38:55.219, 72.82 W, 1185 MHz, 6251 MHz, 100 %, 74
2026/10/09 04:38:55.719, 72.70 W, 1440 MHz, 6251 MHz, 100 %, 74
2026/10/09 04:38:56.219, 72.59 W, 1170 MHz, 6251 MHz, 100 %, 74
2026/10/09 04:38:56.719, 71.78 W, 1485 MHz, 6251 MHz, 100 %, 74
2026/10/09 04:38:57.220, 72.31 W, 1200 MHz, 6251 MHz, 100 %, 74
2026/10/09 04:38:57.720, 72.34 W, 1395 MHz, 6251 MHz, 100 %, 74
2026/10/09 04:38:58.220, 71.92 W, 1245 MHz, 6251 MHz, 100 %, 74
2026/10/09 04:38:58.720, 72.24 W, 1395 MHz, 6251 MHz, 100 %, 74
2026/10/09 04:38:59.220, 71.37 W, 1200 MHz, 6251 MHz, 100 %, 74
2026/10/09 04:38:59.720, 70.98 W, 1350 MHz, 6251 MHz, 100 %, 74
2026/10/09 04:39:00.220, 71.58 W, 1245 MHz, 6251 MHz, 100 %, 74
2026/10/09 04:39:00.721, 72.21 W, 1200 MHz, 6251 MHz, 100 %, 74
2026/10/09 04:39:01.221, 71.95 W, 1380 MHz, 6251 MHz, 100 %, 74
2026/10/09 04:39:01.721, 72.08 W, 1290 MHz, 6251 MHz, 100 %, 73
2026/10/09 04:39:02.221, 72.40 W, 1140 MHz, 6251 MHz, 100 %, 74
2026/10/09 04:39:02.721, 72.35 W, 1125 MHz, 6251 MHz, 100 %, 74
2026/10/09 04:39:03.221, 71.91 W, 1170 MHz, 6251 MHz, 100 %, 74
2026/10/09 04:39:03.722, 71.92 W, 1095 MHz, 6251 MHz, 100 %, 74
2026/10/09 04:39:04.222, 71.99 W, 1110 MHz, 6251 MHz, 100 %, 74
2026/10/09 04:39:04.722, 71.78 W, 1140 MHz, 6251 MHz, 100 %, 74
2026/10/09 04:39:05.222, 71.72 W, 1245 MHz, 6251 MHz, 100 %, 74
2026/10/09 04:39:05.722, 71.86 W, 1170 MHz, 6251 MHz, 100 %, 74
2026/10/09 04:39:06.223, 71.92 W, 1230 MHz, 6251 MHz, 100 %, 74
2026/10/09 04:39:06.723, 72.05 W, 1350 MHz, 6251 MHz, 100 %, 74
2026/10/09 04:39:07.223, 72.31 W, 1170 MHz, 6251 MHz, 100 %, 74
2026/10/09 04:39:07.723, 72.43 W, 1230 MHz, 6251 MHz, 100 %, 74
2026/10/09 04:39:08.223, 72.31 W, 1215 MHz, 6251 MHz, 100 %, 74
2026/10/09 04:39:08.723, 71.97 W, 1230 MHz, 6251 MHz, 100 %, 74
2026/10/09 04:39:09.224, 72.10 W, 1200 MHz, 6251 MHz, 100 %, 74
2026/10/09 04:39:09.724, 71.78 W, 1230 MHz, 6251 MHz, 100 %, 75
2026/10/09 04:39:10.224, 71.88 W, 1200 MHz, 6251 MHz, 100 %, 74
2026/10/09 04:39:10.724, 72.50 W, 1170 MHz, 6251 MHz, 100 %, 75
2026/10/09 04:39:11.224, 72.39 W, 1200 MHz, 6251 MHz, 100 %, 74
2026/10/09 04:39:11.725, 72.78 W, 1215 MHz, 6251 MHz, 100 %, 75
2026/10/09 04:39:12.225, 72.41 W, 1200 MHz, 6251 MHz, 100 %, 74
2026/10/09 04:39:12.725, 72.31 W, 1140 MHz, 6251 MHz, 100 %, 75
2026/10/09 04:39:13.225, 71.45 W, 1155 MHz, 6251 MHz, 100 %, 75
2026/10/09 04:39:13.725, 71.29 W, 1185 MHz, 6251 MHz, 100 %, 75
2026/10/09 04:39:14.226, 72.18 W, 1140 MHz, 6251 MHz, 100 %, 75
2026/10/09 04:39:14.726, 72.21 W, 1215 MHz, 6251 MHz, 100 %, 75
2026/10/09 04:39:15.226, 71.93 W, 1170 MHz, 6251 MHz, 100 %, 75
2026/10/09 04:39:15.726, 71.78 W, 1170 MHz, 6251 MHz, 100 %, 75
2026/10/09 04:39:16.226, 71.81 W, 1185 MHz, 6251 MHz, 100 %, 75
2026/10/09 04:39:16.727, 71.88 W, 1140 MHz, 6251 MHz, 100 %, 75
2026/10/09 04:39:17.227, 71.72 W, 1065 MHz, 6251 MHz, 100 %, 75
2026/10/09 04:39:17.727, 71.64 W, 1065 MHz, 6251 MHz, 100 %, 75
2026/10/09 04:39:18.227, 72.01 W, 1065 MHz, 6251 MHz, 100 %, 75
2026/10/09 04:39:18.727, 72.21 W, 1035 MHz, 6251 MHz, 100 %, 75
2026/10/09 04:39:19.227, 72.07 W, 1125 MHz, 6251 MHz, 100 %, 75
2026/10/09 04:39:19.728, 71.97 W, 1050 MHz, 6251 MHz, 100 %, 75
2026/10/09 04:39:20.228, 71.64 W, 1095 MHz, 6251 MHz, 100 %, 75
2026/10/09 04:39:20.728, 71.77 W, 1125 MHz, 6251 MHz, 100 %, 76
2026/10/09 04:39:21.228, 71.49 W, 1095 MHz, 6251 MHz, 100 %, 75
2026/10/09 04:39:21.729, 72.44 W, 1035 MHz, 6251 MHz, 100 %, 76
2026/10/09 04:39:22.229, 72.28 W, 1065 MHz, 6251 MHz, 100 %, 76
2026/10/09 04:39:22.729, 72.21 W, 1125 MHz, 6251 MHz, 100 %, 76
2026/10/09 04:39:23.229, 71.89 W, 1050 MHz, 6251 MHz, 100 %, 76
2026/10/09 04:39:23.729, 71.86 W, 1110 MHz, 6251 MHz, 100 %, 76
2026/10/09 04:39:24.229, 72.32 W, 960 MHz, 6251 MHz, 100 %, 76
2026/10/09 04:39:24.730, 72.37 W, 1110 MHz, 6251 MHz, 100 %, 76
2026/10/09 04:39:25.230, 72.14 W, 1065 MHz, 6251 MHz, 100 %, 76
2026/10/09 04:39:25.730, 71.65 W, 1140 MHz, 6251 MHz, 100 %, 76
2026/10/09 04:39:26.230, 71.60 W, 1080 MHz, 6251 MHz, 100 %, 76
2026/10/09 04:39:26.730, 71.55 W, 1065 MHz, 6251 MHz, 100 %, 76
2026/10/09 04:39:27.230, 71.95 W, 1050 MHz, 6251 MHz, 100 %, 76
2026/10/09 04:39:27.731, 72.10 W, 1005 MHz, 6251 MHz, 100 %, 76
2026/10/09 04:39:28.231, 72.29 W, 1080 MHz, 6251 MHz, 100 %, 76
2026/10/09 04:39:28.731, 71.36 W, 1095 MHz, 6251 MHz, 100 %, 76
2026/10/09 04:39:29.231, 71.61 W, 930 MHz, 6251 MHz, 100 %, 77
2026/10/09 04:39:29.731, 72.52 W, 1020 MHz, 6251 MHz, 100 %, 77
2026/10/09 04:39:30.231, 72.51 W, 930 MHz, 6251 MHz, 100 %, 77
2026/10/09 04:39:30.732, 72.03 W, 990 MHz, 6251 MHz, 100 %, 77
2026/10/09 04:39:31.232, 71.49 W, 1050 MHz, 6251 MHz, 100 %, 77
2026/10/09 04:39:31.732, 71.94 W, 930 MHz, 6251 MHz, 100 %, 77
2026/10/09 04:39:32.232, 71.60 W, 1005 MHz, 6251 MHz, 100 %, 77
2026/10/09 04:39:32.732, 72.13 W, 975 MHz, 6251 MHz, 100 %, 77
2026/10/09 04:39:33.232, 72.47 W, 975 MHz, 6251 MHz, 100 %, 77
2026/10/09 04:39:33.733, 72.12 W, 1140 MHz, 6251 MHz, 100 %, 77
2026/10/09 04:39:34.233, 72.14 W, 1155 MHz, 6251 MHz, 100 %, 77
2026/10/09 04:39:34.733, 72.18 W, 1155 MHz, 6251 MHz, 100 %, 77
2026/10/09 04:39:35.233, 71.95 W, 1125 MHz, 6251 MHz, 100 %, 77
2026/10/09 04:39:35.733, 72.01 W, 1110 MHz, 6251 MHz, 100 %, 78
2026/10/09 04:39:36.233, 71.73 W, 1155 MHz, 6251 MHz, 100 %, 77
2026/10/09 04:39:36.733, 71.90 W, 1035 MHz, 6251 MHz, 100 %, 78
2026/10/09 04:39:37.234, 72.01 W, 1155 MHz, 6251 MHz, 100 %, 77
2026/10/09 04:39:37.734, 72.21 W, 1185 MHz, 6251 MHz, 100 %, 77
2026/10/09 04:39:38.234, 71.98 W, 1215 MHz, 6251 MHz, 100 %, 78
2026/10/09 04:39:38.734, 72.18 W, 1005 MHz, 6251 MHz, 100 %, 78
2026/10/09 04:39:39.234, 72.32 W, 1125 MHz, 6251 MHz, 100 %, 78
2026/10/09 04:39:39.735, 72.19 W, 1125 MHz, 6251 MHz, 100 %, 78
2026/10/09 04:39:40.235, 72.05 W, 1005 MHz, 6251 MHz, 100 %, 79
2026/10/09 04:39:40.735, 71.79 W, 1005 MHz, 6251 MHz, 100 %, 79
2026/10/09 04:39:41.235, 71.90 W, 1080 MHz, 6251 MHz, 100 %, 79
2026/10/09 04:39:41.735, 71.75 W, 975 MHz, 6251 MHz, 100 %, 79
2026/10/09 04:39:42.235, 72.02 W, 1065 MHz, 6251 MHz, 100 %, 79
2026/10/09 04:39:42.736, 71.53 W, 930 MHz, 6251 MHz, 100 %, 79
2026/10/09 04:39:43.236, 71.03 W, 960 MHz, 6251 MHz, 100 %, 79
2026/10/09 04:39:43.736, 71.22 W, 1050 MHz, 6251 MHz, 100 %, 79
2026/10/09 04:39:44.236, 71.81 W, 1035 MHz, 6251 MHz, 100 %, 79
2026/10/09 04:39:44.736, 72.17 W, 1020 MHz, 6251 MHz, 100 %, 79
2026/10/09 04:39:45.237, 71.75 W, 1110 MHz, 6251 MHz, 100 %, 80
2026/10/09 04:39:45.737, 71.81 W, 1170 MHz, 6251 MHz, 100 %, 79
2026/10/09 04:39:46.237, 71.88 W, 1155 MHz, 6251 MHz, 100 %, 80
2026/10/09 04:39:46.737, 71.48 W, 1185 MHz, 6251 MHz, 100 %, 80
2026/10/09 04:39:47.237, 72.00 W, 1080 MHz, 6251 MHz, 100 %, 80
2026/10/09 04:39:47.738, 72.07 W, 1095 MHz, 6251 MHz, 100 %, 80
2026/10/09 04:39:48.238, 72.08 W, 1095 MHz, 6251 MHz, 100 %, 80
2026/10/09 04:39:48.738, 72.24 W, 1065 MHz, 6251 MHz, 100 %, 80
2026/10/09 04:39:49.238, 72.23 W, 1035 MHz, 6251 MHz, 100 %, 81
2026/10/09 04:39:49.738, 72.13 W, 1035 MHz, 6251 MHz, 100 %, 81
2026/10/09 04:39:50.238, 71.98 W, 1020 MHz, 6251 MHz, 100 %, 81
2026/10/09 04:39:50.739, 72.32 W, 1080 MHz, 6251 MHz, 100 %, 81
2026/10/09 04:39:51.239, 72.02 W, 1065 MHz, 6251 MHz, 100 %, 81
2026/10/09 04:39:51.739, 72.34 W, 990 MHz, 6251 MHz, 100 %, 81
2026/10/09 04:39:52.239, 72.36 W, 1035 MHz, 6251 MHz, 100 %, 81
2026/10/09 04:39:52.739, 71.91 W, 1035 MHz, 6251 MHz, 100 %, 81
2026/10/09 04:39:53.240, 71.88 W, 990 MHz, 6251 MHz, 100 %, 82
2026/10/09 04:39:53.740, 71.82 W, 1020 MHz, 6251 MHz, 100 %, 81
2026/10/09 04:39:54.240, 71.65 W, 975 MHz, 6251 MHz, 100 %, 82
2026/10/09 04:39:54.740, 71.42 W, 1155 MHz, 6251 MHz, 100 %, 81
2026/10/09 04:39:55.240, 71.61 W, 1020 MHz, 6251 MHz, 100 %, 82
2026/10/09 04:39:55.741, 71.67 W, 1065 MHz, 6251 MHz, 100 %, 82
2026/10/09 04:39:56.241, 71.97 W, 990 MHz, 6251 MHz, 100 %, 82
2026/10/09 04:39:56.741, 72.62 W, 1035 MHz, 6251 MHz, 100 %, 82
2026/10/09 04:39:57.241, 72.50 W, 990 MHz, 6251 MHz, 100 %, 83
2026/10/09 04:39:57.741, 72.58 W, 1050 MHz, 6251 MHz, 100 %, 83
2026/10/09 04:39:58.241, 72.20 W, 990 MHz, 6251 MHz, 100 %, 83
2026/10/09 04:39:58.742, 71.63 W, 990 MHz, 6251 MHz, 100 %, 83
2026/10/09 04:39:59.242, 72.27 W, 960 MHz, 6251 MHz, 100 %, 83
2026/10/09 04:39:59.742, 72.55 W, 975 MHz, 6251 MHz, 100 %, 84
2026/10/09 04:40:00.242, 71.52 W, 825 MHz, 6251 MHz, 100 %, 84
2026/10/09 04:40:00.742, 71.00 W, 1050 MHz, 6251 MHz, 100 %, 84
2026/10/09 04:40:01.242, 70.75 W, 1050 MHz, 6251 MHz, 100 %, 84
2026/10/09 04:40:01.743, 70.63 W, 1050 MHz, 6251 MHz, 100 %, 84
2026/10/09 04:40:02.243, 70.53 W, 1020 MHz, 6251 MHz, 100 %, 84
2026/10/09 04:40:02.743, 70.09 W, 1050 MHz, 6251 MHz, 100 %, 84
2026/10/09 04:40:03.243, 70.19 W, 975 MHz, 6251 MHz, 100 %, 85
2026/10/09 04:40:03.743, 70.47 W, 1080 MHz, 6251 MHz, 100 %, 84
2026/10/09 04:40:04.243, 70.82 W, 945 MHz, 6251 MHz, 100 %, 84
2026/10/09 04:40:04.744, 71.73 W, 1050 MHz, 6251 MHz, 100 %, 84
2026/10/09 04:40:05.244, 71.50 W, 1020 MHz, 6251 MHz, 100 %, 84
2026/10/09 04:40:05.744, 70.20 W, 1065 MHz, 6251 MHz, 100 %, 84
2026/10/09 04:40:06.244, 70.60 W, 975 MHz, 6251 MHz, 100 %, 84
2026/10/09 04:40:06.744, 72.16 W, 1035 MHz, 6251 MHz, 100 %, 84
2026/10/09 04:40:07.244, 72.26 W, 930 MHz, 6251 MHz, 100 %, 84
2026/10/09 04:40:07.745, 72.99 W, 990 MHz, 6251 MHz, 100 %, 84
2026/10/09 04:40:08.245, 72.56 W, 1005 MHz, 6251 MHz, 100 %, 84
2026/10/09 04:40:08.745, 72.84 W, 960 MHz, 6251 MHz, 100 %, 83
2026/10/09 04:40:09.245, 73.00 W, 1080 MHz, 6251 MHz, 100 %, 83
2026/10/09 04:40:09.745, 71.30 W, 1035 MHz, 6251 MHz, 100 %, 83
2026/10/09 04:40:10.245, 70.96 W, 1005 MHz, 6251 MHz, 100 %, 83
2026/10/09 04:40:10.745, 72.75 W, 975 MHz, 6251 MHz, 100 %, 83
2026/10/09 04:40:11.246, 72.62 W, 1020 MHz, 6251 MHz, 100 %, 83
2026/10/09 04:40:11.746, 72.52 W, 1050 MHz, 6251 MHz, 100 %, 83
2026/10/09 04:40:12.246, 72.05 W, 1005 MHz, 6251 MHz, 100 %, 83
2026/10/09 04:40:12.746, 71.89 W, 1065 MHz, 6251 MHz, 100 %, 82
2026/10/09 04:40:13.246, 71.64 W, 1095 MHz, 6251 MHz, 100 %, 82
2026/10/09 04:40:13.746, 71.71 W, 1275 MHz, 6251 MHz, 100 %, 81
2026/10/09 04:40:14.247, 71.82 W, 1230 MHz, 6251 MHz, 100 %, 81
2026/10/09 04:40:14.747, 71.93 W, 1275 MHz, 6251 MHz, 100 %, 81
2026/10/09 04:40:15.247, 71.88 W, 1260 MHz, 6251 MHz, 100 %, 81
2026/10/09 04:40:15.747, 72.27 W, 1275 MHz, 6251 MHz, 100 %, 81
2026/10/09 04:40:16.247, 72.02 W, 1290 MHz, 6251 MHz, 100 %, 81
2026/10/09 04:40:16.747, 72.17 W, 1275 MHz, 6251 MHz, 100 %, 80
2026/10/09 04:40:17.248, 72.04 W, 1275 MHz, 6251 MHz, 100 %, 80
2026/10/09 04:40:17.748, 71.39 W, 1320 MHz, 6251 MHz, 100 %, 80
2026/10/09 04:40:18.248, 71.59 W, 1320 MHz, 6251 MHz, 100 %, 80
2026/10/09 04:40:18.748, 71.81 W, 1380 MHz, 6251 MHz, 100 %, 80
2026/10/09 04:40:19.248, 72.09 W, 1350 MHz, 6251 MHz, 100 %, 80
2026/10/09 04:40:19.748, 72.12 W, 1410 MHz, 6251 MHz, 100 %, 80
2026/10/09 04:40:20.248, 72.06 W, 1335 MHz, 6251 MHz, 100 %, 80
2026/10/09 04:40:20.749, 72.15 W, 1485 MHz, 6251 MHz, 100 %, 80
2026/10/09 04:40:21.249, 68.84 W, 1965 MHz, 6251 MHz, 100 %, 78
2026/10/09 04:40:21.749, 63.70 W, 1110 MHz, 6251 MHz, 100 %, 81
2026/10/09 04:40:22.249, 64.57 W, 945 MHz, 6251 MHz, 100 %, 81
2026/10/09 04:40:22.749, 73.56 W, 1095 MHz, 6251 MHz, 83 %, 81
2026/10/09 04:40:23.250, 72.92 W, 990 MHz, 6251 MHz, 100 %, 81
2026/10/09 04:40:23.750, 73.22 W, 1140 MHz, 6251 MHz, 100 %, 81
2026/10/09 04:40:24.250, 69.82 W, 1065 MHz, 6251 MHz, 100 %, 81
2026/10/09 04:40:24.750, 69.69 W, 1110 MHz, 6251 MHz, 100 %, 80
2026/10/09 04:40:25.250, 71.93 W, 960 MHz, 6251 MHz, 100 %, 80
2026/10/09 04:40:25.750, 72.53 W, 1005 MHz, 6251 MHz, 100 %, 80
2026/10/09 04:40:26.251, 72.34 W, 1095 MHz, 6251 MHz, 100 %, 80
2026/10/09 04:40:26.751, 71.84 W, 975 MHz, 6251 MHz, 86 %, 80
2026/10/09 04:40:27.251, 72.09 W, 1035 MHz, 6251 MHz, 100 %, 80
2026/10/09 04:40:27.751, 71.95 W, 1110 MHz, 6251 MHz, 100 %, 80
2026/10/09 04:40:28.251, 72.59 W, 1065 MHz, 6251 MHz, 100 %, 80
2026/10/09 04:40:28.752, 73.16 W, 1110 MHz, 6251 MHz, 100 %, 80
2026/10/09 04:40:29.252, 72.61 W, 1080 MHz, 6251 MHz, 100 %, 80
2026/10/09 04:40:29.752, 72.64 W, 990 MHz, 6251 MHz, 100 %, 80
2026/10/09 04:40:30.252, 72.03 W, 1125 MHz, 6251 MHz, 100 %, 80
2026/10/09 04:40:30.752, 71.25 W, 1035 MHz, 6251 MHz, 100 %, 80
2026/10/09 04:40:31.252, 71.46 W, 1095 MHz, 6251 MHz, 100 %, 80
2026/10/09 04:40:31.753, 72.35 W, 990 MHz, 6251 MHz, 84 %, 80
2026/10/09 04:40:32.253, 72.50 W, 1095 MHz, 6251 MHz, 100 %, 80
2026/10/09 04:40:32.753, 72.18 W, 1110 MHz, 6251 MHz, 100 %, 80
2026/10/09 04:40:33.253, 58.29 W, 2040 MHz, 6251 MHz, 100 %, 77
2026/10/09 04:40:33.755, 41.60 W, 2040 MHz, 6251 MHz, 68 %, 77
2026/10/09 04:40:34.255, 39.78 W, 2040 MHz, 6251 MHz, 0 %, 76
2026/10/09 04:40:34.755, 35.92 W, 2040 MHz, 6251 MHz, 0 %, 76
2026/10/09 04:40:35.255, 35.71 W, 2040 MHz, 6251 MHz, 0 %, 76
2026/10/09 04:40:35.755, 35.66 W, 2040 MHz, 6251 MHz, 0 %, 76
2026/10/09 04:40:36.255, 35.61 W, 2040 MHz, 6251 MHz, 0 %, 76
2026/10/09 04:40:36.755, 35.54 W, 2040 MHz, 6251 MHz, 0 %, 75
2026/10/09 04:40:37.256, 35.49 W, 2040 MHz, 6251 MHz, 0 %, 75
2026/10/09 04:40:37.756, 35.43 W, 2040 MHz, 6251 MHz, 0 %, 75
2026/10/09 04:40:38.256, 35.40 W, 2040 MHz, 6251 MHz, 0 %, 75
2026/10/09 04:40:38.756, 35.36 W, 2040 MHz, 6251 MHz, 0 %, 75
2026/10/09 04:40:39.256, 35.28 W, 2040 MHz, 6251 MHz, 0 %, 75
2026/10/09 04:40:39.756, 35.26 W, 2040 MHz, 6251 MHz, 0 %, 75
2026/10/09 04:40:40.256, 35.19 W, 2040 MHz, 6251 MHz, 0 %, 75
2026/10/09 04:40:40.756, 35.13 W, 2040 MHz, 6251 MHz, 0 %, 74
2026/10/09 04:40:41.257, 35.12 W, 2040 MHz, 6251 MHz, 0 %, 74
2026/10/09 04:40:41.757, 35.08 W, 2040 MHz, 6251 MHz, 0 %, 74
2026/10/09 04:40:42.257, 35.05 W, 2040 MHz, 6251 MHz, 0 %, 74
2026/10/09 04:40:42.757, 35.06 W, 2040 MHz, 6251 MHz, 0 %, 74
2026/10/09 04:40:43.257, 35.00 W, 2040 MHz, 6251 MHz, 0 %, 74
2026/10/09 04:40:43.757, 34.99 W, 2040 MHz, 6251 MHz, 0 %, 74
2026/10/09 04:40:44.257, 34.91 W, 2040 MHz, 6251 MHz, 0 %, 74
2026/10/09 04:40:44.757, 34.85 W, 2040 MHz, 6251 MHz, 0 %, 74
2026/10/09 04:40:45.258, 34.86 W, 2040 MHz, 6251 MHz, 0 %, 74
2026/10/09 04:40:45.758, 34.80 W, 2040 MHz, 6251 MHz, 0 %, 73
2026/10/09 04:40:46.258, 34.79 W, 2040 MHz, 6251 MHz, 0 %, 73
2026/10/09 04:40:46.758, 34.79 W, 2040 MHz, 6251 MHz, 0 %, 73
2026/10/09 04:40:47.258, 34.75 W, 2040 MHz, 6251 MHz, 0 %, 73
2026/10/09 04:40:47.758, 34.73 W, 2040 MHz, 6251 MHz, 0 %, 73
2026/10/09 04:40:48.258, 34.68 W, 2040 MHz, 6251 MHz, 0 %, 73
2026/10/09 04:40:48.758, 34.71 W, 2040 MHz, 6251 MHz, 0 %, 73
2026/10/09 04:40:49.259, 34.68 W, 2040 MHz, 6251 MHz, 0 %, 73
2026/10/09 04:40:49.759, 34.64 W, 2040 MHz, 6251 MHz, 0 %, 73
2026/10/09 04:40:50.259, 34.65 W, 2040 MHz, 6251 MHz, 0 %, 73
2026/10/09 04:40:50.759, 34.62 W, 2040 MHz, 6251 MHz, 0 %, 73
2026/10/09 04:40:51.259, 34.69 W, 2040 MHz, 6251 MHz, 0 %, 73
2026/10/09 04:40:51.759, 35.15 W, 2040 MHz, 6251 MHz, 0 %, 73
2026/10/09 04:40:52.259, 35.07 W, 2040 MHz, 6251 MHz, 0 %, 73
2026/10/09 04:40:52.759, 34.93 W, 2040 MHz, 6251 MHz, 1 %, 73
2026/10/09 04:40:53.260, 36.37 W, 2040 MHz, 6251 MHz, 86 %, 73
2026/10/09 04:40:53.760, 37.80 W, 2040 MHz, 6251 MHz, 88 %, 73
2026/10/09 04:40:54.260, 38.17 W, 2040 MHz, 6251 MHz, 87 %, 73
2026/10/09 04:40:54.760, 36.55 W, 2040 MHz, 6251 MHz, 0 %, 73
2026/10/09 04:40:55.260, 34.94 W, 2040 MHz, 6251 MHz, 0 %, 73
2026/10/09 04:40:55.760, 34.56 W, 2040 MHz, 6251 MHz, 0 %, 73
2026/10/09 04:40:56.260, 34.52 W, 2040 MHz, 6251 MHz, 0 %, 73
2026/10/09 04:40:56.760, 34.53 W, 2040 MHz, 6251 MHz, 0 %, 73
2026/10/09 04:40:57.261, 34.48 W, 2040 MHz, 6251 MHz, 0 %, 72
2026/10/09 04:40:57.761, 34.46 W, 2040 MHz, 6251 MHz, 0 %, 72
2026/10/09 04:40:58.261, 34.51 W, 2040 MHz, 6251 MHz, 0 %, 72
2026/10/09 04:40:58.761, 34.48 W, 2040 MHz, 6251 MHz, 0 %, 72
2026/10/09 04:40:59.261, 34.51 W, 2040 MHz, 6251 MHz, 0 %, 72
2026/10/09 04:40:59.761, 34.51 W, 2040 MHz, 6251 MHz, 0 %, 72
2026/10/09 04:41:00.261, 34.47 W, 2040 MHz, 6251 MHz, 0 %, 72
2026/10/09 04:41:00.761, 34.47 W, 2040 MHz, 6251 MHz, 0 %, 72
2026/10/09 04:41:01.262, 34.44 W, 2040 MHz, 6251 MHz, 0 %, 72
2026/10/09 04:41:01.762, 34.44 W, 2040 MHz, 6251 MHz, 0 %, 72
2026/10/09 04:41:02.262, 34.46 W, 2040 MHz, 6251 MHz, 0 %, 72
2026/10/09 04:41:02.762, 34.45 W, 2040 MHz, 6251 MHz, 0 %, 72
2026/10/09 04:41:03.262, 34.47 W, 2040 MHz, 6251 MHz, 0 %, 72
2026/10/09 04:41:03.762, 34.50 W, 2040 MHz, 6251 MHz, 0 %, 72
2026/10/09 04:41:04.262, 34.46 W, 2040 MHz, 6251 MHz, 0 %, 72
2026/10/09 04:41:04.762, 34.49 W, 2040 MHz, 6251 MHz, 0 %, 72
2026/10/09 04:41:05.262, 34.51 W, 2040 MHz, 6251 MHz, 0 %, 72
2026/10/09 04:41:05.763, 34.46 W, 2040 MHz, 6251 MHz, 0 %, 72
2026/10/09 04:41:06.263, 34.51 W, 2040 MHz, 6251 MHz, 0 %, 72
2026/10/09 04:41:06.763, 47.96 W, 1740 MHz, 6251 MHz, 98 %, 75
2026/10/09 04:41:07.263, 52.93 W, 2040 MHz, 6251 MHz, 0 %, 73
2026/10/09 04:41:07.763, 42.79 W, 2040 MHz, 6251 MHz, 0 %, 73
2026/10/09 04:41:08.263, 35.06 W, 2040 MHz, 6251 MHz, 0 %, 73
2026/10/09 04:41:08.763, 35.09 W, 2040 MHz, 6251 MHz, 0 %, 73
2026/10/09 04:41:09.263, 48.09 W, 2025 MHz, 6251 MHz, 98 %, 76
2026/10/09 04:41:09.763, 47.95 W, 2040 MHz, 6251 MHz, 0 %, 73
2026/10/09 04:41:10.264, 38.08 W, 2040 MHz, 6251 MHz, 0 %, 73
2026/10/09 04:41:10.764, 34.74 W, 2040 MHz, 6251 MHz, 0 %, 73
2026/10/09 04:41:11.264, 34.65 W, 2040 MHz, 6251 MHz, 0 %, 73
2026/10/09 04:41:11.764, 34.72 W, 2040 MHz, 6251 MHz, 0 %, 73
2026/10/09 04:41:12.264, 34.78 W, 2040 MHz, 6251 MHz, 0 %, 73
2026/10/09 04:41:12.764, 34.71 W, 1755 MHz, 6251 MHz, 0 %, 75
2026/10/09 04:41:13.264, 51.98 W, 1740 MHz, 6251 MHz, 98 %, 77
2026/10/09 04:41:13.764, 55.96 W, 2040 MHz, 6251 MHz, 0 %, 74
2026/10/09 04:41:14.264, 41.67 W, 2040 MHz, 6251 MHz, 0 %, 74
2026/10/09 04:41:14.765, 34.90 W, 2040 MHz, 6251 MHz, 0 %, 74
2026/10/09 04:41:15.265, 34.86 W, 2040 MHz, 6251 MHz, 0 %, 73
2026/10/09 04:41:15.765, 34.76 W, 2040 MHz, 6251 MHz, 0 %, 73
2026/10/09 04:41:16.265, 34.78 W, 2040 MHz, 6251 MHz, 0 %, 73
2026/10/09 04:41:16.765, 34.82 W, 2040 MHz, 6251 MHz, 0 %, 73
2026/10/09 04:41:17.265, 38.02 W, 1785 MHz, 6251 MHz, 0 %, 76
2026/10/09 04:41:17.765, 56.01 W, 1980 MHz, 6251 MHz, 99 %, 75
2026/10/09 04:41:18.265, 56.04 W, 2040 MHz, 6251 MHz, 0 %, 74
2026/10/09 04:41:18.766, 38.59 W, 2040 MHz, 6251 MHz, 0 %, 73
2026/10/09 04:41:19.266, 35.02 W, 2040 MHz, 6251 MHz, 0 %, 73
2026/10/09 04:41:19.766, 35.03 W, 2040 MHz, 6251 MHz, 0 %, 73
2026/10/09 04:41:20.266, 34.93 W, 2040 MHz, 6251 MHz, 0 %, 73
2026/10/09 04:41:20.766, 34.91 W, 2040 MHz, 6251 MHz, 0 %, 73
2026/10/09 04:41:21.266, 34.92 W, 2040 MHz, 6251 MHz, 0 %, 73
2026/10/09 04:41:21.766, 34.86 W, 2040 MHz, 6251 MHz, 0 %, 73
2026/10/09 04:41:22.266, 34.93 W, 2040 MHz, 6251 MHz, 0 %, 73
2026/10/09 04:41:22.767, 34.94 W, 2040 MHz, 6251 MHz, 0 %, 73
2026/10/09 04:41:23.267, 39.51 W, 1920 MHz, 6251 MHz, 7 %, 75
2026/10/09 04:41:23.767, 56.83 W, 1845 MHz, 6251 MHz, 99 %, 76
2026/10/09 04:41:24.267, 66.33 W, 2025 MHz, 6251 MHz, 3 %, 74
2026/10/09 04:41:24.767, 48.80 W, 2040 MHz, 6251 MHz, 0 %, 73
2026/10/09 04:41:25.267, 40.65 W, 2040 MHz, 6251 MHz, 0 %, 73
2026/10/09 04:41:25.768, 40.71 W, 2040 MHz, 6251 MHz, 0 %, 73
2026/10/09 04:41:26.268, 34.90 W, 2040 MHz, 6251 MHz, 0 %, 73
2026/10/09 04:41:26.768, 34.94 W, 2040 MHz, 6251 MHz, 0 %, 73
2026/10/09 04:41:27.268, 34.94 W, 2040 MHz, 6251 MHz, 0 %, 73
2026/10/09 04:41:27.768, 34.86 W, 2040 MHz, 6251 MHz, 0 %, 73
2026/10/09 04:41:28.268, 34.84 W, 2040 MHz, 6251 MHz, 0 %, 73
2026/10/09 04:41:28.768, 34.87 W, 2040 MHz, 6251 MHz, 0 %, 73
2026/10/09 04:41:29.268, 34.79 W, 2040 MHz, 6251 MHz, 0 %, 73
2026/10/09 04:41:29.769, 37.14 W, 2040 MHz, 6251 MHz, 1 %, 73
2026/10/09 04:41:30.269, 55.04 W, 1110 MHz, 6251 MHz, 100 %, 77
2026/10/09 04:41:30.769, 58.25 W, 2025 MHz, 6251 MHz, 0 %, 73
2026/10/09 04:41:31.269, 42.20 W, 2040 MHz, 6251 MHz, 0 %, 73
2026/10/09 04:41:31.769, 35.40 W, 2040 MHz, 6251 MHz, 0 %, 73
2026/10/09 04:41:32.269, 52.02 W, 1155 MHz, 6251 MHz, 100 %, 77
2026/10/09 04:41:32.769, 62.00 W, 1155 MHz, 6251 MHz, 85 %, 77
2026/10/09 04:41:33.269, 68.53 W, 1890 MHz, 6251 MHz, 100 %, 76
2026/10/09 04:41:33.770, 67.96 W, 1185 MHz, 6251 MHz, 84 %, 77
2026/10/09 04:41:34.270, 58.45 W, 1710 MHz, 6251 MHz, 87 %, 77
2026/10/09 04:41:34.770, 60.47 W, 1155 MHz, 6251 MHz, 100 %, 78
2026/10/09 04:41:35.270, 68.76 W, 1710 MHz, 6251 MHz, 100 %, 76
2026/10/09 04:41:35.770, 73.60 W, 1710 MHz, 6251 MHz, 65 %, 76
2026/10/09 04:41:36.270, 69.77 W, 1560 MHz, 6251 MHz, 64 %, 76
2026/10/09 04:41:36.770, 69.20 W, 1455 MHz, 6251 MHz, 62 %, 75
2026/10/09 04:41:37.270, 68.00 W, 1470 MHz, 6251 MHz, 79 %, 75
2026/10/09 04:41:37.771, 65.91 W, 1710 MHz, 6251 MHz, 67 %, 76
2026/10/09 04:41:38.271, 63.99 W, 1680 MHz, 6251 MHz, 66 %, 75
2026/10/09 04:41:38.771, 66.84 W, 1950 MHz, 6251 MHz, 59 %, 76
2026/10/09 04:41:39.271, 67.37 W, 1935 MHz, 6251 MHz, 47 %, 76
2026/10/09 04:41:39.771, 59.51 W, 1035 MHz, 6251 MHz, 78 %, 76
2026/10/09 04:41:40.271, 65.02 W, 1200 MHz, 6251 MHz, 79 %, 75
2026/10/09 04:41:40.771, 80.19 W, 1215 MHz, 6251 MHz, 79 %, 75
2026/10/09 04:41:41.271, 79.08 W, 1365 MHz, 6251 MHz, 68 %, 76
2026/10/09 04:41:41.772, 73.38 W, 1650 MHz, 6251 MHz, 80 %, 75
2026/10/09 04:41:42.272, 67.31 W, 1755 MHz, 6251 MHz, 80 %, 75
2026/10/09 04:41:42.772, 62.12 W, 2025 MHz, 6251 MHz, 28 %, 74
2026/10/09 04:41:43.272, 51.80 W, 1155 MHz, 6251 MHz, 54 %, 73
2026/10/09 04:41:43.772, 42.49 W, 2025 MHz, 6251 MHz, 0 %, 73
2026/10/09 04:41:44.272, 43.18 W, 2040 MHz, 6251 MHz, 6 %, 73
2026/10/09 04:41:44.772, 41.55 W, 1155 MHz, 6251 MHz, 3 %, 72
2026/10/09 04:41:45.272, 44.31 W, 2025 MHz, 6251 MHz, 0 %, 72
2026/10/09 04:41:45.773, 43.39 W, 2040 MHz, 6251 MHz, 0 %, 72
2026/10/09 04:41:46.273, 34.53 W, 2040 MHz, 6251 MHz, 0 %, 72
2026/10/09 04:41:46.773, 34.53 W, 2040 MHz, 6251 MHz, 0 %, 72
2026/10/09 04:41:47.273, 34.45 W, 2040 MHz, 6251 MHz, 0 %, 71
2026/10/09 04:41:47.773, 34.40 W, 2040 MHz, 6251 MHz, 0 %, 71
2026/10/09 04:41:48.273, 34.35 W, 2040 MHz, 6251 MHz, 0 %, 71
2026/10/09 04:41:48.773, 34.31 W, 2040 MHz, 6251 MHz, 0 %, 71
2026/10/09 04:41:49.274, 44.63 W, 1545 MHz, 6251 MHz, 100 %, 73
2026/10/09 04:41:49.774, 62.39 W, 1560 MHz, 6251 MHz, 100 %, 74
2026/10/09 04:41:50.274, 70.51 W, 1530 MHz, 6251 MHz, 100 %, 73
2026/10/09 04:41:50.774, 70.41 W, 1470 MHz, 6251 MHz, 100 %, 74
2026/10/09 04:41:51.274, 66.64 W, 1560 MHz, 6251 MHz, 100 %, 73
2026/10/09 04:41:51.774, 66.74 W, 1560 MHz, 6251 MHz, 100 %, 74
2026/10/09 04:41:52.274, 72.43 W, 1395 MHz, 6251 MHz, 100 %, 73
2026/10/09 04:41:52.775, 72.14 W, 1530 MHz, 6251 MHz, 100 %, 74
2026/10/09 04:41:53.275, 71.80 W, 1425 MHz, 6251 MHz, 100 %, 74
2026/10/09 04:41:53.775, 72.30 W, 1530 MHz, 6251 MHz, 100 %, 74
2026/10/09 04:41:54.275, 72.02 W, 1410 MHz, 6251 MHz, 100 %, 74
2026/10/09 04:41:54.775, 72.27 W, 1515 MHz, 6251 MHz, 100 %, 74
2026/10/09 04:41:55.275, 71.98 W, 1440 MHz, 6251 MHz, 100 %, 74
2026/10/09 04:41:55.775, 72.21 W, 1515 MHz, 6251 MHz, 100 %, 74
2026/10/09 04:41:56.275, 71.98 W, 1425 MHz, 6251 MHz, 100 %, 74
2026/10/09 04:41:56.776, 72.28 W, 1500 MHz, 6251 MHz, 100 %, 74
2026/10/09 04:41:57.276, 72.09 W, 1425 MHz, 6251 MHz, 100 %, 74
2026/10/09 04:41:57.776, 72.18 W, 1515 MHz, 6251 MHz, 100 %, 74
2026/10/09 04:41:58.276, 72.01 W, 1440 MHz, 6251 MHz, 100 %, 74
2026/10/09 04:41:58.776, 72.29 W, 1470 MHz, 6251 MHz, 100 %, 75
2026/10/09 04:41:59.276, 72.45 W, 1440 MHz, 6251 MHz, 100 %, 74
2026/10/09 04:41:59.776, 72.24 W, 1485 MHz, 6251 MHz, 100 %, 75
2026/10/09 04:42:00.279, 71.86 W, 1470 MHz, 6251 MHz, 100 %, 75
2026/10/09 04:42:00.779, 71.86 W, 1470 MHz, 6251 MHz, 100 %, 75
2026/10/09 04:42:01.279, 71.98 W, 1485 MHz, 6251 MHz, 100 %, 75
2026/10/09 04:42:01.779, 72.02 W, 1470 MHz, 6251 MHz, 100 %, 75
2026/10/09 04:42:02.280, 71.97 W, 1470 MHz, 6251 MHz, 100 %, 75
2026/10/09 04:42:02.780, 72.15 W, 1470 MHz, 6251 MHz, 100 %, 75
2026/10/09 04:42:03.280, 72.13 W, 1455 MHz, 6251 MHz, 100 %, 75
2026/10/09 04:42:03.780, 72.07 W, 1470 MHz, 6251 MHz, 100 %, 75
2026/10/09 04:42:04.280, 71.96 W, 1485 MHz, 6251 MHz, 100 %, 75
2026/10/09 04:42:04.780, 72.14 W, 1470 MHz, 6251 MHz, 100 %, 75
2026/10/09 04:42:05.280, 72.16 W, 1470 MHz, 6251 MHz, 100 %, 75
2026/10/09 04:42:05.781, 72.11 W, 1440 MHz, 6251 MHz, 100 %, 76
2026/10/09 04:42:06.281, 72.15 W, 1470 MHz, 6251 MHz, 100 %, 76
2026/10/09 04:42:06.781, 71.96 W, 1500 MHz, 6251 MHz, 100 %, 76
2026/10/09 04:42:07.281, 72.07 W, 1485 MHz, 6251 MHz, 100 %, 76
2026/10/09 04:42:07.781, 72.32 W, 1470 MHz, 6251 MHz, 100 %, 76
2026/10/09 04:42:08.281, 72.16 W, 1470 MHz, 6251 MHz, 100 %, 76
2026/10/09 04:42:08.781, 72.24 W, 1470 MHz, 6251 MHz, 100 %, 76
2026/10/09 04:42:09.281, 72.20 W, 1470 MHz, 6251 MHz, 100 %, 76
2026/10/09 04:42:09.782, 71.93 W, 1470 MHz, 6251 MHz, 100 %, 76
2026/10/09 04:42:10.282, 71.90 W, 1470 MHz, 6251 MHz, 100 %, 76
2026/10/09 04:42:10.782, 71.94 W, 1455 MHz, 6251 MHz, 100 %, 77
2026/10/09 04:42:11.282, 71.91 W, 1455 MHz, 6251 MHz, 100 %, 77
2026/10/09 04:42:11.782, 71.83 W, 1470 MHz, 6251 MHz, 100 %, 77
2026/10/09 04:42:12.282, 71.84 W, 1470 MHz, 6251 MHz, 100 %, 77
2026/10/09 04:42:12.782, 71.83 W, 1440 MHz, 6251 MHz, 100 %, 77
2026/10/09 04:42:13.282, 71.79 W, 1440 MHz, 6251 MHz, 100 %, 77
2026/10/09 04:42:13.782, 71.91 W, 1425 MHz, 6251 MHz, 100 %, 77
2026/10/09 04:42:14.283, 71.30 W, 1260 MHz, 6251 MHz, 91 %, 77
2026/10/09 04:42:14.783, 71.46 W, 1440 MHz, 6251 MHz, 100 %, 77
2026/10/09 04:42:15.283, 71.38 W, 1380 MHz, 6251 MHz, 100 %, 77
2026/10/09 04:42:15.783, 71.93 W, 1470 MHz, 6251 MHz, 100 %, 78
2026/10/09 04:42:16.283, 71.76 W, 1410 MHz, 6251 MHz, 100 %, 78
2026/10/09 04:42:16.783, 71.93 W, 1440 MHz, 6251 MHz, 100 %, 78
2026/10/09 04:42:17.283, 71.96 W, 1410 MHz, 6251 MHz, 100 %, 78
2026/10/09 04:42:17.783, 72.04 W, 1440 MHz, 6251 MHz, 100 %, 78
2026/10/09 04:42:18.284, 71.98 W, 1425 MHz, 6251 MHz, 100 %, 78
2026/10/09 04:42:18.784, 72.14 W, 1425 MHz, 6251 MHz, 100 %, 78
2026/10/09 04:42:19.284, 72.03 W, 1425 MHz, 6251 MHz, 100 %, 78
2026/10/09 04:42:19.784, 72.10 W, 1425 MHz, 6251 MHz, 100 %, 79
2026/10/09 04:42:20.284, 72.18 W, 1425 MHz, 6251 MHz, 100 %, 79
2026/10/09 04:42:20.784, 72.16 W, 1425 MHz, 6251 MHz, 100 %, 79
2026/10/09 04:42:21.284, 72.07 W, 1425 MHz, 6251 MHz, 100 %, 79
2026/10/09 04:42:21.784, 72.12 W, 1425 MHz, 6251 MHz, 100 %, 79
2026/10/09 04:42:22.285, 71.64 W, 1440 MHz, 6251 MHz, 100 %, 79
2026/10/09 04:42:22.785, 71.57 W, 1440 MHz, 6251 MHz, 100 %, 79
2026/10/09 04:42:23.285, 72.04 W, 1440 MHz, 6251 MHz, 100 %, 80
2026/10/09 04:42:23.785, 72.08 W, 1395 MHz, 6251 MHz, 100 %, 80
2026/10/09 04:42:24.285, 72.18 W, 1455 MHz, 6251 MHz, 100 %, 80
2026/10/09 04:42:24.785, 72.10 W, 1365 MHz, 6251 MHz, 100 %, 80
2026/10/09 04:42:25.285, 72.17 W, 1425 MHz, 6251 MHz, 100 %, 80
2026/10/09 04:42:25.785, 71.98 W, 1365 MHz, 6251 MHz, 100 %, 80
2026/10/09 04:42:26.286, 72.11 W, 1425 MHz, 6251 MHz, 100 %, 80
2026/10/09 04:42:26.786, 72.05 W, 1365 MHz, 6251 MHz, 100 %, 80
2026/10/09 04:42:27.286, 72.11 W, 1425 MHz, 6251 MHz, 100 %, 81
2026/10/09 04:42:27.786, 71.93 W, 1350 MHz, 6251 MHz, 100 %, 81
2026/10/09 04:42:28.286, 72.15 W, 1410 MHz, 6251 MHz, 100 %, 81
2026/10/09 04:42:28.786, 71.88 W, 1350 MHz, 6251 MHz, 100 %, 81
2026/10/09 04:42:29.286, 72.18 W, 1410 MHz, 6251 MHz, 100 %, 81
2026/10/09 04:42:29.787, 71.00 W, 1395 MHz, 6251 MHz, 97 %, 81
2026/10/09 04:42:30.288, 71.32 W, 1410 MHz, 6251 MHz, 100 %, 81
2026/10/09 04:42:30.788, 71.97 W, 1395 MHz, 6251 MHz, 100 %, 82
2026/10/09 04:42:31.288, 72.15 W, 1395 MHz, 6251 MHz, 100 %, 82
2026/10/09 04:42:31.788, 72.11 W, 1380 MHz, 6251 MHz, 100 %, 82
2026/10/09 04:42:32.288, 72.14 W, 1410 MHz, 6251 MHz, 100 %, 82
2026/10/09 04:42:32.789, 72.25 W, 1380 MHz, 6251 MHz, 100 %, 82
2026/10/09 04:42:33.289, 72.21 W, 1395 MHz, 6251 MHz, 100 %, 82
2026/10/09 04:42:33.789, 72.11 W, 1395 MHz, 6251 MHz, 100 %, 82
2026/10/09 04:42:34.289, 72.14 W, 1350 MHz, 6251 MHz, 100 %, 83
2026/10/09 04:42:34.789, 72.04 W, 1365 MHz, 6251 MHz, 100 %, 83
2026/10/09 04:42:35.289, 71.93 W, 1380 MHz, 6251 MHz, 100 %, 83
2026/10/09 04:42:35.789, 71.98 W, 1380 MHz, 6251 MHz, 100 %, 83
2026/10/09 04:42:36.289, 71.97 W, 1380 MHz, 6251 MHz, 100 %, 83
2026/10/09 04:42:36.790, 72.04 W, 1380 MHz, 6251 MHz, 100 %, 83
2026/10/09 04:42:37.290, 71.34 W, 1080 MHz, 6251 MHz, 95 %, 84
2026/10/09 04:42:37.790, 71.20 W, 1380 MHz, 6251 MHz, 100 %, 83
2026/10/09 04:42:38.290, 71.15 W, 1350 MHz, 6251 MHz, 100 %, 84
2026/10/09 04:42:38.790, 72.05 W, 1395 MHz, 6251 MHz, 100 %, 84
2026/10/09 04:42:39.290, 72.13 W, 1365 MHz, 6251 MHz, 100 %, 84
2026/10/09 04:42:39.790, 72.10 W, 1380 MHz, 6251 MHz, 100 %, 84
2026/10/09 04:42:40.290, 72.04 W, 1365 MHz, 6251 MHz, 100 %, 84
2026/10/09 04:42:40.791, 72.11 W, 1380 MHz, 6251 MHz, 100 %, 84
2026/10/09 04:42:41.291, 72.17 W, 1350 MHz, 6251 MHz, 100 %, 84
2026/10/09 04:42:41.791, 72.13 W, 1365 MHz, 6251 MHz, 100 %, 84
2026/10/09 04:42:42.291, 72.05 W, 1365 MHz, 6251 MHz, 100 %, 84
2026/10/09 04:42:42.791, 72.10 W, 1365 MHz, 6251 MHz, 100 %, 83
2026/10/09 04:42:43.291, 72.04 W, 1365 MHz, 6251 MHz, 100 %, 83
2026/10/09 04:42:43.791, 71.99 W, 1365 MHz, 6251 MHz, 100 %, 83
2026/10/09 04:42:44.291, 72.04 W, 1380 MHz, 6251 MHz, 100 %, 83
2026/10/09 04:42:44.792, 72.10 W, 1380 MHz, 6251 MHz, 100 %, 83
2026/10/09 04:42:45.292, 71.70 W, 1380 MHz, 6251 MHz, 100 %, 83
2026/10/09 04:42:45.792, 71.71 W, 1350 MHz, 6251 MHz, 100 %, 83
2026/10/09 04:42:46.292, 72.22 W, 1380 MHz, 6251 MHz, 100 %, 82
2026/10/09 04:42:46.792, 72.05 W, 1395 MHz, 6251 MHz, 100 %, 82
2026/10/09 04:42:47.292, 72.13 W, 1380 MHz, 6251 MHz, 100 %, 82
2026/10/09 04:42:47.792, 72.09 W, 1380 MHz, 6251 MHz, 100 %, 82
2026/10/09 04:42:48.292, 72.08 W, 1395 MHz, 6251 MHz, 100 %, 82
2026/10/09 04:42:48.793, 72.09 W, 1395 MHz, 6251 MHz, 100 %, 82
2026/10/09 04:42:49.293, 72.17 W, 1380 MHz, 6251 MHz, 100 %, 82
2026/10/09 04:42:49.793, 72.17 W, 1410 MHz, 6251 MHz, 100 %, 81
2026/10/09 04:42:50.293, 72.14 W, 1395 MHz, 6251 MHz, 100 %, 81
2026/10/09 04:42:50.793, 72.16 W, 1380 MHz, 6251 MHz, 100 %, 81
2026/10/09 04:42:51.293, 72.16 W, 1395 MHz, 6251 MHz, 100 %, 81
2026/10/09 04:42:51.794, 72.02 W, 1380 MHz, 6251 MHz, 100 %, 81
2026/10/09 04:42:52.294, 72.10 W, 1395 MHz, 6251 MHz, 100 %, 81
2026/10/09 04:42:52.794, 71.52 W, 1365 MHz, 6251 MHz, 94 %, 81
2026/10/09 04:42:53.294, 71.74 W, 1395 MHz, 6251 MHz, 100 %, 81
2026/10/09 04:42:53.794, 71.92 W, 1380 MHz, 6251 MHz, 100 %, 80
2026/10/09 04:42:54.295, 72.01 W, 1425 MHz, 6251 MHz, 100 %, 80
2026/10/09 04:42:54.795, 72.14 W, 1410 MHz, 6251 MHz, 100 %, 80
2026/10/09 04:42:55.295, 72.18 W, 1425 MHz, 6251 MHz, 100 %, 80
2026/10/09 04:42:55.795, 72.07 W, 1380 MHz, 6251 MHz, 100 %, 80
2026/10/09 04:42:56.295, 72.17 W, 1440 MHz, 6251 MHz, 100 %, 80
2026/10/09 04:42:56.795, 72.03 W, 1380 MHz, 6251 MHz, 100 %, 80
2026/10/09 04:42:57.295, 72.21 W, 1440 MHz, 6251 MHz, 100 %, 80
2026/10/09 04:42:57.795, 72.00 W, 1380 MHz, 6251 MHz, 100 %, 80
2026/10/09 04:42:58.296, 72.08 W, 1440 MHz, 6251 MHz, 100 %, 80
2026/10/09 04:42:58.796, 72.04 W, 1410 MHz, 6251 MHz, 100 %, 80
2026/10/09 04:42:59.296, 72.22 W, 1440 MHz, 6251 MHz, 100 %, 80
2026/10/09 04:42:59.796, 72.08 W, 1410 MHz, 6251 MHz, 100 %, 80
2026/10/09 04:43:00.296, 71.24 W, 1725 MHz, 6251 MHz, 94 %, 80
2026/10/09 04:43:00.797, 70.85 W, 1440 MHz, 6251 MHz, 100 %, 80
2026/10/09 04:43:01.297, 70.83 W, 1440 MHz, 6251 MHz, 100 %, 80
2026/10/09 04:43:01.797, 71.88 W, 1425 MHz, 6251 MHz, 100 %, 79
2026/10/09 04:43:02.297, 72.04 W, 1425 MHz, 6251 MHz, 100 %, 80
2026/10/09 04:43:02.797, 71.97 W, 1410 MHz, 6251 MHz, 100 %, 79
2026/10/09 04:43:03.297, 71.96 W, 1440 MHz, 6251 MHz, 100 %, 79
2026/10/09 04:43:03.797, 71.94 W, 1425 MHz, 6251 MHz, 100 %, 79
2026/10/09 04:43:04.298, 72.12 W, 1425 MHz, 6251 MHz, 100 %, 79
2026/10/09 04:43:04.798, 72.06 W, 1410 MHz, 6251 MHz, 100 %, 79
2026/10/09 04:43:05.298, 72.09 W, 1440 MHz, 6251 MHz, 100 %, 79
2026/10/09 04:43:05.798, 72.03 W, 1395 MHz, 6251 MHz, 100 %, 79
2026/10/09 04:43:06.298, 72.09 W, 1440 MHz, 6251 MHz, 100 %, 79
2026/10/09 04:43:06.798, 72.13 W, 1410 MHz, 6251 MHz, 100 %, 79
2026/10/09 04:43:07.298, 72.15 W, 1425 MHz, 6251 MHz, 100 %, 79
2026/10/09 04:43:07.798, 72.00 W, 1410 MHz, 6251 MHz, 100 %, 79
2026/10/09 04:43:08.299, 69.87 W, 1485 MHz, 6251 MHz, 100 %, 79
2026/10/09 04:43:08.799, 69.96 W, 1410 MHz, 6251 MHz, 100 %, 79
2026/10/09 04:43:09.299, 72.17 W, 1455 MHz, 6251 MHz, 100 %, 79
2026/10/09 04:43:09.799, 72.02 W, 1410 MHz, 6251 MHz, 100 %, 79
2026/10/09 04:43:10.299, 72.07 W, 1440 MHz, 6251 MHz, 100 %, 79
2026/10/09 04:43:10.799, 71.97 W, 1410 MHz, 6251 MHz, 100 %, 79
2026/10/09 04:43:11.300, 71.99 W, 1440 MHz, 6251 MHz, 100 %, 79
2026/10/09 04:43:11.800, 72.11 W, 1410 MHz, 6251 MHz, 100 %, 79
2026/10/09 04:43:12.300, 72.04 W, 1410 MHz, 6251 MHz, 100 %, 79
2026/10/09 04:43:12.800, 72.02 W, 1410 MHz, 6251 MHz, 100 %, 79
2026/10/09 04:43:13.300, 72.01 W, 1410 MHz, 6251 MHz, 100 %, 79
2026/10/09 04:43:13.800, 71.97 W, 1425 MHz, 6251 MHz, 100 %, 79
2026/10/09 04:43:14.301, 71.84 W, 1425 MHz, 6251 MHz, 100 %, 79
2026/10/09 04:43:14.801, 72.04 W, 1425 MHz, 6251 MHz, 100 %, 79
2026/10/09 04:43:15.301, 71.96 W, 1425 MHz, 6251 MHz, 100 %, 79
2026/10/09 04:43:15.801, 70.15 W, 1305 MHz, 6251 MHz, 92 %, 80
2026/10/09 04:43:16.301, 70.37 W, 1425 MHz, 6251 MHz, 100 %, 79
2026/10/09 04:43:16.801, 71.50 W, 1365 MHz, 6251 MHz, 100 %, 80
2026/10/09 04:43:17.301, 72.06 W, 1410 MHz, 6251 MHz, 100 %, 80
2026/10/09 04:43:17.801, 71.84 W, 1395 MHz, 6251 MHz, 100 %, 80
2026/10/09 04:43:18.302, 71.99 W, 1425 MHz, 6251 MHz, 100 %, 80
2026/10/09 04:43:18.802, 71.89 W, 1410 MHz, 6251 MHz, 100 %, 80
2026/10/09 04:43:19.302, 71.86 W, 1425 MHz, 6251 MHz, 100 %, 80
2026/10/09 04:43:19.802, 71.88 W, 1395 MHz, 6251 MHz, 100 %, 80
2026/10/09 04:43:20.302, 71.83 W, 1425 MHz, 6251 MHz, 100 %, 80
2026/10/09 04:43:20.802, 71.72 W, 1380 MHz, 6251 MHz, 100 %, 80
2026/10/09 04:43:21.302, 71.95 W, 1425 MHz, 6251 MHz, 100 %, 80
2026/10/09 04:43:21.803, 71.78 W, 1380 MHz, 6251 MHz, 100 %, 80
2026/10/09 04:43:22.303, 71.92 W, 1425 MHz, 6251 MHz, 100 %, 80
2026/10/09 04:43:22.803, 71.84 W, 1380 MHz, 6251 MHz, 100 %, 80
2026/10/09 04:43:23.303, 72.00 W, 1425 MHz, 6251 MHz, 100 %, 80
2026/10/09 04:43:23.803, 70.69 W, 1410 MHz, 6251 MHz, 100 %, 80
2026/10/09 04:43:24.303, 70.89 W, 1455 MHz, 6251 MHz, 100 %, 80
2026/10/09 04:43:24.803, 72.09 W, 1395 MHz, 6251 MHz, 100 %, 80
2026/10/09 04:43:25.303, 71.93 W, 1425 MHz, 6251 MHz, 100 %, 80
2026/10/09 04:43:25.804, 71.89 W, 1395 MHz, 6251 MHz, 100 %, 80
2026/10/09 04:43:26.304, 72.02 W, 1380 MHz, 6251 MHz, 100 %, 81
2026/10/09 04:43:26.804, 71.88 W, 1380 MHz, 6251 MHz, 100 %, 81
2026/10/09 04:43:27.304, 71.96 W, 1410 MHz, 6251 MHz, 100 %, 81
2026/10/09 04:43:27.804, 71.81 W, 1410 MHz, 6251 MHz, 100 %, 81
2026/10/09 04:43:28.304, 71.90 W, 1425 MHz, 6251 MHz, 100 %, 81
2026/10/09 04:43:28.805, 71.94 W, 1395 MHz, 6251 MHz, 100 %, 81
2026/10/09 04:43:29.305, 72.09 W, 1425 MHz, 6251 MHz, 100 %, 81
2026/10/09 04:43:29.805, 71.99 W, 1380 MHz, 6251 MHz, 100 %, 81
2026/10/09 04:43:30.307, 71.97 W, 1425 MHz, 6251 MHz, 100 %, 81
2026/10/09 04:43:30.807, 72.01 W, 1380 MHz, 6251 MHz, 100 %, 81
2026/10/09 04:43:31.307, 62.79 W, 2025 MHz, 6251 MHz, 0 %, 80
2026/10/09 04:43:31.807, 64.04 W, 1605 MHz, 6251 MHz, 100 %, 81
2026/10/09 04:43:32.307, 70.33 W, 1440 MHz, 6251 MHz, 100 %, 81
2026/10/09 04:43:32.807, 72.25 W, 1560 MHz, 6251 MHz, 100 %, 81
2026/10/09 04:43:33.307, 71.94 W, 1410 MHz, 6251 MHz, 100 %, 81
2026/10/09 04:43:33.808, 72.27 W, 1515 MHz, 6251 MHz, 100 %, 82
2026/10/09 04:43:34.308, 72.05 W, 1395 MHz, 6251 MHz, 100 %, 82
2026/10/09 04:43:34.808, 72.33 W, 1515 MHz, 6251 MHz, 100 %, 82
2026/10/09 04:43:35.308, 71.96 W, 1440 MHz, 6251 MHz, 100 %, 82
2026/10/09 04:43:35.808, 72.26 W, 1440 MHz, 6251 MHz, 100 %, 82
2026/10/09 04:43:36.308, 72.09 W, 1380 MHz, 6251 MHz, 100 %, 82
2026/10/09 04:43:36.808, 72.88 W, 975 MHz, 6251 MHz, 100 %, 83
2026/10/09 04:43:37.309, 71.53 W, 1455 MHz, 6251 MHz, 100 %, 82
2026/10/09 04:43:37.809, 71.40 W, 1380 MHz, 6251 MHz, 100 %, 82
2026/10/09 04:43:38.309, 71.79 W, 1305 MHz, 6251 MHz, 100 %, 82
2026/10/09 04:43:38.809, 72.31 W, 1320 MHz, 6251 MHz, 100 %, 82
2026/10/09 04:43:39.309, 71.41 W, 1320 MHz, 6251 MHz, 100 %, 83
2026/10/09 04:43:39.810, 71.97 W, 1350 MHz, 6251 MHz, 100 %, 83
2026/10/09 04:43:40.310, 72.00 W, 1350 MHz, 6251 MHz, 100 %, 83
2026/10/09 04:43:40.810, 71.66 W, 1335 MHz, 6251 MHz, 100 %, 83
2026/10/09 04:43:41.310, 71.78 W, 1380 MHz, 6251 MHz, 100 %, 83
2026/10/09 04:43:41.810, 72.13 W, 1395 MHz, 6251 MHz, 100 %, 83
2026/10/09 04:43:42.310, 71.99 W, 1425 MHz, 6251 MHz, 100 %, 83
2026/10/09 04:43:42.810, 72.28 W, 900 MHz, 6251 MHz, 100 %, 84
2026/10/09 04:43:43.310, 71.88 W, 1395 MHz, 6251 MHz, 100 %, 83
2026/10/09 04:43:43.811, 71.92 W, 1320 MHz, 6251 MHz, 100 %, 83
2026/10/09 04:43:44.311, 71.07 W, 1455 MHz, 6251 MHz, 100 %, 83
2026/10/09 04:43:44.811, 71.27 W, 1395 MHz, 6251 MHz, 100 %, 83
2026/10/09 04:43:45.311, 71.96 W, 930 MHz, 6251 MHz, 100 %, 84
2026/10/09 04:43:45.811, 71.41 W, 1425 MHz, 6251 MHz, 100 %, 83
2026/10/09 04:43:46.311, 71.69 W, 1380 MHz, 6251 MHz, 100 %, 83
2026/10/09 04:43:46.812, 72.42 W, 870 MHz, 6251 MHz, 100 %, 84
2026/10/09 04:43:47.312, 71.39 W, 1440 MHz, 6251 MHz, 100 %, 83
2026/10/09 04:43:47.812, 71.36 W, 1470 MHz, 6251 MHz, 100 %, 83
2026/10/09 04:43:48.312, 72.47 W, 1455 MHz, 6251 MHz, 100 %, 83
2026/10/09 04:43:48.812, 72.42 W, 1455 MHz, 6251 MHz, 100 %, 83
2026/10/09 04:43:49.312, 72.24 W, 1440 MHz, 6251 MHz, 100 %, 83
2026/10/09 04:43:49.812, 71.81 W, 1455 MHz, 6251 MHz, 100 %, 83
2026/10/09 04:43:50.313, 71.99 W, 1410 MHz, 6251 MHz, 100 %, 83
2026/10/09 04:43:50.813, 71.97 W, 1410 MHz, 6251 MHz, 100 %, 83
2026/10/09 04:43:51.313, 72.04 W, 1410 MHz, 6251 MHz, 100 %, 83
2026/10/09 04:43:51.813, 71.98 W, 1425 MHz, 6251 MHz, 100 %, 83
2026/10/09 04:43:52.313, 72.06 W, 1410 MHz, 6251 MHz, 100 %, 83
2026/10/09 04:43:52.813, 72.00 W, 1455 MHz, 6251 MHz, 100 %, 83
2026/10/09 04:43:53.313, 72.00 W, 1455 MHz, 6251 MHz, 100 %, 83
2026/10/09 04:43:53.814, 72.56 W, 1065 MHz, 6251 MHz, 100 %, 83
2026/10/09 04:43:54.314, 72.17 W, 1155 MHz, 6251 MHz, 100 %, 84
2026/10/09 04:43:54.814, 71.62 W, 1155 MHz, 6251 MHz, 100 %, 83
2026/10/09 04:43:55.314, 72.74 W, 1380 MHz, 6251 MHz, 100 %, 83
2026/10/09 04:43:55.814, 71.40 W, 1365 MHz, 6251 MHz, 100 %, 83
2026/10/09 04:43:56.314, 72.12 W, 1455 MHz, 6251 MHz, 100 %, 83
2026/10/09 04:43:56.814, 72.45 W, 1425 MHz, 6251 MHz, 100 %, 83
2026/10/09 04:43:57.315, 72.15 W, 1440 MHz, 6251 MHz, 100 %, 83
2026/10/09 04:43:57.815, 71.83 W, 1380 MHz, 6251 MHz, 100 %, 83
2026/10/09 04:43:58.315, 72.08 W, 1395 MHz, 6251 MHz, 100 %, 83
2026/10/09 04:43:58.815, 71.95 W, 1455 MHz, 6251 MHz, 100 %, 83
2026/10/09 04:43:59.315, 71.96 W, 945 MHz, 6251 MHz, 100 %, 83
2026/10/09 04:43:59.815, 72.13 W, 1155 MHz, 6251 MHz, 100 %, 84
2026/10/09 04:44:00.316, 72.65 W, 1395 MHz, 6251 MHz, 100 %, 84
2026/10/09 04:44:00.816, 72.84 W, 1335 MHz, 6251 MHz, 100 %, 83
2026/10/09 04:44:01.316, 72.08 W, 1365 MHz, 6251 MHz, 100 %, 83
2026/10/09 04:44:01.817, 71.19 W, 1005 MHz, 6251 MHz, 100 %, 84
2026/10/09 04:44:02.317, 71.79 W, 1365 MHz, 6251 MHz, 100 %, 83
2026/10/09 04:44:02.817, 72.62 W, 735 MHz, 6251 MHz, 100 %, 83
2026/10/09 04:44:03.317, 72.82 W, 1335 MHz, 6251 MHz, 100 %, 83
2026/10/09 04:44:03.817, 72.46 W, 1155 MHz, 6251 MHz, 100 %, 83
2026/10/09 04:44:04.317, 72.27 W, 1350 MHz, 6251 MHz, 100 %, 83
2026/10/09 04:44:04.817, 72.11 W, 1320 MHz, 6251 MHz, 100 %, 82
2026/10/09 04:44:05.318, 72.42 W, 1440 MHz, 6251 MHz, 100 %, 82
2026/10/09 04:44:05.818, 72.44 W, 750 MHz, 6251 MHz, 100 %, 83
2026/10/09 04:44:06.318, 72.48 W, 690 MHz, 6251 MHz, 100 %, 83
2026/10/09 04:44:06.818, 71.04 W, 1320 MHz, 6251 MHz, 100 %, 82
2026/10/09 04:44:07.318, 71.34 W, 1245 MHz, 6251 MHz, 100 %, 81
2026/10/09 04:44:07.818, 72.85 W, 1305 MHz, 6251 MHz, 100 %, 81
2026/10/09 04:44:08.318, 72.53 W, 825 MHz, 6251 MHz, 100 %, 81
2026/10/09 04:44:08.819, 72.81 W, 1380 MHz, 6251 MHz, 100 %, 81
2026/10/09 04:44:09.319, 71.94 W, 1365 MHz, 6251 MHz, 100 %, 80
2026/10/09 04:44:09.819, 72.49 W, 1395 MHz, 6251 MHz, 100 %, 80
2026/10/09 04:44:10.319, 72.30 W, 1425 MHz, 6251 MHz, 100 %, 80
2026/10/09 04:44:10.819, 71.87 W, 1425 MHz, 6251 MHz, 100 %, 80
2026/10/09 04:44:11.319, 71.48 W, 1455 MHz, 6251 MHz, 100 %, 80
2026/10/09 04:44:11.819, 71.31 W, 1110 MHz, 6251 MHz, 100 %, 79
2026/10/09 04:44:12.320, 70.74 W, 1275 MHz, 6251 MHz, 100 %, 79
2026/10/09 04:44:12.820, 71.69 W, 1440 MHz, 6251 MHz, 100 %, 79
2026/10/09 04:44:13.320, 71.69 W, 705 MHz, 6251 MHz, 100 %, 79
2026/10/09 04:44:13.820, 71.89 W, 1425 MHz, 6251 MHz, 100 %, 79
2026/10/09 04:44:14.320, 72.24 W, 1320 MHz, 6251 MHz, 100 %, 79
2026/10/09 04:44:14.820, 72.34 W, 780 MHz, 6251 MHz, 100 %, 79
2026/10/09 04:44:15.321, 71.16 W, 795 MHz, 6251 MHz, 100 %, 79
2026/10/09 04:44:15.821, 70.93 W, 720 MHz, 6251 MHz, 100 %, 79
2026/10/09 04:44:16.321, 71.89 W, 1425 MHz, 6251 MHz, 100 %, 78
2026/10/09 04:44:16.821, 71.86 W, 1260 MHz, 6251 MHz, 100 %, 78
2026/10/09 04:44:17.321, 71.43 W, 1260 MHz, 6251 MHz, 100 %, 78
2026/10/09 04:44:17.821, 71.48 W, 1305 MHz, 6251 MHz, 100 %, 78
2026/10/09 04:44:18.321, 71.63 W, 1365 MHz, 6251 MHz, 100 %, 78
2026/10/09 04:44:18.821, 71.83 W, 1305 MHz, 6251 MHz, 100 %, 77
2026/10/09 04:44:19.322, 72.17 W, 1380 MHz, 6251 MHz, 100 %, 77
2026/10/09 04:44:19.822, 72.00 W, 1350 MHz, 6251 MHz, 100 %, 77
2026/10/09 04:44:20.322, 72.09 W, 1395 MHz, 6251 MHz, 100 %, 77
2026/10/09 04:44:20.822, 71.82 W, 1350 MHz, 6251 MHz, 100 %, 77
2026/10/09 04:44:21.322, 72.01 W, 1410 MHz, 6251 MHz, 100 %, 77
2026/10/09 04:44:21.822, 72.18 W, 1455 MHz, 6251 MHz, 100 %, 77
2026/10/09 04:44:22.323, 72.22 W, 1470 MHz, 6251 MHz, 100 %, 77
2026/10/09 04:44:22.823, 71.81 W, 1440 MHz, 6251 MHz, 100 %, 77
2026/10/09 04:44:23.323, 71.80 W, 1485 MHz, 6251 MHz, 100 %, 77
2026/10/09 04:44:23.823, 71.96 W, 1455 MHz, 6251 MHz, 100 %, 77
2026/10/09 04:44:24.323, 72.06 W, 1530 MHz, 6251 MHz, 100 %, 77
2026/10/09 04:44:24.823, 72.12 W, 1425 MHz, 6251 MHz, 100 %, 77
2026/10/09 04:44:25.323, 72.17 W, 1440 MHz, 6251 MHz, 100 %, 77
2026/10/09 04:44:25.824, 71.98 W, 1575 MHz, 6251 MHz, 99 %, 77
2026/10/09 04:44:26.324, 55.48 W, 2040 MHz, 6251 MHz, 0 %, 74
2026/10/09 04:44:26.824, 38.60 W, 2040 MHz, 6251 MHz, 0 %, 74
2026/10/09 04:44:27.324, 35.31 W, 2040 MHz, 6251 MHz, 0 %, 74
2026/10/09 04:44:27.824, 35.19 W, 2040 MHz, 6251 MHz, 0 %, 73
2026/10/09 04:44:28.324, 35.08 W, 2040 MHz, 6251 MHz, 0 %, 73
2026/10/09 04:44:28.824, 35.00 W, 2040 MHz, 6251 MHz, 0 %, 73
2026/10/09 04:44:29.325, 54.32 W, 975 MHz, 6251 MHz, 100 %, 75
2026/10/09 04:44:29.825, 71.97 W, 795 MHz, 6251 MHz, 100 %, 76
2026/10/09 04:44:30.326, 73.46 W, 675 MHz, 6251 MHz, 100 %, 75
2026/10/09 04:44:30.826, 71.54 W, 705 MHz, 6251 MHz, 100 %, 76
2026/10/09 04:44:31.326, 72.17 W, 1335 MHz, 6251 MHz, 100 %, 75
2026/10/09 04:44:31.826, 70.94 W, 1410 MHz, 6251 MHz, 100 %, 75
2026/10/09 04:44:32.327, 71.85 W, 1230 MHz, 6251 MHz, 100 %, 74
2026/10/09 04:44:32.827, 71.42 W, 885 MHz, 6251 MHz, 100 %, 76
2026/10/09 04:44:33.327, 70.61 W, 825 MHz, 6251 MHz, 100 %, 76
2026/10/09 04:44:33.827, 70.53 W, 945 MHz, 6251 MHz, 100 %, 76
2026/10/09 04:44:34.327, 71.66 W, 825 MHz, 6251 MHz, 100 %, 76
2026/10/09 04:44:34.827, 71.03 W, 915 MHz, 6251 MHz, 100 %, 76
2026/10/09 04:44:35.327, 71.01 W, 765 MHz, 6251 MHz, 100 %, 75
2026/10/09 04:44:35.828, 71.38 W, 1065 MHz, 6251 MHz, 100 %, 76
2026/10/09 04:44:36.328, 71.53 W, 1005 MHz, 6251 MHz, 100 %, 77
2026/10/09 04:44:36.828, 70.96 W, 1020 MHz, 6251 MHz, 100 %, 77
2026/10/09 04:44:37.328, 71.88 W, 1245 MHz, 6251 MHz, 100 %, 77
2026/10/09 04:44:37.828, 71.59 W, 795 MHz, 6251 MHz, 100 %, 75
2026/10/09 04:44:38.328, 71.37 W, 855 MHz, 6251 MHz, 100 %, 77
2026/10/09 04:44:38.828, 71.84 W, 1095 MHz, 6251 MHz, 100 %, 76
2026/10/09 04:44:39.329, 72.34 W, 960 MHz, 6251 MHz, 100 %, 77
2026/10/09 04:44:39.829, 72.01 W, 1110 MHz, 6251 MHz, 100 %, 75
2026/10/09 04:44:40.329, 71.57 W, 1080 MHz, 6251 MHz, 100 %, 75
2026/10/09 04:44:40.829, 71.74 W, 1005 MHz, 6251 MHz, 100 %, 77
2026/10/09 04:44:41.329, 71.86 W, 1020 MHz, 6251 MHz, 100 %, 77
2026/10/09 04:44:41.829, 71.62 W, 1035 MHz, 6251 MHz, 100 %, 76
2026/10/09 04:44:42.330, 72.08 W, 1035 MHz, 6251 MHz, 100 %, 77
2026/10/09 04:44:42.830, 72.66 W, 1110 MHz, 6251 MHz, 100 %, 76
2026/10/09 04:44:43.330, 71.96 W, 1020 MHz, 6251 MHz, 100 %, 77
2026/10/09 04:44:43.830, 71.56 W, 990 MHz, 6251 MHz, 100 %, 77
2026/10/09 04:44:44.330, 71.95 W, 885 MHz, 6251 MHz, 100 %, 77
2026/10/09 04:44:44.830, 71.87 W, 1050 MHz, 6251 MHz, 100 %, 77
2026/10/09 04:44:45.331, 71.75 W, 1035 MHz, 6251 MHz, 100 %, 77
2026/10/09 04:44:45.831, 72.05 W, 825 MHz, 6251 MHz, 100 %, 76
2026/10/09 04:44:46.331, 71.86 W, 915 MHz, 6251 MHz, 100 %, 76
2026/10/09 04:44:46.831, 71.84 W, 960 MHz, 6251 MHz, 100 %, 76
2026/10/09 04:44:47.331, 71.89 W, 990 MHz, 6251 MHz, 100 %, 77
2026/10/09 04:44:47.831, 72.25 W, 930 MHz, 6251 MHz, 100 %, 77
2026/10/09 04:44:48.331, 72.14 W, 1080 MHz, 6251 MHz, 100 %, 76
2026/10/09 04:44:48.832, 71.98 W, 855 MHz, 6251 MHz, 100 %, 76
2026/10/09 04:44:49.332, 71.47 W, 885 MHz, 6251 MHz, 100 %, 76
2026/10/09 04:44:49.832, 71.59 W, 1140 MHz, 6251 MHz, 100 %, 76
2026/10/09 04:44:50.332, 71.66 W, 960 MHz, 6251 MHz, 100 %, 76
2026/10/09 04:44:50.832, 71.52 W, 915 MHz, 6251 MHz, 100 %, 76
2026/10/09 04:44:51.332, 71.86 W, 885 MHz, 6251 MHz, 100 %, 77
2026/10/09 04:44:51.832, 72.18 W, 1080 MHz, 6251 MHz, 100 %, 76
2026/10/09 04:44:52.333, 72.01 W, 990 MHz, 6251 MHz, 100 %, 77
2026/10/09 04:44:52.833, 72.08 W, 900 MHz, 6251 MHz, 100 %, 77
2026/10/09 04:44:53.333, 72.01 W, 1005 MHz, 6251 MHz, 100 %, 77
2026/10/09 04:44:53.833, 71.79 W, 870 MHz, 6251 MHz, 100 %, 77
2026/10/09 04:44:54.333, 72.13 W, 960 MHz, 6251 MHz, 100 %, 77
2026/10/09 04:44:54.833, 72.06 W, 1125 MHz, 6251 MHz, 100 %, 76
2026/10/09 04:44:55.333, 72.47 W, 1050 MHz, 6251 MHz, 100 %, 78
2026/10/09 04:44:55.834, 72.05 W, 1140 MHz, 6251 MHz, 100 %, 77
2026/10/09 04:44:56.334, 71.69 W, 1035 MHz, 6251 MHz, 100 %, 77
2026/10/09 04:44:56.834, 71.82 W, 1035 MHz, 6251 MHz, 100 %, 78
2026/10/09 04:44:57.334, 71.35 W, 1050 MHz, 6251 MHz, 100 %, 78
2026/10/09 04:44:57.834, 71.60 W, 1020 MHz, 6251 MHz, 100 %, 78
2026/10/09 04:44:58.334, 72.08 W, 1005 MHz, 6251 MHz, 100 %, 78
2026/10/09 04:44:58.835, 72.12 W, 1005 MHz, 6251 MHz, 100 %, 78
2026/10/09 04:44:59.335, 71.96 W, 1035 MHz, 6251 MHz, 100 %, 78
2026/10/09 04:44:59.835, 72.31 W, 1005 MHz, 6251 MHz, 100 %, 78
2026/10/09 04:45:00.336, 72.48 W, 960 MHz, 6251 MHz, 100 %, 78
2026/10/09 04:45:00.836, 72.28 W, 1170 MHz, 6251 MHz, 100 %, 77
2026/10/09 04:45:01.336, 71.64 W, 960 MHz, 6251 MHz, 100 %, 78
2026/10/09 04:45:01.836, 71.51 W, 990 MHz, 6251 MHz, 100 %, 79
2026/10/09 04:45:02.337, 71.25 W, 1020 MHz, 6251 MHz, 100 %, 79
2026/10/09 04:45:02.837, 71.18 W, 1035 MHz, 6251 MHz, 100 %, 79
2026/10/09 04:45:03.337, 71.22 W, 1005 MHz, 6251 MHz, 100 %, 79
2026/10/09 04:45:03.837, 71.45 W, 1020 MHz, 6251 MHz, 100 %, 79
2026/10/09 04:45:04.337, 71.55 W, 1035 MHz, 6251 MHz, 100 %, 79
2026/10/09 04:45:04.837, 72.02 W, 960 MHz, 6251 MHz, 100 %, 79
2026/10/09 04:45:05.338, 71.80 W, 990 MHz, 6251 MHz, 100 %, 80
2026/10/09 04:45:05.838, 71.67 W, 1005 MHz, 6251 MHz, 100 %, 79
2026/10/09 04:45:06.338, 72.06 W, 1140 MHz, 6251 MHz, 100 %, 78
2026/10/09 04:45:06.838, 72.56 W, 945 MHz, 6251 MHz, 100 %, 79
2026/10/09 04:45:07.338, 72.33 W, 1215 MHz, 6251 MHz, 100 %, 78
2026/10/09 04:45:07.838, 71.83 W, 1155 MHz, 6251 MHz, 100 %, 78
2026/10/09 04:45:08.338, 72.06 W, 1215 MHz, 6251 MHz, 100 %, 78
2026/10/09 04:45:08.839, 72.10 W, 1140 MHz, 6251 MHz, 100 %, 78
2026/10/09 04:45:09.339, 71.87 W, 1245 MHz, 6251 MHz, 100 %, 79
2026/10/09 04:45:09.839, 71.87 W, 1200 MHz, 6251 MHz, 100 %, 79
2026/10/09 04:45:10.339, 72.32 W, 1230 MHz, 6251 MHz, 100 %, 79
2026/10/09 04:45:10.839, 71.84 W, 1125 MHz, 6251 MHz, 100 %, 79
2026/10/09 04:45:11.339, 72.21 W, 1230 MHz, 6251 MHz, 100 %, 79
2026/10/09 04:45:11.840, 70.99 W, 1230 MHz, 6251 MHz, 100 %, 79
2026/10/09 04:45:12.340, 71.13 W, 1155 MHz, 6251 MHz, 100 %, 79
2026/10/09 04:45:12.840, 71.77 W, 975 MHz, 6251 MHz, 100 %, 81
2026/10/09 04:45:13.340, 72.30 W, 945 MHz, 6251 MHz, 100 %, 80
2026/10/09 04:45:13.840, 71.26 W, 990 MHz, 6251 MHz, 100 %, 81
2026/10/09 04:45:14.341, 71.33 W, 1275 MHz, 6251 MHz, 100 %, 79
2026/10/09 04:45:14.841, 71.71 W, 1245 MHz, 6251 MHz, 100 %, 79
2026/10/09 04:45:15.341, 71.83 W, 1335 MHz, 6251 MHz, 100 %, 80
2026/10/09 04:45:15.841, 72.61 W, 960 MHz, 6251 MHz, 100 %, 81
2026/10/09 04:45:16.341, 73.67 W, 975 MHz, 6251 MHz, 100 %, 82
2026/10/09 04:45:16.841, 72.54 W, 1245 MHz, 6251 MHz, 100 %, 80
2026/10/09 04:45:17.342, 72.92 W, 1050 MHz, 6251 MHz, 100 %, 82
2026/10/09 04:45:17.842, 71.85 W, 960 MHz, 6251 MHz, 100 %, 82
2026/10/09 04:45:18.342, 72.12 W, 1050 MHz, 6251 MHz, 100 %, 82
2026/10/09 04:45:18.842, 71.92 W, 1290 MHz, 6251 MHz, 100 %, 81
2026/10/09 04:45:19.342, 71.57 W, 990 MHz, 6251 MHz, 100 %, 82
2026/10/09 04:45:19.842, 70.69 W, 1065 MHz, 6251 MHz, 100 %, 83
2026/10/09 04:45:20.343, 71.68 W, 990 MHz, 6251 MHz, 100 %, 83
2026/10/09 04:45:20.843, 71.72 W, 1005 MHz, 6251 MHz, 100 %, 83
2026/10/09 04:45:21.343, 71.07 W, 1275 MHz, 6251 MHz, 100 %, 81
2026/10/09 04:45:21.843, 71.36 W, 1245 MHz, 6251 MHz, 100 %, 81
2026/10/09 04:45:22.343, 72.13 W, 1020 MHz, 6251 MHz, 100 %, 83
2026/10/09 04:45:22.843, 72.51 W, 1005 MHz, 6251 MHz, 100 %, 83
2026/10/09 04:45:23.344, 72.03 W, 1005 MHz, 6251 MHz, 100 %, 83
2026/10/09 04:45:23.844, 72.13 W, 1020 MHz, 6251 MHz, 100 %, 83
2026/10/09 04:45:24.344, 71.49 W, 1020 MHz, 6251 MHz, 100 %, 83
2026/10/09 04:45:24.844, 71.48 W, 960 MHz, 6251 MHz, 100 %, 83
2026/10/09 04:45:25.344, 71.38 W, 1035 MHz, 6251 MHz, 100 %, 83
2026/10/09 04:45:25.844, 71.49 W, 1020 MHz, 6251 MHz, 100 %, 83
2026/10/09 04:45:26.344, 72.22 W, 945 MHz, 6251 MHz, 100 %, 83
2026/10/09 04:45:26.845, 72.45 W, 990 MHz, 6251 MHz, 100 %, 83
2026/10/09 04:45:27.345, 71.91 W, 1170 MHz, 6251 MHz, 100 %, 82
2026/10/09 04:45:27.845, 71.70 W, 1275 MHz, 6251 MHz, 100 %, 82
2026/10/09 04:45:28.345, 71.86 W, 1305 MHz, 6251 MHz, 100 %, 81
2026/10/09 04:45:28.845, 71.68 W, 1305 MHz, 6251 MHz, 100 %, 81
2026/10/09 04:45:29.345, 71.87 W, 1320 MHz, 6251 MHz, 100 %, 81
2026/10/09 04:45:29.846, 72.33 W, 1290 MHz, 6251 MHz, 100 %, 81
2026/10/09 04:45:30.346, 72.13 W, 1305 MHz, 6251 MHz, 100 %, 81
2026/10/09 04:45:30.846, 71.38 W, 1320 MHz, 6251 MHz, 100 %, 81
2026/10/09 04:45:31.346, 71.60 W, 1335 MHz, 6251 MHz, 100 %, 81
2026/10/09 04:45:31.846, 71.93 W, 1290 MHz, 6251 MHz, 100 %, 81
2026/10/09 04:45:32.347, 72.05 W, 1275 MHz, 6251 MHz, 100 %, 81
2026/10/09 04:45:32.847, 72.03 W, 1290 MHz, 6251 MHz, 100 %, 80
2026/10/09 04:45:33.348, 72.54 W, 1170 MHz, 6251 MHz, 100 %, 81
2026/10/09 04:45:33.848, 72.21 W, 1320 MHz, 6251 MHz, 100 %, 80
2026/10/09 04:45:34.348, 70.94 W, 1230 MHz, 6251 MHz, 100 %, 81
2026/10/09 04:45:34.848, 71.09 W, 1065 MHz, 6251 MHz, 100 %, 81
2026/10/09 04:45:35.348, 70.98 W, 945 MHz, 6251 MHz, 100 %, 81
2026/10/09 04:45:35.848, 70.97 W, 975 MHz, 6251 MHz, 100 %, 81
2026/10/09 04:45:36.349, 71.28 W, 915 MHz, 6251 MHz, 100 %, 82
2026/10/09 04:45:36.849, 71.70 W, 1065 MHz, 6251 MHz, 100 %, 82
2026/10/09 04:45:37.349, 71.87 W, 945 MHz, 6251 MHz, 100 %, 81
2026/10/09 04:45:37.849, 71.87 W, 1035 MHz, 6251 MHz, 100 %, 82
2026/10/09 04:45:38.349, 71.54 W, 975 MHz, 6251 MHz, 100 %, 82
2026/10/09 04:45:38.850, 71.88 W, 1035 MHz, 6251 MHz, 100 %, 82
2026/10/09 04:45:39.350, 71.65 W, 1305 MHz, 6251 MHz, 100 %, 81
2026/10/09 04:45:39.850, 71.50 W, 1050 MHz, 6251 MHz, 100 %, 82
2026/10/09 04:45:40.350, 71.11 W, 1005 MHz, 6251 MHz, 100 %, 82
2026/10/09 04:45:40.850, 71.60 W, 1020 MHz, 6251 MHz, 100 %, 82
2026/10/09 04:45:41.350, 72.03 W, 1020 MHz, 6251 MHz, 100 %, 82
2026/10/09 04:45:41.851, 72.20 W, 1350 MHz, 6251 MHz, 100 %, 80
2026/10/09 04:45:42.351, 71.82 W, 1260 MHz, 6251 MHz, 100 %, 80
2026/10/09 04:45:42.851, 71.21 W, 1020 MHz, 6251 MHz, 100 %, 82
2026/10/09 04:45:43.351, 71.32 W, 945 MHz, 6251 MHz, 100 %, 82
2026/10/09 04:45:43.851, 72.36 W, 1065 MHz, 6251 MHz, 100 %, 82
2026/10/09 04:45:44.352, 72.19 W, 975 MHz, 6251 MHz, 100 %, 82
2026/10/09 04:45:44.852, 71.65 W, 1065 MHz, 6251 MHz, 100 %, 82
2026/10/09 04:45:45.352, 71.52 W, 960 MHz, 6251 MHz, 100 %, 82
2026/10/09 04:45:45.852, 72.88 W, 1050 MHz, 6251 MHz, 100 %, 82
2026/10/09 04:45:46.352, 72.71 W, 930 MHz, 6251 MHz, 100 %, 82
2026/10/09 04:45:46.853, 72.11 W, 1050 MHz, 6251 MHz, 100 %, 82
2026/10/09 04:45:47.353, 71.79 W, 930 MHz, 6251 MHz, 100 %, 82
2026/10/09 04:45:47.853, 71.65 W, 1380 MHz, 6251 MHz, 100 %, 81
2026/10/09 04:45:48.353, 71.74 W, 1275 MHz, 6251 MHz, 100 %, 80
2026/10/09 04:45:48.853, 72.25 W, 1395 MHz, 6251 MHz, 100 %, 80
2026/10/09 04:45:49.353, 71.74 W, 1260 MHz, 6251 MHz, 100 %, 80
2026/10/09 04:45:49.854, 72.11 W, 1380 MHz, 6251 MHz, 100 %, 80
2026/10/09 04:45:50.354, 71.86 W, 1290 MHz, 6251 MHz, 100 %, 80
2026/10/09 04:45:50.854, 72.05 W, 1380 MHz, 6251 MHz, 100 %, 80
2026/10/09 04:45:51.354, 71.88 W, 1305 MHz, 6251 MHz, 100 %, 80
2026/10/09 04:45:51.854, 72.19 W, 1365 MHz, 6251 MHz, 100 %, 80
2026/10/09 04:45:52.354, 71.92 W, 1320 MHz, 6251 MHz, 100 %, 80
2026/10/09 04:45:52.855, 72.02 W, 1350 MHz, 6251 MHz, 100 %, 81
2026/10/09 04:45:53.355, 72.18 W, 1305 MHz, 6251 MHz, 100 %, 80
2026/10/09 04:45:53.855, 72.14 W, 1365 MHz, 6251 MHz, 100 %, 80
2026/10/09 04:45:54.355, 71.90 W, 1305 MHz, 6251 MHz, 100 %, 81
2026/10/09 04:45:54.855, 71.53 W, 990 MHz, 6251 MHz, 100 %, 82
2026/10/09 04:45:55.356, 71.53 W, 930 MHz, 6251 MHz, 100 %, 82
2026/10/09 04:45:55.856, 72.05 W, 1050 MHz, 6251 MHz, 100 %, 83
2026/10/09 04:45:56.356, 71.90 W, 855 MHz, 6251 MHz, 100 %, 83
2026/10/09 04:45:56.856, 72.37 W, 1005 MHz, 6251 MHz, 100 %, 83
2026/10/09 04:45:57.356, 72.17 W, 930 MHz, 6251 MHz, 100 %, 83
2026/10/09 04:45:57.856, 71.92 W, 1005 MHz, 6251 MHz, 100 %, 83
2026/10/09 04:45:58.357, 72.08 W, 960 MHz, 6251 MHz, 100 %, 83
2026/10/09 04:45:58.857, 72.25 W, 1020 MHz, 6251 MHz, 100 %, 84
2026/10/09 04:45:59.357, 71.50 W, 1425 MHz, 6251 MHz, 100 %, 82
2026/10/09 04:45:59.857, 72.76 W, 945 MHz, 6251 MHz, 100 %, 83
2026/10/09 04:46:00.357, 72.76 W, 1005 MHz, 6251 MHz, 100 %, 83
2026/10/09 04:46:00.858, 71.83 W, 990 MHz, 6251 MHz, 100 %, 84
2026/10/09 04:46:01.358, 71.98 W, 915 MHz, 6251 MHz, 100 %, 83
2026/10/09 04:46:01.858, 71.29 W, 1455 MHz, 6251 MHz, 100 %, 82
2026/10/09 04:46:02.358, 71.76 W, 1380 MHz, 6251 MHz, 100 %, 82
2026/10/09 04:46:02.858, 71.79 W, 990 MHz, 6251 MHz, 100 %, 83
2026/10/09 04:46:03.358, 71.78 W, 885 MHz, 6251 MHz, 100 %, 83
2026/10/09 04:46:03.859, 72.32 W, 1005 MHz, 6251 MHz, 100 %, 83
2026/10/09 04:46:04.359, 71.82 W, 930 MHz, 6251 MHz, 100 %, 83
2026/10/09 04:46:04.859, 73.03 W, 1005 MHz, 6251 MHz, 100 %, 83
2026/10/09 04:46:05.359, 72.27 W, 1110 MHz, 6251 MHz, 100 %, 83
2026/10/09 04:46:05.859, 71.22 W, 990 MHz, 6251 MHz, 100 %, 83
2026/10/09 04:46:06.360, 70.94 W, 900 MHz, 6251 MHz, 100 %, 82
2026/10/09 04:46:06.860, 72.05 W, 1005 MHz, 6251 MHz, 100 %, 83
2026/10/09 04:46:07.360, 71.78 W, 930 MHz, 6251 MHz, 100 %, 82
2026/10/09 04:46:07.860, 72.18 W, 1470 MHz, 6251 MHz, 100 %, 81
2026/10/09 04:46:08.361, 72.04 W, 1320 MHz, 6251 MHz, 100 %, 81
2026/10/09 04:46:08.861, 71.89 W, 1455 MHz, 6251 MHz, 100 %, 81
2026/10/09 04:46:09.361, 71.77 W, 1350 MHz, 6251 MHz, 100 %, 80
2026/10/09 04:46:09.861, 72.05 W, 1455 MHz, 6251 MHz, 100 %, 81
2026/10/09 04:46:10.361, 71.88 W, 1380 MHz, 6251 MHz, 100 %, 80
2026/10/09 04:46:10.861, 72.12 W, 1440 MHz, 6251 MHz, 100 %, 80
2026/10/09 04:46:11.362, 71.84 W, 1380 MHz, 6251 MHz, 100 %, 80
2026/10/09 04:46:11.862, 72.04 W, 1440 MHz, 6251 MHz, 100 %, 80
2026/10/09 04:46:12.362, 71.82 W, 1380 MHz, 6251 MHz, 100 %, 80
2026/10/09 04:46:12.862, 72.12 W, 1440 MHz, 6251 MHz, 100 %, 80
2026/10/09 04:46:13.362, 71.94 W, 1395 MHz, 6251 MHz, 100 %, 80
2026/10/09 04:46:13.862, 72.11 W, 1455 MHz, 6251 MHz, 100 %, 80
2026/10/09 04:46:14.363, 71.35 W, 960 MHz, 6251 MHz, 100 %, 82
2026/10/09 04:46:14.863, 71.45 W, 975 MHz, 6251 MHz, 100 %, 82
2026/10/09 04:46:15.363, 72.99 W, 990 MHz, 6251 MHz, 100 %, 82
2026/10/09 04:46:15.863, 72.88 W, 885 MHz, 6251 MHz, 100 %, 82
2026/10/09 04:46:16.363, 71.60 W, 1455 MHz, 6251 MHz, 100 %, 80
2026/10/09 04:46:16.863, 71.69 W, 1380 MHz, 6251 MHz, 100 %, 80
2026/10/09 04:46:17.364, 72.12 W, 1500 MHz, 6251 MHz, 100 %, 80
2026/10/09 04:46:17.864, 71.86 W, 1410 MHz, 6251 MHz, 100 %, 80
2026/10/09 04:46:18.364, 72.06 W, 1500 MHz, 6251 MHz, 100 %, 80
2026/10/09 04:46:18.864, 71.89 W, 1470 MHz, 6251 MHz, 100 %, 80
2026/10/09 04:46:19.364, 72.25 W, 1560 MHz, 6251 MHz, 100 %, 80
2026/10/09 04:46:19.865, 71.82 W, 1530 MHz, 6251 MHz, 100 %, 80
2026/10/09 04:46:20.365, 72.04 W, 1560 MHz, 6251 MHz, 100 %, 80
2026/10/09 04:46:20.865, 71.96 W, 1545 MHz, 6251 MHz, 100 %, 80
2026/10/09 04:46:21.365, 72.09 W, 1545 MHz, 6251 MHz, 100 %, 80
2026/10/09 04:46:21.865, 72.13 W, 1515 MHz, 6251 MHz, 100 %, 80
2026/10/09 04:46:22.365, 72.01 W, 1545 MHz, 6251 MHz, 100 %, 80
2026/10/09 04:46:22.866, 72.03 W, 1530 MHz, 6251 MHz, 100 %, 80
2026/10/09 04:46:23.366, 72.07 W, 1545 MHz, 6251 MHz, 100 %, 80
2026/10/09 04:46:23.866, 72.09 W, 1530 MHz, 6251 MHz, 100 %, 80
2026/10/09 04:46:24.366, 72.07 W, 1530 MHz, 6251 MHz, 100 %, 80
2026/10/09 04:46:24.866, 66.89 W, 975 MHz, 6251 MHz, 50 %, 81
2026/10/09 04:46:25.366, 67.60 W, 1050 MHz, 6251 MHz, 100 %, 82
2026/10/09 04:46:25.866, 74.31 W, 930 MHz, 6251 MHz, 83 %, 82
2026/10/09 04:46:26.367, 72.53 W, 1005 MHz, 6251 MHz, 100 %, 82
2026/10/09 04:46:26.867, 73.47 W, 960 MHz, 6251 MHz, 84 %, 82
2026/10/09 04:46:27.367, 73.34 W, 1005 MHz, 6251 MHz, 100 %, 82
2026/10/09 04:46:27.867, 73.03 W, 1020 MHz, 6251 MHz, 83 %, 83
2026/10/09 04:46:28.367, 72.19 W, 1020 MHz, 6251 MHz, 100 %, 83
2026/10/09 04:46:28.867, 69.71 W, 1140 MHz, 6251 MHz, 85 %, 83
2026/10/09 04:46:29.367, 69.57 W, 990 MHz, 6251 MHz, 100 %, 83
2026/10/09 04:46:29.868, 69.37 W, 1485 MHz, 6251 MHz, 100 %, 83
2026/10/09 04:46:30.368, 72.27 W, 990 MHz, 6251 MHz, 100 %, 83
2026/10/09 04:46:30.868, 72.43 W, 1035 MHz, 6251 MHz, 100 %, 81
2026/10/09 04:46:31.368, 73.13 W, 1005 MHz, 6251 MHz, 100 %, 83
2026/10/09 04:46:31.868, 73.30 W, 1035 MHz, 6251 MHz, 100 %, 83
2026/10/09 04:46:32.369, 73.62 W, 975 MHz, 6251 MHz, 100 %, 83
2026/10/09 04:46:32.869, 73.43 W, 1050 MHz, 6251 MHz, 100 %, 83
2026/10/09 04:46:33.369, 71.03 W, 975 MHz, 6251 MHz, 100 %, 83
2026/10/09 04:46:33.869, 70.52 W, 1050 MHz, 6251 MHz, 100 %, 83
2026/10/09 04:46:34.369, 60.32 W, 2040 MHz, 6251 MHz, 1 %, 80
2026/10/09 04:46:34.869, 48.11 W, 2040 MHz, 6251 MHz, 0 %, 79
2026/10/09 04:46:35.369, 41.20 W, 2040 MHz, 6251 MHz, 0 %, 79
2026/10/09 04:46:35.870, 36.92 W, 2040 MHz, 6251 MHz, 0 %, 78
2026/10/09 04:46:36.370, 36.95 W, 2040 MHz, 6251 MHz, 0 %, 78
2026/10/09 04:46:36.870, 36.88 W, 2040 MHz, 6251 MHz, 0 %, 78
2026/10/09 04:46:37.370, 36.65 W, 2040 MHz, 6251 MHz, 0 %, 78
2026/10/09 04:46:37.870, 36.63 W, 2040 MHz, 6251 MHz, 0 %, 78
2026/10/09 04:46:38.370, 36.59 W, 2040 MHz, 6251 MHz, 0 %, 77
2026/10/09 04:46:38.870, 36.48 W, 2040 MHz, 6251 MHz, 0 %, 77
2026/10/09 04:46:39.370, 36.40 W, 2040 MHz, 6251 MHz, 0 %, 77
2026/10/09 04:46:39.871, 36.35 W, 2040 MHz, 6251 MHz, 0 %, 77
2026/10/09 04:46:40.371, 36.29 W, 2040 MHz, 6251 MHz, 0 %, 77
2026/10/09 04:46:40.871, 36.27 W, 2040 MHz, 6251 MHz, 0 %, 77
2026/10/09 04:46:41.371, 36.18 W, 2040 MHz, 6251 MHz, 0 %, 77
2026/10/09 04:46:41.871, 36.12 W, 2040 MHz, 6251 MHz, 0 %, 76
2026/10/09 04:46:42.371, 36.09 W, 2040 MHz, 6251 MHz, 0 %, 76
2026/10/09 04:46:42.871, 35.99 W, 2040 MHz, 6251 MHz, 0 %, 76
2026/10/09 04:46:43.372, 35.93 W, 2040 MHz, 6251 MHz, 0 %, 76
2026/10/09 04:46:43.872, 35.91 W, 2040 MHz, 6251 MHz, 0 %, 76
2026/10/09 04:46:44.372, 35.83 W, 2040 MHz, 6251 MHz, 0 %, 76
2026/10/09 04:46:44.872, 35.83 W, 2040 MHz, 6251 MHz, 0 %, 76
2026/10/09 04:46:45.372, 35.82 W, 2040 MHz, 6251 MHz, 0 %, 76
2026/10/09 04:46:45.872, 35.72 W, 2040 MHz, 6251 MHz, 0 %, 75
2026/10/09 04:46:46.372, 35.73 W, 2040 MHz, 6251 MHz, 0 %, 75
2026/10/09 04:46:46.872, 35.70 W, 2040 MHz, 6251 MHz, 0 %, 75
2026/10/09 04:46:47.373, 35.67 W, 2040 MHz, 6251 MHz, 0 %, 75
2026/10/09 04:46:47.873, 35.65 W, 2040 MHz, 6251 MHz, 0 %, 75
2026/10/09 04:46:48.373, 35.58 W, 2040 MHz, 6251 MHz, 0 %, 75
2026/10/09 04:46:48.873, 35.51 W, 2040 MHz, 6251 MHz, 0 %, 75
2026/10/09 04:46:49.373, 35.54 W, 2040 MHz, 6251 MHz, 0 %, 75
2026/10/09 04:46:49.873, 35.53 W, 2040 MHz, 6251 MHz, 0 %, 75
2026/10/09 04:46:50.373, 35.44 W, 2040 MHz, 6251 MHz, 0 %, 75
2026/10/09 04:46:50.874, 35.44 W, 2040 MHz, 6251 MHz, 0 %, 75
2026/10/09 04:46:51.374, 35.47 W, 2040 MHz, 6251 MHz, 0 %, 75
2026/10/09 04:46:51.874, 35.43 W, 2040 MHz, 6251 MHz, 0 %, 75
2026/10/09 04:46:52.374, 35.43 W, 2040 MHz, 6251 MHz, 0 %, 74
2026/10/09 04:46:52.874, 35.40 W, 2040 MHz, 6251 MHz, 0 %, 74
2026/10/09 04:46:53.374, 35.33 W, 2040 MHz, 6251 MHz, 0 %, 74
2026/10/09 04:46:53.874, 35.55 W, 2040 MHz, 6251 MHz, 0 %, 74
2026/10/09 04:46:54.374, 35.74 W, 2040 MHz, 6251 MHz, 3 %, 74
2026/10/09 04:46:54.875, 35.54 W, 2040 MHz, 6251 MHz, 0 %, 74
2026/10/09 04:46:55.375, 35.45 W, 2040 MHz, 6251 MHz, 0 %, 74
2026/10/09 04:46:55.875, 35.44 W, 2040 MHz, 6251 MHz, 4 %, 74
2026/10/09 04:46:56.375, 35.45 W, 2040 MHz, 6251 MHz, 1 %, 74
2026/10/09 04:46:56.875, 35.32 W, 2040 MHz, 6251 MHz, 1 %, 74
2026/10/09 04:46:57.375, 35.27 W, 2040 MHz, 6251 MHz, 1 %, 74
2026/10/09 04:46:57.875, 35.29 W, 2040 MHz, 6251 MHz, 1 %, 74
2026/10/09 04:46:58.375, 35.30 W, 2040 MHz, 6251 MHz, 1 %, 74
2026/10/09 04:46:58.876, 35.24 W, 2040 MHz, 6251 MHz, 1 %, 74
2026/10/09 04:46:59.376, 35.27 W, 2040 MHz, 6251 MHz, 1 %, 74
2026/10/09 04:46:59.876, 35.29 W, 2040 MHz, 6251 MHz, 1 %, 74
2026/10/09 04:47:00.376, 35.21 W, 2040 MHz, 6251 MHz, 1 %, 74
2026/10/09 04:47:00.876, 35.25 W, 2040 MHz, 6251 MHz, 1 %, 74
2026/10/09 04:47:01.376, 35.26 W, 2040 MHz, 6251 MHz, 1 %, 74
2026/10/09 04:47:01.876, 35.18 W, 2040 MHz, 6251 MHz, 1 %, 74
2026/10/09 04:47:02.377, 35.20 W, 2040 MHz, 6251 MHz, 1 %, 74
2026/10/09 04:47:02.877, 35.24 W, 2040 MHz, 6251 MHz, 1 %, 74
2026/10/09 04:47:03.377, 35.17 W, 2040 MHz, 6251 MHz, 1 %, 74
2026/10/09 04:47:03.877, 35.21 W, 2040 MHz, 6251 MHz, 1 %, 74
2026/10/09 04:47:04.377, 35.26 W, 2040 MHz, 6251 MHz, 1 %, 74
2026/10/09 04:47:04.877, 35.19 W, 2040 MHz, 6251 MHz, 1 %, 74
2026/10/09 04:47:05.377, 35.22 W, 2040 MHz, 6251 MHz, 1 %, 74
2026/10/09 04:47:05.877, 35.24 W, 2040 MHz, 6251 MHz, 1 %, 74
2026/10/09 04:47:06.378, 35.19 W, 2040 MHz, 6251 MHz, 1 %, 74
2026/10/09 04:47:06.878, 35.19 W, 2040 MHz, 6251 MHz, 1 %, 74
2026/10/09 04:47:07.378, 35.22 W, 2040 MHz, 6251 MHz, 1 %, 74
2026/10/09 04:47:07.878, 35.20 W, 2040 MHz, 6251 MHz, 1 %, 74
2026/10/09 04:47:08.378, 35.22 W, 2040 MHz, 6251 MHz, 1 %, 74
2026/10/09 04:47:08.878, 35.22 W, 2040 MHz, 6251 MHz, 1 %, 74
2026/10/09 04:47:09.378, 35.18 W, 2040 MHz, 6251 MHz, 1 %, 74
2026/10/09 04:47:09.878, 35.21 W, 2040 MHz, 6251 MHz, 1 %, 74
2026/10/09 04:47:10.379, 35.24 W, 2040 MHz, 6251 MHz, 1 %, 74
2026/10/09 04:47:10.879, 35.23 W, 2040 MHz, 6251 MHz, 1 %, 74
2026/10/09 04:47:11.379, 35.24 W, 2040 MHz, 6251 MHz, 1 %, 74
2026/10/09 04:47:11.879, 35.28 W, 2040 MHz, 6251 MHz, 1 %, 74
2026/10/09 04:47:12.379, 35.28 W, 2040 MHz, 6251 MHz, 1 %, 74
2026/10/09 04:47:12.879, 35.23 W, 2040 MHz, 6251 MHz, 1 %, 74
2026/10/09 04:47:13.379, 35.30 W, 2040 MHz, 6251 MHz, 1 %, 74
2026/10/09 04:47:13.880, 35.32 W, 2040 MHz, 6251 MHz, 1 %, 74
2026/10/09 04:47:14.380, 35.28 W, 2040 MHz, 6251 MHz, 1 %, 74
2026/10/09 04:47:14.880, 35.35 W, 2040 MHz, 6251 MHz, 1 %, 74
2026/10/09 04:47:15.380, 35.39 W, 2040 MHz, 6251 MHz, 1 %, 74
2026/10/09 04:47:15.880, 35.36 W, 2040 MHz, 6251 MHz, 1 %, 74
2026/10/09 04:47:16.380, 35.40 W, 2040 MHz, 6251 MHz, 1 %, 74
2026/10/09 04:47:16.880, 35.42 W, 2040 MHz, 6251 MHz, 1 %, 74
2026/10/09 04:47:17.380, 35.40 W, 2040 MHz, 6251 MHz, 1 %, 74
2026/10/09 04:47:17.881, 35.43 W, 2040 MHz, 6251 MHz, 1 %, 75
2026/10/09 04:47:18.381, 35.48 W, 2040 MHz, 6251 MHz, 1 %, 75
2026/10/09 04:47:18.881, 35.46 W, 2040 MHz, 6251 MHz, 1 %, 75
2026/10/09 04:47:19.381, 35.39 W, 2040 MHz, 6251 MHz, 1 %, 75
2026/10/09 04:47:19.881, 35.44 W, 2040 MHz, 6251 MHz, 1 %, 75
2026/10/09 04:47:20.381, 35.52 W, 2040 MHz, 6251 MHz, 1 %, 75
2026/10/09 04:47:20.881, 35.52 W, 2040 MHz, 6251 MHz, 1 %, 75
2026/10/09 04:47:21.382, 35.46 W, 2040 MHz, 6251 MHz, 1 %, 75
2026/10/09 04:47:21.882, 35.51 W, 2040 MHz, 6251 MHz, 1 %, 75
2026/10/09 04:47:22.382, 35.58 W, 2040 MHz, 6251 MHz, 1 %, 75
2026/10/09 04:47:22.882, 35.55 W, 2040 MHz, 6251 MHz, 1 %, 75
2026/10/09 04:47:23.382, 35.52 W, 2040 MHz, 6251 MHz, 1 %, 75
2026/10/09 04:47:23.882, 35.57 W, 2040 MHz, 6251 MHz, 1 %, 75
2026/10/09 04:47:24.382, 35.61 W, 2040 MHz, 6251 MHz, 1 %, 75
2026/10/09 04:47:24.883, 35.56 W, 2040 MHz, 6251 MHz, 1 %, 75
2026/10/09 04:47:25.383, 35.57 W, 2040 MHz, 6251 MHz, 1 %, 75
2026/10/09 04:47:25.883, 35.65 W, 2040 MHz, 6251 MHz, 1 %, 75
2026/10/09 04:47:26.383, 35.65 W, 2040 MHz, 6251 MHz, 1 %, 75
2026/10/09 04:47:26.883, 35.61 W, 2040 MHz, 6251 MHz, 1 %, 75
2026/10/09 04:47:27.383, 35.66 W, 2040 MHz, 6251 MHz, 1 %, 75
2026/10/09 04:47:27.883, 35.71 W, 2040 MHz, 6251 MHz, 1 %, 75
2026/10/09 04:47:28.383, 35.70 W, 2040 MHz, 6251 MHz, 1 %, 75
2026/10/09 04:47:28.884, 35.64 W, 2040 MHz, 6251 MHz, 1 %, 75
2026/10/09 04:47:29.384, 35.70 W, 2040 MHz, 6251 MHz, 1 %, 76
2026/10/09 04:47:29.884, 35.75 W, 2040 MHz, 6251 MHz, 1 %, 76
2026/10/09 04:47:30.384, 35.73 W, 2040 MHz, 6251 MHz, 1 %, 76
2026/10/09 04:47:30.884, 35.70 W, 2040 MHz, 6251 MHz, 1 %, 76
2026/10/09 04:47:31.384, 35.79 W, 2040 MHz, 6251 MHz, 1 %, 76
2026/10/09 04:47:31.884, 35.84 W, 2040 MHz, 6251 MHz, 1 %, 76
2026/10/09 04:47:32.385, 35.83 W, 2040 MHz, 6251 MHz, 1 %, 76
2026/10/09 04:47:32.885, 35.76 W, 2040 MHz, 6251 MHz, 1 %, 76
2026/10/09 04:47:33.385, 35.81 W, 2040 MHz, 6251 MHz, 1 %, 76
2026/10/09 04:47:33.885, 35.84 W, 2040 MHz, 6251 MHz, 1 %, 76
2026/10/09 04:47:34.385, 35.83 W, 2040 MHz, 6251 MHz, 1 %, 76
2026/10/09 04:47:34.885, 35.78 W, 2040 MHz, 6251 MHz, 1 %, 76
2026/10/09 04:47:35.386, 35.82 W, 2040 MHz, 6251 MHz, 1 %, 76
2026/10/09 04:47:35.886, 35.91 W, 2040 MHz, 6251 MHz, 1 %, 76
2026/10/09 04:47:36.386, 35.97 W, 2040 MHz, 6251 MHz, 1 %, 76
2026/10/09 04:47:36.886, 35.91 W, 2040 MHz, 6251 MHz, 1 %, 76
2026/10/09 04:47:37.386, 35.90 W, 2040 MHz, 6251 MHz, 1 %, 76
2026/10/09 04:47:37.886, 35.95 W, 2040 MHz, 6251 MHz, 1 %, 76
2026/10/09 04:47:38.387, 36.00 W, 2040 MHz, 6251 MHz, 1 %, 76
2026/10/09 04:47:38.887, 35.96 W, 2040 MHz, 6251 MHz, 1 %, 76
2026/10/09 04:47:39.387, 35.91 W, 2040 MHz, 6251 MHz, 1 %, 76
2026/10/09 04:47:39.887, 35.92 W, 2040 MHz, 6251 MHz, 1 %, 76
2026/10/09 04:47:40.387, 36.01 W, 2040 MHz, 6251 MHz, 1 %, 76
2026/10/09 04:47:40.887, 36.03 W, 2040 MHz, 6251 MHz, 1 %, 76
2026/10/09 04:47:41.388, 36.01 W, 2040 MHz, 6251 MHz, 1 %, 76
2026/10/09 04:47:41.888, 39.95 W, 2040 MHz, 6251 MHz, 30 %, 78
2026/10/09 04:47:42.388, 41.17 W, 2040 MHz, 6251 MHz, 0 %, 77
2026/10/09 04:47:42.888, 39.27 W, 2040 MHz, 6251 MHz, 1 %, 77
2026/10/09 04:47:43.388, 36.59 W, 2040 MHz, 6251 MHz, 0 %, 77
2026/10/09 04:47:43.888, 36.11 W, 2040 MHz, 6251 MHz, 0 %, 77
2026/10/09 04:47:44.388, 36.08 W, 2040 MHz, 6251 MHz, 0 %, 77
2026/10/09 04:47:44.889, 36.09 W, 2040 MHz, 6251 MHz, 0 %, 77
2026/10/09 04:47:45.389, 36.14 W, 2040 MHz, 6251 MHz, 0 %, 77
2026/10/09 04:47:45.889, 36.10 W, 2040 MHz, 6251 MHz, 0 %, 77
2026/10/09 04:47:46.389, 36.03 W, 2040 MHz, 6251 MHz, 0 %, 77
2026/10/09 04:47:46.889, 36.01 W, 2040 MHz, 6251 MHz, 0 %, 76
2026/10/09 04:47:47.389, 36.06 W, 2040 MHz, 6251 MHz, 0 %, 76
2026/10/09 04:47:47.889, 36.08 W, 2040 MHz, 6251 MHz, 0 %, 76
2026/10/09 04:47:48.390, 36.00 W, 2040 MHz, 6251 MHz, 0 %, 76
2026/10/09 04:47:48.890, 35.94 W, 2040 MHz, 6251 MHz, 0 %, 76
2026/10/09 04:47:49.390, 35.99 W, 2040 MHz, 6251 MHz, 0 %, 76
2026/10/09 04:47:49.890, 36.04 W, 2040 MHz, 6251 MHz, 0 %, 76
2026/10/09 04:47:50.390, 35.99 W, 2040 MHz, 6251 MHz, 0 %, 76
2026/10/09 04:47:50.890, 35.92 W, 2040 MHz, 6251 MHz, 0 %, 76
2026/10/09 04:47:51.391, 35.90 W, 2040 MHz, 6251 MHz, 0 %, 76
2026/10/09 04:47:51.891, 35.94 W, 2040 MHz, 6251 MHz, 0 %, 76
2026/10/09 04:47:52.391, 35.98 W, 2040 MHz, 6251 MHz, 0 %, 76
2026/10/09 04:47:52.891, 35.93 W, 2040 MHz, 6251 MHz, 0 %, 76
2026/10/09 04:47:53.391, 35.87 W, 2040 MHz, 6251 MHz, 0 %, 76
2026/10/09 04:47:53.891, 35.92 W, 2040 MHz, 6251 MHz, 0 %, 76
2026/10/09 04:47:54.391, 35.99 W, 2040 MHz, 6251 MHz, 0 %, 76
2026/10/09 04:47:54.892, 35.96 W, 2040 MHz, 6251 MHz, 0 %, 76
2026/10/09 04:47:55.392, 35.92 W, 2040 MHz, 6251 MHz, 0 %, 76
2026/10/09 04:47:55.892, 35.94 W, 2040 MHz, 6251 MHz, 0 %, 76
2026/10/09 04:47:56.392, 35.99 W, 2040 MHz, 6251 MHz, 0 %, 76
2026/10/09 04:47:56.892, 42.31 W, 1830 MHz, 6251 MHz, 98 %, 79
2026/10/09 04:47:57.392, 55.91 W, 2025 MHz, 6251 MHz, 98 %, 77
2026/10/09 04:47:57.892, 52.51 W, 2040 MHz, 6251 MHz, 0 %, 76
2026/10/09 04:47:58.393, 35.94 W, 2040 MHz, 6251 MHz, 0 %, 76
2026/10/09 04:47:58.893, 36.08 W, 2040 MHz, 6251 MHz, 0 %, 76
2026/10/09 04:47:59.393, 42.80 W, 1995 MHz, 6251 MHz, 30 %, 79
2026/10/09 04:47:59.893, 52.89 W, 2040 MHz, 6251 MHz, 0 %, 77
2026/10/09 04:48:00.393, 49.76 W, 2040 MHz, 6251 MHz, 0 %, 77
2026/10/09 04:48:00.893, 35.82 W, 2040 MHz, 6251 MHz, 0 %, 76
2026/10/09 04:48:01.393, 35.83 W, 2040 MHz, 6251 MHz, 0 %, 76
2026/10/09 04:48:01.894, 35.75 W, 2040 MHz, 6251 MHz, 0 %, 76
2026/10/09 04:48:02.394, 35.64 W, 2040 MHz, 6251 MHz, 0 %, 76
2026/10/09 04:48:02.894, 35.68 W, 2040 MHz, 6251 MHz, 0 %, 76
2026/10/09 04:48:03.394, 42.83 W, 1755 MHz, 6251 MHz, 98 %, 79
2026/10/09 04:48:03.894, 56.47 W, 2025 MHz, 6251 MHz, 49 %, 77
2026/10/09 04:48:04.394, 52.12 W, 2040 MHz, 6251 MHz, 0 %, 77
2026/10/09 04:48:04.894, 35.94 W, 2040 MHz, 6251 MHz, 0 %, 76
2026/10/09 04:48:05.395, 36.03 W, 2040 MHz, 6251 MHz, 0 %, 76
2026/10/09 04:48:05.895, 36.04 W, 2040 MHz, 6251 MHz, 0 %, 76
2026/10/09 04:48:06.395, 35.96 W, 2040 MHz, 6251 MHz, 0 %, 76
2026/10/09 04:48:06.895, 35.90 W, 2040 MHz, 6251 MHz, 0 %, 76
2026/10/09 04:48:07.395, 35.95 W, 2040 MHz, 6251 MHz, 0 %, 76
2026/10/09 04:48:07.895, 42.56 W, 1875 MHz, 6251 MHz, 99 %, 78
2026/10/09 04:48:08.395, 52.79 W, 2025 MHz, 6251 MHz, 64 %, 77
2026/10/09 04:48:08.895, 46.21 W, 2040 MHz, 6251 MHz, 0 %, 76
2026/10/09 04:48:09.396, 35.89 W, 2040 MHz, 6251 MHz, 0 %, 76
2026/10/09 04:48:09.896, 35.85 W, 2040 MHz, 6251 MHz, 0 %, 76
2026/10/09 04:48:10.396, 35.79 W, 2040 MHz, 6251 MHz, 0 %, 76
2026/10/09 04:48:10.896, 35.69 W, 2040 MHz, 6251 MHz, 0 %, 76
2026/10/09 04:48:11.396, 35.69 W, 2040 MHz, 6251 MHz, 0 %, 76
2026/10/09 04:48:11.896, 35.76 W, 2040 MHz, 6251 MHz, 0 %, 76
2026/10/09 04:48:12.396, 35.73 W, 2040 MHz, 6251 MHz, 0 %, 76
2026/10/09 04:48:12.897, 35.67 W, 2040 MHz, 6251 MHz, 0 %, 76
2026/10/09 04:48:13.397, 35.64 W, 2040 MHz, 6251 MHz, 0 %, 76
2026/10/09 04:48:13.897, 35.71 W, 2040 MHz, 6251 MHz, 0 %, 76
2026/10/09 04:48:14.397, 35.75 W, 2040 MHz, 6251 MHz, 0 %, 76
2026/10/09 04:48:14.897, 53.37 W, 1740 MHz, 6251 MHz, 97 %, 79
2026/10/09 04:48:15.397, 68.36 W, 1425 MHz, 6251 MHz, 98 %, 79
2026/10/09 04:48:15.897, 55.16 W, 2040 MHz, 6251 MHz, 0 %, 77
2026/10/09 04:48:16.398, 40.71 W, 1935 MHz, 6251 MHz, 0 %, 77
2026/10/09 04:48:16.898, 39.92 W, 2040 MHz, 6251 MHz, 0 %, 77
2026/10/09 04:48:17.398, 39.88 W, 2040 MHz, 6251 MHz, 0 %, 77
2026/10/09 04:48:17.898, 36.10 W, 2040 MHz, 6251 MHz, 0 %, 77
2026/10/09 04:48:18.398, 36.16 W, 2040 MHz, 6251 MHz, 0 %, 77
2026/10/09 04:48:18.898, 36.22 W, 2040 MHz, 6251 MHz, 0 %, 77
2026/10/09 04:48:19.398, 36.19 W, 2040 MHz, 6251 MHz, 0 %, 77
2026/10/09 04:48:19.899, 36.17 W, 2040 MHz, 6251 MHz, 0 %, 77
2026/10/09 04:48:20.399, 36.17 W, 2040 MHz, 6251 MHz, 0 %, 77
2026/10/09 04:48:20.899, 36.22 W, 2040 MHz, 6251 MHz, 0 %, 77
2026/10/09 04:48:21.399, 36.27 W, 2040 MHz, 6251 MHz, 0 %, 77
2026/10/09 04:48:21.899, 36.22 W, 2040 MHz, 6251 MHz, 0 %, 77
2026/10/09 04:48:22.399, 36.20 W, 2040 MHz, 6251 MHz, 0 %, 77
2026/10/09 04:48:22.899, 36.22 W, 2040 MHz, 6251 MHz, 0 %, 77
2026/10/09 04:48:23.400, 50.57 W, 1095 MHz, 6251 MHz, 96 %, 82
2026/10/09 04:48:23.900, 64.06 W, 1950 MHz, 6251 MHz, 12 %, 79
2026/10/09 04:48:24.400, 53.07 W, 2040 MHz, 6251 MHz, 1 %, 78
2026/10/09 04:48:24.900, 36.83 W, 2040 MHz, 6251 MHz, 60 %, 78
2026/10/09 04:48:25.400, 37.02 W, 2040 MHz, 6251 MHz, 0 %, 78
2026/10/09 04:48:25.900, 53.88 W, 1245 MHz, 6251 MHz, 100 %, 82
2026/10/09 04:48:26.400, 62.10 W, 1695 MHz, 6251 MHz, 93 %, 82
2026/10/09 04:48:26.901, 60.60 W, 1245 MHz, 6251 MHz, 87 %, 83
2026/10/09 04:48:27.401, 59.01 W, 1905 MHz, 6251 MHz, 91 %, 82
2026/10/09 04:48:27.901, 65.94 W, 1500 MHz, 6251 MHz, 87 %, 83
2026/10/09 04:48:28.401, 67.78 W, 1530 MHz, 6251 MHz, 66 %, 84
2026/10/09 04:48:28.901, 55.90 W, 1260 MHz, 6251 MHz, 70 %, 84
2026/10/09 04:48:29.401, 49.93 W, 1155 MHz, 6251 MHz, 65 %, 83
2026/10/09 04:48:29.901, 56.70 W, 1425 MHz, 6251 MHz, 65 %, 83
2026/10/09 04:48:30.402, 61.69 W, 1545 MHz, 6251 MHz, 64 %, 82
2026/10/09 04:48:30.902, 66.75 W, 1950 MHz, 6251 MHz, 41 %, 84
2026/10/09 04:48:31.402, 57.78 W, 1155 MHz, 6251 MHz, 35 %, 83
2026/10/09 04:48:31.902, 62.37 W, 1290 MHz, 6251 MHz, 76 %, 83
2026/10/09 04:48:32.402, 68.74 W, 1500 MHz, 6251 MHz, 63 %, 85
2026/10/09 04:48:32.902, 68.56 W, 1350 MHz, 6251 MHz, 65 %, 84
2026/10/09 04:48:33.403, 65.43 W, 2025 MHz, 6251 MHz, 50 %, 83
2026/10/09 04:48:33.903, 51.85 W, 2040 MHz, 6251 MHz, 0 %, 80
2026/10/09 04:48:34.403, 47.17 W, 2025 MHz, 6251 MHz, 0 %, 81
2026/10/09 04:48:34.903, 44.46 W, 2040 MHz, 6251 MHz, 1 %, 80
2026/10/09 04:48:35.403, 38.16 W, 2040 MHz, 6251 MHz, 0 %, 80
2026/10/09 04:48:35.903, 41.87 W, 2025 MHz, 6251 MHz, 0 %, 79
2026/10/09 04:48:36.403, 40.94 W, 2040 MHz, 6251 MHz, 0 %, 79
2026/10/09 04:48:36.903, 36.88 W, 2040 MHz, 6251 MHz, 0 %, 78
2026/10/09 04:48:37.404, 36.75 W, 2040 MHz, 6251 MHz, 0 %, 78
2026/10/09 04:48:37.904, 36.48 W, 2040 MHz, 6251 MHz, 0 %, 77
2026/10/09 04:48:38.404, 36.24 W, 2040 MHz, 6251 MHz, 0 %, 77
2026/10/09 04:48:38.904, 36.06 W, 2040 MHz, 6251 MHz, 0 %, 76
2026/10/09 04:48:39.404, 35.89 W, 2040 MHz, 6251 MHz, 0 %, 75
2026/10/09 04:48:39.904, 35.62 W, 2040 MHz, 6251 MHz, 0 %, 75
2026/10/09 04:48:40.404, 38.73 W, 1440 MHz, 6251 MHz, 0 %, 78
2026/10/09 04:48:40.905, 57.50 W, 1500 MHz, 6251 MHz, 100 %, 77
2026/10/09 04:48:41.405, 68.15 W, 1515 MHz, 6251 MHz, 87 %, 76
2026/10/09 04:48:41.905, 67.13 W, 1515 MHz, 6251 MHz, 100 %, 76
2026/10/09 04:48:42.405, 72.58 W, 1410 MHz, 6251 MHz, 100 %, 75
2026/10/09 04:48:42.905, 72.30 W, 1515 MHz, 6251 MHz, 100 %, 76
2026/10/09 04:48:43.405, 72.00 W, 1425 MHz, 6251 MHz, 100 %, 75
2026/10/09 04:48:43.905, 72.12 W, 1545 MHz, 6251 MHz, 100 %, 75
2026/10/09 04:48:44.406, 72.09 W, 1455 MHz, 6251 MHz, 100 %, 74
2026/10/09 04:48:44.906, 72.21 W, 1485 MHz, 6251 MHz, 100 %, 74
2026/10/09 04:48:45.406, 72.03 W, 1440 MHz, 6251 MHz, 100 %, 74
2026/10/09 04:48:45.906, 72.08 W, 1485 MHz, 6251 MHz, 100 %, 74
2026/10/09 04:48:46.406, 71.93 W, 1455 MHz, 6251 MHz, 100 %, 74
2026/10/09 04:48:46.906, 71.79 W, 1515 MHz, 6251 MHz, 100 %, 73
2026/10/09 04:48:47.407, 71.74 W, 1470 MHz, 6251 MHz, 100 %, 73
2026/10/09 04:48:47.907, 72.18 W, 1485 MHz, 6251 MHz, 100 %, 73
2026/10/09 04:48:48.407, 71.95 W, 1470 MHz, 6251 MHz, 100 %, 73
2026/10/09 04:48:48.907, 72.10 W, 1470 MHz, 6251 MHz, 100 %, 73
2026/10/09 04:48:49.407, 71.45 W, 1365 MHz, 6251 MHz, 100 %, 74
2026/10/09 04:48:49.907, 71.51 W, 1470 MHz, 6251 MHz, 100 %, 72
2026/10/09 04:48:50.407, 71.49 W, 1455 MHz, 6251 MHz, 100 %, 72
2026/10/09 04:48:50.908, 72.00 W, 1500 MHz, 6251 MHz, 100 %, 72
2026/10/09 04:48:51.408, 72.00 W, 1470 MHz, 6251 MHz, 100 %, 71
2026/10/09 04:48:51.908, 72.08 W, 1485 MHz, 6251 MHz, 100 %, 71
2026/10/09 04:48:52.408, 71.68 W, 1500 MHz, 6251 MHz, 100 %, 71
2026/10/09 04:48:52.908, 71.72 W, 1515 MHz, 6251 MHz, 100 %, 71
2026/10/09 04:48:53.408, 72.13 W, 1515 MHz, 6251 MHz, 100 %, 71
2026/10/09 04:48:53.908, 72.14 W, 1515 MHz, 6251 MHz, 100 %, 71
2026/10/09 04:48:54.409, 72.14 W, 1500 MHz, 6251 MHz, 100 %, 70
2026/10/09 04:48:54.909, 71.91 W, 1530 MHz, 6251 MHz, 100 %, 70
2026/10/09 04:48:55.409, 72.02 W, 1515 MHz, 6251 MHz, 100 %, 70
2026/10/09 04:48:55.909, 72.06 W, 1500 MHz, 6251 MHz, 100 %, 70
2026/10/09 04:48:56.409, 72.22 W, 1500 MHz, 6251 MHz, 100 %, 70
2026/10/09 04:48:56.909, 72.07 W, 1500 MHz, 6251 MHz, 100 %, 70
2026/10/09 04:48:57.409, 72.05 W, 1485 MHz, 6251 MHz, 100 %, 70
2026/10/09 04:48:57.910, 72.32 W, 1530 MHz, 6251 MHz, 100 %, 69
2026/10/09 04:48:58.410, 72.40 W, 1500 MHz, 6251 MHz, 100 %, 69
2026/10/09 04:48:58.910, 72.15 W, 1530 MHz, 6251 MHz, 100 %, 69
2026/10/09 04:48:59.410, 72.20 W, 1515 MHz, 6251 MHz, 100 %, 69
2026/10/09 04:48:59.910, 72.10 W, 1515 MHz, 6251 MHz, 100 %, 69
2026/10/09 04:49:00.410, 73.24 W, 1545 MHz, 6251 MHz, 100 %, 69
2026/10/09 04:49:00.911, 73.29 W, 1515 MHz, 6251 MHz, 100 %, 69
2026/10/09 04:49:01.411, 72.00 W, 1515 MHz, 6251 MHz, 100 %, 69
2026/10/09 04:49:01.911, 72.08 W, 1515 MHz, 6251 MHz, 100 %, 68
2026/10/09 04:49:02.411, 72.06 W, 1530 MHz, 6251 MHz, 100 %, 68
2026/10/09 04:49:02.911, 73.41 W, 1275 MHz, 6251 MHz, 92 %, 68
2026/10/09 04:49:03.411, 73.33 W, 1515 MHz, 6251 MHz, 100 %, 68
2026/10/09 04:49:03.912, 73.08 W, 1500 MHz, 6251 MHz, 100 %, 68
2026/10/09 04:49:04.412, 71.98 W, 1530 MHz, 6251 MHz, 100 %, 68
2026/10/09 04:49:04.912, 72.03 W, 1515 MHz, 6251 MHz, 100 %, 68
2026/10/09 04:49:05.412, 72.06 W, 1515 MHz, 6251 MHz, 100 %, 68
2026/10/09 04:49:05.912, 72.85 W, 1545 MHz, 6251 MHz, 100 %, 68
2026/10/09 04:49:06.412, 72.88 W, 1545 MHz, 6251 MHz, 100 %, 68
2026/10/09 04:49:06.912, 71.96 W, 1530 MHz, 6251 MHz, 100 %, 67
2026/10/09 04:49:07.413, 72.02 W, 1545 MHz, 6251 MHz, 100 %, 67
2026/10/09 04:49:07.913, 72.12 W, 1530 MHz, 6251 MHz, 100 %, 67
2026/10/09 04:49:08.413, 72.59 W, 1530 MHz, 6251 MHz, 91 %, 67
2026/10/09 04:49:08.913, 72.74 W, 1545 MHz, 6251 MHz, 100 %, 67
2026/10/09 04:49:09.413, 71.70 W, 1545 MHz, 6251 MHz, 100 %, 67
2026/10/09 04:49:09.913, 71.96 W, 1545 MHz, 6251 MHz, 100 %, 67
2026/10/09 04:49:10.414, 72.02 W, 1530 MHz, 6251 MHz, 100 %, 67
2026/10/09 04:49:10.914, 72.01 W, 1545 MHz, 6251 MHz, 100 %, 67
2026/10/09 04:49:11.414, 71.51 W, 1530 MHz, 6251 MHz, 100 %, 67
2026/10/09 04:49:11.914, 71.56 W, 1545 MHz, 6251 MHz, 100 %, 67
2026/10/09 04:49:12.414, 71.94 W, 1530 MHz, 6251 MHz, 100 %, 67
2026/10/09 04:49:12.914, 71.91 W, 1530 MHz, 6251 MHz, 100 %, 67
2026/10/09 04:49:13.414, 71.95 W, 1530 MHz, 6251 MHz, 100 %, 66
2026/10/09 04:49:13.915, 69.98 W, 1530 MHz, 6251 MHz, 100 %, 67
2026/10/09 04:49:14.415, 69.98 W, 1515 MHz, 6251 MHz, 100 %, 66
2026/10/09 04:49:14.915, 71.93 W, 1530 MHz, 6251 MHz, 100 %, 66
2026/10/09 04:49:15.415, 72.00 W, 1500 MHz, 6251 MHz, 100 %, 66
2026/10/09 04:49:15.915, 72.03 W, 1530 MHz, 6251 MHz, 100 %, 66
2026/10/09 04:49:16.416, 71.35 W, 1965 MHz, 6251 MHz, 100 %, 65
2026/10/09 04:49:16.916, 65.17 W, 1545 MHz, 6251 MHz, 100 %, 66
2026/10/09 04:49:17.416, 66.03 W, 1620 MHz, 6251 MHz, 100 %, 66
2026/10/09 04:49:17.916, 72.25 W, 1545 MHz, 6251 MHz, 100 %, 66
2026/10/09 04:49:18.416, 72.23 W, 1575 MHz, 6251 MHz, 100 %, 66
2026/10/09 04:49:18.917, 72.16 W, 1530 MHz, 6251 MHz, 100 %, 66
2026/10/09 04:49:19.417, 72.37 W, 1545 MHz, 6251 MHz, 100 %, 66
2026/10/09 04:49:19.917, 71.76 W, 1530 MHz, 6251 MHz, 100 %, 66
2026/10/09 04:49:20.417, 71.97 W, 1530 MHz, 6251 MHz, 100 %, 66
2026/10/09 04:49:20.917, 71.93 W, 1545 MHz, 6251 MHz, 100 %, 66
2026/10/09 04:49:21.417, 72.07 W, 1530 MHz, 6251 MHz, 100 %, 66
2026/10/09 04:49:21.918, 71.85 W, 1515 MHz, 6251 MHz, 100 %, 66
2026/10/09 04:49:22.418, 71.91 W, 1545 MHz, 6251 MHz, 100 %, 66
2026/10/09 04:49:22.918, 71.88 W, 1545 MHz, 6251 MHz, 100 %, 66
2026/10/09 04:49:23.418, 71.65 W, 1515 MHz, 6251 MHz, 100 %, 65
2026/10/09 04:49:23.918, 71.73 W, 1530 MHz, 6251 MHz, 100 %, 65
2026/10/09 04:49:24.418, 71.86 W, 1545 MHz, 6251 MHz, 100 %, 65
2026/10/09 04:49:24.919, 72.01 W, 1530 MHz, 6251 MHz, 100 %, 65
2026/10/09 04:49:25.419, 71.94 W, 1575 MHz, 6251 MHz, 100 %, 66
2026/10/09 04:49:25.919, 71.90 W, 1560 MHz, 6251 MHz, 100 %, 65
2026/10/09 04:49:26.419, 71.93 W, 1545 MHz, 6251 MHz, 100 %, 65
2026/10/09 04:49:26.919, 71.94 W, 1530 MHz, 6251 MHz, 100 %, 65
2026/10/09 04:49:27.419, 72.67 W, 1545 MHz, 6251 MHz, 100 %, 65
2026/10/09 04:49:27.920, 72.20 W, 1530 MHz, 6251 MHz, 100 %, 65
2026/10/09 04:49:28.420, 71.47 W, 1560 MHz, 6251 MHz, 100 %, 65
2026/10/09 04:49:28.920, 72.00 W, 1575 MHz, 6251 MHz, 100 %, 65
2026/10/09 04:49:29.420, 71.39 W, 1500 MHz, 6251 MHz, 100 %, 65
2026/10/09 04:49:29.920, 71.60 W, 1605 MHz, 6251 MHz, 100 %, 65
2026/10/09 04:49:30.420, 72.12 W, 1515 MHz, 6251 MHz, 100 %, 65
2026/10/09 04:49:30.921, 72.78 W, 1560 MHz, 6251 MHz, 100 %, 65
2026/10/09 04:49:31.421, 71.32 W, 1515 MHz, 6251 MHz, 100 %, 65
2026/10/09 04:49:31.921, 73.77 W, 1395 MHz, 6251 MHz, 100 %, 65
2026/10/09 04:49:32.421, 73.68 W, 1485 MHz, 6251 MHz, 100 %, 65
2026/10/09 04:49:32.921, 72.50 W, 1320 MHz, 6251 MHz, 100 %, 66
2026/10/09 04:49:33.421, 71.75 W, 1485 MHz, 6251 MHz, 100 %, 65
2026/10/09 04:49:33.921, 71.79 W, 1500 MHz, 6251 MHz, 100 %, 65
2026/10/09 04:49:34.422, 72.00 W, 1545 MHz, 6251 MHz, 100 %, 65
2026/10/09 04:49:34.922, 72.15 W, 1530 MHz, 6251 MHz, 100 %, 65
2026/10/09 04:49:35.422, 71.49 W, 1530 MHz, 6251 MHz, 100 %, 65
2026/10/09 04:49:35.922, 71.56 W, 1200 MHz, 6251 MHz, 100 %, 66
2026/10/09 04:49:36.422, 71.58 W, 1575 MHz, 6251 MHz, 100 %, 65
2026/10/09 04:49:36.922, 72.30 W, 1530 MHz, 6251 MHz, 100 %, 65
2026/10/09 04:49:37.423, 72.32 W, 1575 MHz, 6251 MHz, 100 %, 65
2026/10/09 04:49:37.923, 72.46 W, 1545 MHz, 6251 MHz, 100 %, 65
2026/10/09 04:49:38.423, 71.84 W, 1605 MHz, 6251 MHz, 100 %, 65
2026/10/09 04:49:38.923, 72.20 W, 1530 MHz, 6251 MHz, 100 %, 65
2026/10/09 04:49:39.423, 73.00 W, 1170 MHz, 6251 MHz, 100 %, 66
2026/10/09 04:49:39.923, 72.06 W, 1575 MHz, 6251 MHz, 100 %, 66
2026/10/09 04:49:40.424, 73.57 W, 1275 MHz, 6251 MHz, 100 %, 65
2026/10/09 04:49:40.924, 73.60 W, 1440 MHz, 6251 MHz, 100 %, 66
2026/10/09 04:49:41.424, 73.51 W, 1395 MHz, 6251 MHz, 100 %, 65
2026/10/09 04:49:41.924, 72.90 W, 1455 MHz, 6251 MHz, 100 %, 66
2026/10/09 04:49:42.424, 72.44 W, 1455 MHz, 6251 MHz, 100 %, 65
2026/10/09 04:49:42.924, 72.24 W, 1455 MHz, 6251 MHz, 100 %, 65
2026/10/09 04:49:43.424, 72.87 W, 1230 MHz, 6251 MHz, 100 %, 67
2026/10/09 04:49:43.925, 72.51 W, 1455 MHz, 6251 MHz, 100 %, 66
2026/10/09 04:49:44.425, 71.35 W, 1500 MHz, 6251 MHz, 100 %, 66
2026/10/09 04:49:44.925, 72.24 W, 1110 MHz, 6251 MHz, 100 %, 67
2026/10/09 04:49:45.425, 71.44 W, 1260 MHz, 6251 MHz, 100 %, 67
2026/10/09 04:49:45.925, 71.85 W, 1140 MHz, 6251 MHz, 100 %, 66
2026/10/09 04:49:46.425, 71.18 W, 1440 MHz, 6251 MHz, 100 %, 66
2026/10/09 04:49:46.926, 72.49 W, 1545 MHz, 6251 MHz, 100 %, 66
2026/10/09 04:49:47.426, 72.98 W, 1575 MHz, 6251 MHz, 100 %, 66
2026/10/09 04:49:47.926, 72.20 W, 1455 MHz, 6251 MHz, 100 %, 66
2026/10/09 04:49:48.426, 72.56 W, 1590 MHz, 6251 MHz, 100 %, 66
2026/10/09 04:49:48.926, 72.27 W, 1575 MHz, 6251 MHz, 100 %, 66
2026/10/09 04:49:49.426, 72.25 W, 1590 MHz, 6251 MHz, 100 %, 66
2026/10/09 04:49:49.927, 72.18 W, 1575 MHz, 6251 MHz, 100 %, 66
2026/10/09 04:49:50.427, 72.25 W, 1590 MHz, 6251 MHz, 100 %, 66
2026/10/09 04:49:50.927, 72.26 W, 1590 MHz, 6251 MHz, 100 %, 66
2026/10/09 04:49:51.427, 72.57 W, 1260 MHz, 6251 MHz, 100 %, 66
2026/10/09 04:49:51.927, 72.52 W, 1575 MHz, 6251 MHz, 100 %, 66
2026/10/09 04:49:52.427, 73.03 W, 1545 MHz, 6251 MHz, 100 %, 66
2026/10/09 04:49:52.927, 71.99 W, 1575 MHz, 6251 MHz, 100 %, 66
2026/10/09 04:49:53.428, 71.96 W, 1530 MHz, 6251 MHz, 100 %, 66
2026/10/09 04:49:53.928, 72.88 W, 1590 MHz, 6251 MHz, 100 %, 66
2026/10/09 04:49:54.428, 73.83 W, 1575 MHz, 6251 MHz, 100 %, 66
2026/10/09 04:49:54.928, 72.43 W, 1545 MHz, 6251 MHz, 100 %, 66
2026/10/09 04:49:55.428, 73.41 W, 1140 MHz, 6251 MHz, 100 %, 67
2026/10/09 04:49:55.928, 74.23 W, 1530 MHz, 6251 MHz, 100 %, 67
2026/10/09 04:49:56.428, 72.19 W, 1455 MHz, 6251 MHz, 100 %, 66
2026/10/09 04:49:56.929, 72.08 W, 1530 MHz, 6251 MHz, 100 %, 67
2026/10/09 04:49:57.429, 71.19 W, 1515 MHz, 6251 MHz, 100 %, 67
2026/10/09 04:49:57.929, 71.40 W, 1545 MHz, 6251 MHz, 100 %, 67
2026/10/09 04:49:58.429, 73.24 W, 1155 MHz, 6251 MHz, 100 %, 67
2026/10/09 04:49:58.929, 72.86 W, 1575 MHz, 6251 MHz, 100 %, 67
2026/10/09 04:49:59.429, 72.92 W, 1485 MHz, 6251 MHz, 100 %, 67
2026/10/09 04:49:59.930, 73.33 W, 1110 MHz, 6251 MHz, 100 %, 67
2026/10/09 04:50:00.430, 72.41 W, 1545 MHz, 6251 MHz, 100 %, 67
2026/10/09 04:50:00.930, 72.39 W, 1560 MHz, 6251 MHz, 100 %, 67
2026/10/09 04:50:01.430, 71.88 W, 1530 MHz, 6251 MHz, 100 %, 67
2026/10/09 04:50:01.930, 71.37 W, 1590 MHz, 6251 MHz, 100 %, 67
2026/10/09 04:50:02.430, 71.35 W, 1530 MHz, 6251 MHz, 100 %, 67
2026/10/09 04:50:02.930, 72.14 W, 1575 MHz, 6251 MHz, 100 %, 67
2026/10/09 04:50:03.431, 72.00 W, 1545 MHz, 6251 MHz, 100 %, 67
2026/10/09 04:50:03.931, 72.15 W, 1530 MHz, 6251 MHz, 100 %, 67
2026/10/09 04:50:04.431, 68.38 W, 1965 MHz, 6251 MHz, 100 %, 67
2026/10/09 04:50:04.931, 50.53 W, 2040 MHz, 6251 MHz, 0 %, 65
2026/10/09 04:50:05.431, 32.46 W, 2040 MHz, 6251 MHz, 0 %, 64
2026/10/09 04:50:05.931, 32.49 W, 2040 MHz, 6251 MHz, 0 %, 64
2026/10/09 04:50:06.431, 32.47 W, 2040 MHz, 6251 MHz, 0 %, 64
2026/10/09 04:50:06.932, 32.42 W, 2040 MHz, 6251 MHz, 0 %, 64
2026/10/09 04:50:07.432, 35.97 W, 1620 MHz, 6251 MHz, 0 %, 64
2026/10/09 04:50:07.932, 52.51 W, 1605 MHz, 6251 MHz, 100 %, 67
2026/10/09 04:50:08.432, 70.37 W, 1455 MHz, 6251 MHz, 100 %, 67
2026/10/09 04:50:08.932, 72.80 W, 1500 MHz, 6251 MHz, 100 %, 67
2026/10/09 04:50:09.432, 73.08 W, 1545 MHz, 6251 MHz, 100 %, 67
2026/10/09 04:50:09.933, 71.78 W, 1140 MHz, 6251 MHz, 100 %, 67
2026/10/09 04:50:10.433, 72.32 W, 1440 MHz, 6251 MHz, 100 %, 68
2026/10/09 04:50:10.933, 72.11 W, 1395 MHz, 6251 MHz, 100 %, 67
2026/10/09 04:50:11.433, 70.75 W, 1425 MHz, 6251 MHz, 100 %, 68
2026/10/09 04:50:11.933, 71.23 W, 1305 MHz, 6251 MHz, 100 %, 69
2026/10/09 04:50:12.433, 70.78 W, 1200 MHz, 6251 MHz, 100 %, 69
2026/10/09 04:50:12.934, 70.82 W, 1320 MHz, 6251 MHz, 100 %, 68
2026/10/09 04:50:13.434, 72.04 W, 1395 MHz, 6251 MHz, 100 %, 68
2026/10/09 04:50:13.934, 72.38 W, 1155 MHz, 6251 MHz, 100 %, 68
2026/10/09 04:50:14.434, 71.71 W, 1425 MHz, 6251 MHz, 100 %, 68
2026/10/09 04:50:14.934, 71.46 W, 1410 MHz, 6251 MHz, 100 %, 69
2026/10/09 04:50:15.434, 71.42 W, 1365 MHz, 6251 MHz, 100 %, 70
2026/10/09 04:50:15.935, 70.42 W, 1425 MHz, 6251 MHz, 100 %, 69
2026/10/09 04:50:16.435, 70.47 W, 1185 MHz, 6251 MHz, 100 %, 69
2026/10/09 04:50:16.935, 72.21 W, 1155 MHz, 6251 MHz, 100 %, 69
2026/10/09 04:50:17.435, 73.25 W, 1155 MHz, 6251 MHz, 100 %, 69
2026/10/09 04:50:17.935, 72.73 W, 1080 MHz, 6251 MHz, 100 %, 70
2026/10/09 04:50:18.435, 71.25 W, 1260 MHz, 6251 MHz, 100 %, 70
2026/10/09 04:50:18.935, 72.08 W, 1110 MHz, 6251 MHz, 100 %, 71
2026/10/09 04:50:19.436, 72.63 W, 1110 MHz, 6251 MHz, 100 %, 71
2026/10/09 04:50:19.936, 72.50 W, 1080 MHz, 6251 MHz, 100 %, 71
2026/10/09 04:50:20.436, 72.09 W, 1200 MHz, 6251 MHz, 100 %, 71
2026/10/09 04:50:20.936, 71.62 W, 1230 MHz, 6251 MHz, 100 %, 70
2026/10/09 04:50:21.436, 71.56 W, 1260 MHz, 6251 MHz, 100 %, 70
2026/10/09 04:50:21.937, 71.77 W, 1230 MHz, 6251 MHz, 100 %, 70
2026/10/09 04:50:22.437, 72.00 W, 1125 MHz, 6251 MHz, 100 %, 72
2026/10/09 04:50:22.937, 71.66 W, 1200 MHz, 6251 MHz, 100 %, 72
2026/10/09 04:50:23.437, 71.61 W, 1155 MHz, 6251 MHz, 100 %, 72
2026/10/09 04:50:23.937, 71.81 W, 1140 MHz, 6251 MHz, 100 %, 72
2026/10/09 04:50:24.438, 72.05 W, 1110 MHz, 6251 MHz, 100 %, 72
2026/10/09 04:50:24.938, 72.54 W, 1140 MHz, 6251 MHz, 100 %, 73
2026/10/09 04:50:25.438, 72.17 W, 1185 MHz, 6251 MHz, 100 %, 72
2026/10/09 04:50:25.938, 72.18 W, 1110 MHz, 6251 MHz, 100 %, 72
2026/10/09 04:50:26.438, 72.04 W, 1140 MHz, 6251 MHz, 100 %, 73
2026/10/09 04:50:26.938, 72.12 W, 1125 MHz, 6251 MHz, 100 %, 73
2026/10/09 04:50:27.438, 72.00 W, 1185 MHz, 6251 MHz, 100 %, 73
2026/10/09 04:50:27.939, 71.74 W, 1140 MHz, 6251 MHz, 100 %, 73
2026/10/09 04:50:28.439, 72.08 W, 1140 MHz, 6251 MHz, 100 %, 73
2026/10/09 04:50:28.939, 71.87 W, 1140 MHz, 6251 MHz, 100 %, 73
2026/10/09 04:50:29.439, 72.13 W, 1170 MHz, 6251 MHz, 100 %, 74
2026/10/09 04:50:29.939, 72.07 W, 1140 MHz, 6251 MHz, 100 %, 73
2026/10/09 04:50:30.439, 72.27 W, 1140 MHz, 6251 MHz, 100 %, 74
2026/10/09 04:50:30.940, 72.02 W, 1140 MHz, 6251 MHz, 100 %, 74
2026/10/09 04:50:31.440, 72.06 W, 1170 MHz, 6251 MHz, 100 %, 74
2026/10/09 04:50:31.940, 71.94 W, 1110 MHz, 6251 MHz, 100 %, 74
2026/10/09 04:50:32.440, 71.76 W, 1140 MHz, 6251 MHz, 100 %, 75
2026/10/09 04:50:32.940, 72.19 W, 1125 MHz, 6251 MHz, 100 %, 75
2026/10/09 04:50:33.440, 72.11 W, 1170 MHz, 6251 MHz, 100 %, 74
2026/10/09 04:50:33.940, 71.68 W, 1215 MHz, 6251 MHz, 100 %, 74
2026/10/09 04:50:34.441, 72.01 W, 1245 MHz, 6251 MHz, 100 %, 74
2026/10/09 04:50:34.941, 71.94 W, 1125 MHz, 6251 MHz, 100 %, 75
2026/10/09 04:50:35.441, 71.89 W, 1065 MHz, 6251 MHz, 100 %, 75
2026/10/09 04:50:35.941, 72.71 W, 1170 MHz, 6251 MHz, 100 %, 75
2026/10/09 04:50:36.441, 72.91 W, 1170 MHz, 6251 MHz, 100 %, 75
2026/10/09 04:50:36.941, 72.41 W, 1110 MHz, 6251 MHz, 100 %, 76
2026/10/09 04:50:37.442, 72.58 W, 1110 MHz, 6251 MHz, 100 %, 76
2026/10/09 04:50:37.942, 72.12 W, 1095 MHz, 6251 MHz, 100 %, 76
2026/10/09 04:50:38.442, 71.92 W, 1050 MHz, 6251 MHz, 100 %, 76
2026/10/09 04:50:38.942, 71.57 W, 1050 MHz, 6251 MHz, 100 %, 76
2026/10/09 04:50:39.442, 71.78 W, 1005 MHz, 6251 MHz, 100 %, 77
2026/10/09 04:50:39.942, 71.64 W, 1080 MHz, 6251 MHz, 100 %, 77
2026/10/09 04:50:40.443, 72.36 W, 1095 MHz, 6251 MHz, 100 %, 77
2026/10/09 04:50:40.943, 72.32 W, 1095 MHz, 6251 MHz, 100 %, 76
2026/10/09 04:50:41.443, 72.19 W, 1245 MHz, 6251 MHz, 100 %, 76
2026/10/09 04:50:41.943, 71.62 W, 1125 MHz, 6251 MHz, 100 %, 77
2026/10/09 04:50:42.443, 71.78 W, 1125 MHz, 6251 MHz, 100 %, 78
2026/10/09 04:50:42.943, 72.12 W, 1065 MHz, 6251 MHz, 100 %, 78
2026/10/09 04:50:43.443, 71.88 W, 1185 MHz, 6251 MHz, 100 %, 77
2026/10/09 04:50:43.944, 72.27 W, 1110 MHz, 6251 MHz, 100 %, 78
2026/10/09 04:50:44.444, 73.08 W, 1125 MHz, 6251 MHz, 100 %, 78
2026/10/09 04:50:44.944, 72.37 W, 1050 MHz, 6251 MHz, 100 %, 78
2026/10/09 04:50:45.444, 72.75 W, 1110 MHz, 6251 MHz, 100 %, 79
2026/10/09 04:50:45.944, 72.39 W, 1095 MHz, 6251 MHz, 100 %, 79
2026/10/09 04:50:46.445, 72.51 W, 1110 MHz, 6251 MHz, 100 %, 79
2026/10/09 04:50:46.945, 72.26 W, 1110 MHz, 6251 MHz, 100 %, 79
2026/10/09 04:50:47.445, 71.92 W, 1065 MHz, 6251 MHz, 100 %, 79
2026/10/09 04:50:47.945, 72.37 W, 1110 MHz, 6251 MHz, 100 %, 79
2026/10/09 04:50:48.445, 71.88 W, 1140 MHz, 6251 MHz, 100 %, 79
2026/10/09 04:50:48.945, 71.81 W, 1110 MHz, 6251 MHz, 100 %, 79
2026/10/09 04:50:49.445, 72.55 W, 1140 MHz, 6251 MHz, 100 %, 80
2026/10/09 04:50:49.946, 72.59 W, 1155 MHz, 6251 MHz, 100 %, 80
2026/10/09 04:50:50.446, 71.92 W, 1080 MHz, 6251 MHz, 100 %, 80
2026/10/09 04:50:50.946, 71.79 W, 1155 MHz, 6251 MHz, 100 %, 80
2026/10/09 04:50:51.446, 72.16 W, 1140 MHz, 6251 MHz, 100 %, 79
2026/10/09 04:50:51.946, 72.06 W, 1170 MHz, 6251 MHz, 100 %, 79
2026/10/09 04:50:52.446, 71.84 W, 1050 MHz, 6251 MHz, 100 %, 80
2026/10/09 04:50:52.947, 71.62 W, 1170 MHz, 6251 MHz, 100 %, 81
2026/10/09 04:50:53.447, 72.08 W, 1095 MHz, 6251 MHz, 100 %, 79
2026/10/09 04:50:53.947, 72.16 W, 1140 MHz, 6251 MHz, 100 %, 80
2026/10/09 04:50:54.447, 72.14 W, 1095 MHz, 6251 MHz, 100 %, 80
2026/10/09 04:50:54.947, 72.32 W, 1125 MHz, 6251 MHz, 100 %, 80
2026/10/09 04:50:55.447, 72.15 W, 1110 MHz, 6251 MHz, 100 %, 80
2026/10/09 04:50:55.948, 71.86 W, 1185 MHz, 6251 MHz, 100 %, 80
2026/10/09 04:50:56.448, 71.98 W, 1140 MHz, 6251 MHz, 100 %, 80
2026/10/09 04:50:56.948, 71.82 W, 1350 MHz, 6251 MHz, 100 %, 80
2026/10/09 04:50:57.448, 71.64 W, 1410 MHz, 6251 MHz, 100 %, 80
2026/10/09 04:50:57.948, 65.18 W, 2025 MHz, 6251 MHz, 50 %, 78
2026/10/09 04:50:58.448, 68.43 W, 1080 MHz, 6251 MHz, 100 %, 82
2026/10/09 04:50:58.948, 72.36 W, 1395 MHz, 6251 MHz, 100 %, 82
2026/10/09 04:50:59.449, 73.92 W, 1110 MHz, 6251 MHz, 100 %, 82
2026/10/09 04:50:59.949, 73.55 W, 1545 MHz, 6251 MHz, 100 %, 82
2026/10/09 04:51:00.449, 73.91 W, 1020 MHz, 6251 MHz, 100 %, 83
2026/10/09 04:51:00.949, 73.32 W, 1335 MHz, 6251 MHz, 100 %, 83
2026/10/09 04:51:01.449, 73.46 W, 1095 MHz, 6251 MHz, 100 %, 83
2026/10/09 04:51:01.949, 73.44 W, 1095 MHz, 6251 MHz, 100 %, 83
2026/10/09 04:51:02.450, 72.75 W, 1065 MHz, 6251 MHz, 100 %, 83
2026/10/09 04:51:02.950, 72.60 W, 1080 MHz, 6251 MHz, 100 %, 83
2026/10/09 04:51:03.450, 69.00 W, 945 MHz, 6251 MHz, 100 %, 83
2026/10/09 04:51:03.950, 69.23 W, 1080 MHz, 6251 MHz, 100 %, 84
2026/10/09 04:51:04.450, 72.33 W, 1080 MHz, 6251 MHz, 100 %, 84
2026/10/09 04:51:04.950, 72.18 W, 1110 MHz, 6251 MHz, 100 %, 84
2026/10/09 04:51:05.451, 72.72 W, 1065 MHz, 6251 MHz, 100 %, 84
2026/10/09 04:51:05.951, 72.04 W, 1110 MHz, 6251 MHz, 100 %, 84
2026/10/09 04:51:06.451, 72.77 W, 1080 MHz, 6251 MHz, 100 %, 84
2026/10/09 04:51:06.951, 72.63 W, 1050 MHz, 6251 MHz, 100 %, 83
2026/10/09 04:51:07.451, 59.75 W, 2040 MHz, 6251 MHz, 50 %, 80
