timestamp, power.draw [W], clocks.current.sm [MHz], clocks.current.memory [MHz], utilization.gpu [%], temperature.gpu
2026/10/09 04:27:13.057, 29.28 W, 2040 MHz, 6251 MHz, 4 %, 44
2026/10/09 04:27:13.561, 29.28 W, 2040 MHz, 6251 MHz, 0 %, 44
2026/10/09 04:27:14.061, 28.91 W, 2040 MHz, 6251 MHz, 0 %, 44
2026/10/09 04:27:14.561, 28.45 W, 2040 MHz, 6251 MHz, 0 %, 44
2026/10/09 04:27:15.061, 28.48 W, 2040 MHz, 6251 MHz, 0 %, 44
2026/10/09 04:27:15.561, 28.47 W, 2040 MHz, 6251 MHz, 0 %, 44
2026/10/09 04:27:16.061, 28.46 W, 2040 MHz, 6251 MHz, 0 %, 44
2026/10/09 04:27:16.561, 28.44 W, 2040 MHz, 6251 MHz, 0 %, 44
2026/10/09 04:27:17.062, 28.43 W, 2040 MHz, 6251 MHz, 0 %, 44
2026/10/09 04:27:17.562, 28.43 W, 2040 MHz, 6251 MHz, 0 %, 44
2026/10/09 04:27:18.062, 28.44 W, 2040 MHz, 6251 MHz, 0 %, 44
2026/10/09 04:27:18.562, 28.43 W, 2040 MHz, 6251 MHz, 0 %, 44
2026/10/09 04:27:19.062, 28.40 W, 2040 MHz, 6251 MHz, 0 %, 44
2026/10/09 04:27:19.562, 28.41 W, 2040 MHz, 6251 MHz, 0 %, 44
2026/10/09 04:27:20.062, 28.43 W, 2040 MHz, 6251 MHz, 0 %, 44
2026/10/09 04:27:20.563, 28.43 W, 2040 MHz, 6251 MHz, 0 %, 44
2026/10/09 04:27:21.063, 28.42 W, 2040 MHz, 6251 MHz, 0 %, 43
2026/10/09 04:27:21.563, 28.40 W, 2040 MHz, 6251 MHz, 0 %, 43
2026/10/09 04:27:22.063, 28.37 W, 2040 MHz, 6251 MHz, 0 %, 43
2026/10/09 04:27:22.563, 28.37 W, 2040 MHz, 6251 MHz, 0 %, 43
2026/10/09 04:27:23.063, 28.38 W, 2040 MHz, 6251 MHz, 0 %, 43
2026/10/09 04:27:23.563, 28.35 W, 2040 MHz, 6251 MHz, 0 %, 43
2026/10/09 04:27:24.064, 28.37 W, 2040 MHz, 6251 MHz, 0 %, 43
2026/10/09 04:27:24.564, 28.38 W, 2040 MHz, 6251 MHz, 0 %, 43
2026/10/09 04:27:25.064, 28.35 W, 2040 MHz, 6251 MHz, 0 %, 43
2026/10/09 04:27:25.564, 28.34 W, 2040 MHz, 6251 MHz, 0 %, 43
2026/10/09 04:27:26.064, 28.36 W, 2040 MHz, 6251 MHz, 0 %, 43
2026/10/09 04:27:26.564, 28.35 W, 2040 MHz, 6251 MHz, 0 %, 43
2026/10/09 04:27:27.064, 28.35 W, 2040 MHz, 6251 MHz, 0 %, 43
2026/10/09 04:27:27.564, 28.38 W, 2040 MHz, 6251 MHz, 0 %, 43
2026/10/09 04:27:28.065, 28.38 W, 2040 MHz, 6251 MHz, 0 %, 43
2026/10/09 04:27:28.565, 28.35 W, 2040 MHz, 6251 MHz, 0 %, 43
2026/10/09 04:27:29.065, 28.35 W, 2040 MHz, 6251 MHz, 0 %, 43
2026/10/09 04:27:29.565, 28.34 W, 2040 MHz, 6251 MHz, 0 %, 43
2026/10/09 04:27:30.065, 28.35 W, 2040 MHz, 6251 MHz, 0 %, 43
2026/10/09 04:27:30.565, 28.33 W, 2040 MHz, 6251 MHz, 0 %, 43
2026/10/09 04:27:31.065, 28.31 W, 2040 MHz, 6251 MHz, 0 %, 43
2026/10/09 04:27:31.566, 28.32 W, 2040 MHz, 6251 MHz, 0 %, 43
2026/10/09 04:27:32.066, 28.33 W, 2040 MHz, 6251 MHz, 0 %, 43
2026/10/09 04:27:32.566, 28.32 W, 2040 MHz, 6251 MHz, 0 %, 43
2026/10/09 04:27:33.066, 28.33 W, 2040 MHz, 6251 MHz, 0 %, 43
2026/10/09 04:27:33.566, 28.33 W, 2040 MHz, 6251 MHz, 0 %, 43
2026/10/09 04:27:34.066, 28.32 W, 2040 MHz, 6251 MHz, 0 %, 43
2026/10/09 04:27:34.566, 28.34 W, 2040 MHz, 6251 MHz, 0 %, 43
2026/10/09 04:27:35.067, 28.36 W, 2040 MHz, 6251 MHz, 0 %, 43
2026/10/09 04:27:35.567, 28.34 W, 2040 MHz, 6251 MHz, 0 %, 43
2026/10/09 04:27:36.067, 28.35 W, 2040 MHz, 6251 MHz, 0 %, 43
2026/10/09 04:27:36.567, 28.33 W, 2040 MHz, 6251 MHz, 0 %, 43
2026/10/09 04:27:37.067, 28.32 W, 2040 MHz, 6251 MHz, 0 %, 43
2026/10/09 04:27:37.567, 28.33 W, 2040 MHz, 6251 MHz, 0 %, 43
2026/10/09 04:27:38.067, 28.33 W, 2040 MHz, 6251 MHz, 0 %, 43
2026/10/09 04:27:38.568, 28.34 W, 2040 MHz, 6251 MHz, 0 %, 43
2026/10/09 04:27:39.068, 28.33 W, 2040 MHz, 6251 MHz, 0 %, 43
2026/10/09 04:27:39.568, 28.33 W, 2040 MHz, 6251 MHz, 0 %, 43
2026/10/09 04:27:40.068, 28.31 W, 2040 MHz, 6251 MHz, 0 %, 43
2026/10/09 04:27:40.568, 28.33 W, 2040 MHz, 6251 MHz, 0 %, 43
2026/10/09 04:27:41.068, 28.35 W, 2040 MHz, 6251 MHz, 0 %, 43
2026/10/09 04:27:41.568, 28.42 W, 2040 MHz, 6251 MHz, 0 %, 43
2026/10/09 04:27:42.069, 28.72 W, 2040 MHz, 6251 MHz, 0 %, 43
2026/10/09 04:27:42.569, 28.67 W, 2040 MHz, 6251 MHz, 0 %, 43
2026/10/09 04:27:43.069, 28.36 W, 2040 MHz, 6251 MHz, 0 %, 43
2026/10/09 04:27:43.569, 28.33 W, 2040 MHz, 6251 MHz, 0 %, 43
2026/10/09 04:27:44.069, 28.36 W, 2040 MHz, 6251 MHz, 0 %, 43
2026/10/09 04:27:44.569, 28.35 W, 2040 MHz, 6251 MHz, 0 %, 43
2026/10/09 04:27:45.069, 28.33 W, 2040 MHz, 6251 MHz, 0 %, 43
2026/10/09 04:27:45.570, 28.45 W, 2040 MHz, 6251 MHz, 2 %, 43
2026/10/09 04:27:46.070, 28.53 W, 2040 MHz, 6251 MHz, 1 %, 43
2026/10/09 04:27:46.570, 28.44 W, 2040 MHz, 6251 MHz, 1 %, 43
2026/10/09 04:27:47.070, 28.40 W, 2040 MHz, 6251 MHz, 1 %, 43
2026/10/09 04:27:47.570, 28.40 W, 2040 MHz, 6251 MHz, 1 %, 43
2026/10/09 04:27:48.070, 28.41 W, 2040 MHz, 6251 MHz, 1 %, 43
2026/10/09 04:27:48.571, 28.42 W, 2040 MHz, 6251 MHz, 1 %, 43
2026/10/09 04:27:49.071, 28.45 W, 2040 MHz, 6251 MHz, 1 %, 43
2026/10/09 04:27:49.571, 28.43 W, 2040 MHz, 6251 MHz, 1 %, 43
2026/10/09 04:27:50.071, 28.44 W, 2040 MHz, 6251 MHz, 1 %, 43
2026/10/09 04:27:50.571, 28.44 W, 2040 MHz, 6251 MHz, 1 %, 43
2026/10/09 04:27:51.071, 28.44 W, 2040 MHz, 6251 MHz, 1 %, 43
2026/10/09 04:27:51.571, 28.43 W, 2040 MHz, 6251 MHz, 1 %, 43
2026/10/09 04:27:52.072, 28.47 W, 2040 MHz, 6251 MHz, 1 %, 44
2026/10/09 04:27:52.572, 28.48 W, 2040 MHz, 6251 MHz, 1 %, 44
2026/10/09 04:27:53.072, 28.46 W, 2040 MHz, 6251 MHz, 1 %, 44
2026/10/09 04:27:53.572, 28.43 W, 2040 MHz, 6251 MHz, 1 %, 44
2026/10/09 04:27:54.072, 28.46 W, 2040 MHz, 6251 MHz, 1 %, 44
2026/10/09 04:27:54.572, 28.48 W, 2040 MHz, 6251 MHz, 1 %, 44
2026/10/09 04:27:55.073, 28.49 W, 2040 MHz, 6251 MHz, 1 %, 44
2026/10/09 04:27:55.573, 28.48 W, 2040 MHz, 6251 MHz, 1 %, 44
2026/10/09 04:27:56.073, 28.49 W, 2040 MHz, 6251 MHz, 1 %, 44
2026/10/09 04:27:56.573, 28.52 W, 2040 MHz, 6251 MHz, 1 %, 44
2026/10/09 04:27:57.073, 28.59 W, 2040 MHz, 6251 MHz, 2 %, 44
2026/10/09 04:27:57.573, 28.58 W, 2040 MHz, 6251 MHz, 1 %, 44
2026/10/09 04:27:58.073, 28.51 W, 2040 MHz, 6251 MHz, 1 %, 44
2026/10/09 04:27:58.574, 28.51 W, 2040 MHz, 6251 MHz, 1 %, 44
2026/10/09 04:27:59.074, 28.53 W, 2040 MHz, 6251 MHz, 1 %, 44
2026/10/09 04:27:59.574, 29.10 W, 2040 MHz, 6251 MHz, 1 %, 44
2026/10/09 04:28:00.074, 29.07 W, 2040 MHz, 6251 MHz, 2 %, 44
2026/10/09 04:28:00.574, 28.55 W, 2040 MHz, 6251 MHz, 1 %, 44
2026/10/09 04:28:01.074, 28.53 W, 2040 MHz, 6251 MHz, 1 %, 44
2026/10/09 04:28:01.575, 28.51 W, 2040 MHz, 6251 MHz, 1 %, 44
2026/10/09 04:28:02.075, 28.52 W, 2040 MHz, 6251 MHz, 1 %, 44
2026/10/09 04:28:02.575, 28.54 W, 2040 MHz, 6251 MHz, 1 %, 44
2026/10/09 04:28:03.075, 28.57 W, 2040 MHz, 6251 MHz, 1 %, 44
2026/10/09 04:28:03.575, 28.61 W, 2040 MHz, 6251 MHz, 1 %, 44
2026/10/09 04:28:04.075, 28.57 W, 2040 MHz, 6251 MHz, 1 %, 44
2026/10/09 04:28:04.576, 28.55 W, 2040 MHz, 6251 MHz, 1 %, 44
2026/10/09 04:28:05.076, 28.53 W, 2040 MHz, 6251 MHz, 1 %, 44
2026/10/09 04:28:05.576, 28.78 W, 2040 MHz, 6251 MHz, 1 %, 45
2026/10/09 04:28:06.076, 28.82 W, 2040 MHz, 6251 MHz, 1 %, 45
2026/10/09 04:28:06.576, 28.81 W, 2040 MHz, 6251 MHz, 2 %, 45
2026/10/09 04:28:07.076, 28.82 W, 2040 MHz, 6251 MHz, 1 %, 45
2026/10/09 04:28:07.576, 28.82 W, 2040 MHz, 6251 MHz, 1 %, 45
2026/10/09 04:28:08.077, 28.59 W, 2040 MHz, 6251 MHz, 1 %, 45
2026/10/09 04:28:08.577, 28.63 W, 2040 MHz, 6251 MHz, 1 %, 45
2026/10/09 04:28:09.077, 28.66 W, 2040 MHz, 6251 MHz, 1 %, 45
2026/10/09 04:28:09.577, 28.63 W, 2040 MHz, 6251 MHz, 2 %, 45
2026/10/09 04:28:10.077, 28.64 W, 2040 MHz, 6251 MHz, 1 %, 45
2026/10/09 04:28:10.577, 28.67 W, 2040 MHz, 6251 MHz, 1 %, 45
2026/10/09 04:28:11.078, 28.75 W, 2040 MHz, 6251 MHz, 1 %, 45
2026/10/09 04:28:11.578, 28.73 W, 2040 MHz, 6251 MHz, 1 %, 45
2026/10/09 04:28:12.078, 28.73 W, 2040 MHz, 6251 MHz, 1 %, 45
2026/10/09 04:28:12.578, 28.76 W, 2040 MHz, 6251 MHz, 1 %, 45
2026/10/09 04:28:13.078, 28.77 W, 2040 MHz, 6251 MHz, 1 %, 45
2026/10/09 04:28:13.578, 28.68 W, 2040 MHz, 6251 MHz, 1 %, 45
2026/10/09 04:28:14.078, 28.72 W, 2040 MHz, 6251 MHz, 1 %, 45
2026/10/09 04:28:14.579, 28.73 W, 2040 MHz, 6251 MHz, 1 %, 45
2026/10/09 04:28:15.079, 28.81 W, 2040 MHz, 6251 MHz, 1 %, 45
2026/10/09 04:28:15.579, 28.79 W, 2040 MHz, 6251 MHz, 1 %, 45
2026/10/09 04:28:16.079, 28.77 W, 2040 MHz, 6251 MHz, 1 %, 46
2026/10/09 04:28:16.579, 28.73 W, 2040 MHz, 6251 MHz, 1 %, 46
2026/10/09 04:28:17.079, 28.74 W, 2040 MHz, 6251 MHz, 1 %, 46
2026/10/09 04:28:17.580, 28.88 W, 2040 MHz, 6251 MHz, 1 %, 46
2026/10/09 04:28:18.080, 28.88 W, 2040 MHz, 6251 MHz, 1 %, 46
2026/10/09 04:28:18.580, 28.76 W, 2040 MHz, 6251 MHz, 1 %, 46
2026/10/09 04:28:19.080, 28.87 W, 2040 MHz, 6251 MHz, 1 %, 46
2026/10/09 04:28:19.580, 28.88 W, 2040 MHz, 6251 MHz, 1 %, 46
2026/10/09 04:28:20.080, 28.77 W, 2040 MHz, 6251 MHz, 1 %, 46
2026/10/09 04:28:20.581, 28.80 W, 2040 MHz, 6251 MHz, 1 %, 46
2026/10/09 04:28:21.081, 28.83 W, 2040 MHz, 6251 MHz, 1 %, 46
2026/10/09 04:28:21.581, 28.83 W, 2040 MHz, 6251 MHz, 1 %, 46
2026/10/09 04:28:22.081, 28.78 W, 2040 MHz, 6251 MHz, 1 %, 46
2026/10/09 04:28:22.581, 28.78 W, 2040 MHz, 6251 MHz, 1 %, 46
2026/10/09 04:28:23.081, 28.80 W, 2040 MHz, 6251 MHz, 1 %, 46
2026/10/09 04:28:23.581, 28.89 W, 2040 MHz, 6251 MHz, 1 %, 46
2026/10/09 04:28:24.082, 28.90 W, 2040 MHz, 6251 MHz, 1 %, 46
2026/10/09 04:28:24.582, 28.85 W, 2040 MHz, 6251 MHz, 1 %, 46
2026/10/09 04:28:25.082, 29.15 W, 2040 MHz, 6251 MHz, 1 %, 46
2026/10/09 04:28:25.582, 29.12 W, 2040 MHz, 6251 MHz, 1 %, 46
2026/10/09 04:28:26.082, 28.85 W, 2040 MHz, 6251 MHz, 1 %, 47
2026/10/09 04:28:26.582, 28.91 W, 2040 MHz, 6251 MHz, 1 %, 47
2026/10/09 04:28:27.083, 28.92 W, 2040 MHz, 6251 MHz, 1 %, 47
2026/10/09 04:28:27.583, 28.87 W, 2040 MHz, 6251 MHz, 1 %, 47
2026/10/09 04:28:28.083, 28.87 W, 2040 MHz, 6251 MHz, 1 %, 47
2026/10/09 04:28:28.583, 28.90 W, 2040 MHz, 6251 MHz, 1 %, 47
2026/10/09 04:28:29.083, 28.90 W, 2040 MHz, 6251 MHz, 1 %, 47
2026/10/09 04:28:29.583, 29.00 W, 2040 MHz, 6251 MHz, 1 %, 47
2026/10/09 04:28:30.084, 29.00 W, 2040 MHz, 6251 MHz, 1 %, 47
2026/10/09 04:28:30.584, 29.01 W, 2040 MHz, 6251 MHz, 2 %, 47
2026/10/09 04:28:31.084, 29.03 W, 2040 MHz, 6251 MHz, 1 %, 47
2026/10/09 04:28:31.584, 29.03 W, 2040 MHz, 6251 MHz, 1 %, 47
2026/10/09 04:28:32.084, 28.91 W, 2040 MHz, 6251 MHz, 1 %, 47
2026/10/09 04:28:32.584, 28.95 W, 2040 MHz, 6251 MHz, 1 %, 47
2026/10/09 04:28:33.084, 28.95 W, 2040 MHz, 6251 MHz, 1 %, 47
2026/10/09 04:28:33.585, 28.92 W, 2040 MHz, 6251 MHz, 2 %, 47
2026/10/09 04:28:34.085, 28.92 W, 2040 MHz, 6251 MHz, 1 %, 47
2026/10/09 04:28:34.585, 28.94 W, 2040 MHz, 6251 MHz, 1 %, 47
2026/10/09 04:28:35.085, 28.99 W, 2040 MHz, 6251 MHz, 1 %, 47
2026/10/09 04:28:35.585, 28.99 W, 2040 MHz, 6251 MHz, 1 %, 47
2026/10/09 04:28:36.085, 29.00 W, 2040 MHz, 6251 MHz, 1 %, 47
2026/10/09 04:28:36.586, 28.99 W, 2040 MHz, 6251 MHz, 1 %, 47
2026/10/09 04:28:37.086, 29.00 W, 2040 MHz, 6251 MHz, 1 %, 48
2026/10/09 04:28:37.586, 29.03 W, 2040 MHz, 6251 MHz, 1 %, 48
2026/10/09 04:28:38.086, 29.02 W, 2040 MHz, 6251 MHz, 1 %, 48
2026/10/09 04:28:38.586, 29.04 W, 2040 MHz, 6251 MHz, 1 %, 48
2026/10/09 04:28:39.086, 29.05 W, 2040 MHz, 6251 MHz, 1 %, 48
2026/10/09 04:28:39.587, 29.07 W, 2040 MHz, 6251 MHz, 1 %, 48
2026/10/09 04:28:40.087, 29.11 W, 2040 MHz, 6251 MHz, 1 %, 48
2026/10/09 04:28:40.587, 29.10 W, 2040 MHz, 6251 MHz, 1 %, 48
2026/10/09 04:28:41.087, 29.06 W, 2040 MHz, 6251 MHz, 1 %, 48
2026/10/09 04:28:41.589, 29.08 W, 2040 MHz, 6251 MHz, 1 %, 48
2026/10/09 04:28:42.090, 29.09 W, 2040 MHz, 6251 MHz, 1 %, 48
2026/10/09 04:28:42.590, 29.08 W, 2040 MHz, 6251 MHz, 1 %, 48
2026/10/09 04:28:43.090, 29.07 W, 2040 MHz, 6251 MHz, 1 %, 48
2026/10/09 04:28:43.590, 29.07 W, 2040 MHz, 6251 MHz, 1 %, 48
2026/10/09 04:28:44.090, 29.09 W, 2040 MHz, 6251 MHz, 1 %, 48
2026/10/09 04:28:44.590, 29.14 W, 2040 MHz, 6251 MHz, 1 %, 48
2026/10/09 04:28:45.091, 29.22 W, 2040 MHz, 6251 MHz, 1 %, 48
2026/10/09 04:28:45.591, 29.22 W, 2040 MHz, 6251 MHz, 2 %, 48
2026/10/09 04:28:46.091, 29.12 W, 2040 MHz, 6251 MHz, 1 %, 48
2026/10/09 04:28:46.591, 29.16 W, 2040 MHz, 6251 MHz, 1 %, 49
2026/10/09 04:28:47.091, 29.50 W, 2040 MHz, 6251 MHz, 1 %, 49
2026/10/09 04:28:47.591, 29.54 W, 2040 MHz, 6251 MHz, 1 %, 49
2026/10/09 04:28:48.092, 29.57 W, 2040 MHz, 6251 MHz, 1 %, 49
2026/10/09 04:28:48.592, 29.20 W, 2040 MHz, 6251 MHz, 1 %, 49
2026/10/09 04:28:49.092, 29.15 W, 2040 MHz, 6251 MHz, 1 %, 49
2026/10/09 04:28:49.592, 29.16 W, 2040 MHz, 6251 MHz, 1 %, 49
2026/10/09 04:28:50.092, 29.21 W, 2040 MHz, 6251 MHz, 1 %, 49
2026/10/09 04:28:50.592, 29.19 W, 2040 MHz, 6251 MHz, 1 %, 49
2026/10/09 04:28:51.092, 29.17 W, 2040 MHz, 6251 MHz, 1 %, 49
2026/10/09 04:28:51.593, 29.21 W, 2040 MHz, 6251 MHz, 1 %, 49
2026/10/09 04:28:52.093, 29.21 W, 2040 MHz, 6251 MHz, 1 %, 49
2026/10/09 04:28:52.593, 29.29 W, 2040 MHz, 6251 MHz, 1 %, 49
2026/10/09 04:28:53.093, 29.27 W, 2040 MHz, 6251 MHz, 1 %, 49
2026/10/09 04:28:53.593, 29.20 W, 2040 MHz, 6251 MHz, 1 %, 49
2026/10/09 04:28:54.093, 29.29 W, 2040 MHz, 6251 MHz, 1 %, 49
2026/10/09 04:28:54.593, 29.32 W, 2040 MHz, 6251 MHz, 1 %, 49
2026/10/09 04:28:55.094, 29.22 W, 2040 MHz, 6251 MHz, 1 %, 49
2026/10/09 04:28:55.594, 29.24 W, 2040 MHz, 6251 MHz, 1 %, 49
2026/10/09 04:28:56.094, 29.22 W, 2040 MHz, 6251 MHz, 1 %, 49
2026/10/09 04:28:56.594, 29.18 W, 2040 MHz, 6251 MHz, 1 %, 49
2026/10/09 04:28:57.094, 29.18 W, 2040 MHz, 6251 MHz, 1 %, 49
2026/10/09 04:28:57.594, 29.17 W, 2040 MHz, 6251 MHz, 1 %, 49
2026/10/09 04:28:58.095, 29.13 W, 2040 MHz, 6251 MHz, 1 %, 48
2026/10/09 04:28:58.595, 29.14 W, 2040 MHz, 6251 MHz, 1 %, 48
2026/10/09 04:28:59.095, 29.33 W, 2040 MHz, 6251 MHz, 1 %, 48
2026/10/09 04:28:59.595, 29.52 W, 2040 MHz, 6251 MHz, 2 %, 48
2026/10/09 04:29:00.095, 29.31 W, 2040 MHz, 6251 MHz, 1 %, 48
2026/10/09 04:29:00.595, 29.29 W, 2040 MHz, 6251 MHz, 1 %, 48
2026/10/09 04:29:01.095, 29.07 W, 2040 MHz, 6251 MHz, 1 %, 48
2026/10/09 04:29:01.596, 29.11 W, 2040 MHz, 6251 MHz, 1 %, 48
2026/10/09 04:29:02.096, 29.11 W, 2040 MHz, 6251 MHz, 1 %, 48
2026/10/09 04:29:02.596, 29.02 W, 2040 MHz, 6251 MHz, 2 %, 48
2026/10/09 04:29:03.096, 28.98 W, 2040 MHz, 6251 MHz, 1 %, 47
2026/10/09 04:29:03.596, 28.99 W, 2040 MHz, 6251 MHz, 1 %, 47
2026/10/09 04:29:04.096, 29.04 W, 2040 MHz, 6251 MHz, 1 %, 47
2026/10/09 04:29:04.596, 29.03 W, 2040 MHz, 6251 MHz, 1 %, 47
2026/10/09 04:29:05.097, 29.04 W, 2040 MHz, 6251 MHz, 1 %, 47
2026/10/09 04:29:05.597, 29.02 W, 2040 MHz, 6251 MHz, 1 %, 47
2026/10/09 04:29:06.097, 29.00 W, 2040 MHz, 6251 MHz, 1 %, 47
2026/10/09 04:29:06.597, 28.91 W, 2040 MHz, 6251 MHz, 1 %, 47
2026/10/09 04:29:07.097, 28.88 W, 2040 MHz, 6251 MHz, 1 %, 47
2026/10/09 04:29:07.597, 28.88 W, 2040 MHz, 6251 MHz, 1 %, 47
2026/10/09 04:29:08.098, 28.86 W, 2040 MHz, 6251 MHz, 1 %, 47
2026/10/09 04:29:08.598, 28.88 W, 2040 MHz, 6251 MHz, 1 %, 47
2026/10/09 04:29:09.098, 28.92 W, 2040 MHz, 6251 MHz, 1 %, 47
2026/10/09 04:29:09.598, 28.87 W, 2040 MHz, 6251 MHz, 1 %, 46
2026/10/09 04:29:10.098, 28.87 W, 2040 MHz, 6251 MHz, 3 %, 46
2026/10/09 04:29:10.598, 29.06 W, 2040 MHz, 6251 MHz, 2 %, 46
2026/10/09 04:29:11.098, 29.02 W, 2040 MHz, 6251 MHz, 1 %, 46
2026/10/09 04:29:11.599, 29.03 W, 2040 MHz, 6251 MHz, 1 %, 46
2026/10/09 04:29:12.099, 28.80 W, 2040 MHz, 6251 MHz, 1 %, 46
2026/10/09 04:29:12.599, 28.77 W, 2040 MHz, 6251 MHz, 1 %, 46
2026/10/09 04:29:13.099, 28.78 W, 2040 MHz, 6251 MHz, 3 %, 46
2026/10/09 04:29:13.599, 28.80 W, 2040 MHz, 6251 MHz, 1 %, 46
2026/10/09 04:29:14.099, 28.79 W, 2040 MHz, 6251 MHz, 1 %, 46
2026/10/09 04:29:14.599, 28.79 W, 2040 MHz, 6251 MHz, 1 %, 46
2026/10/09 04:29:15.100, 28.92 W, 2040 MHz, 6251 MHz, 1 %, 46
2026/10/09 04:29:15.600, 28.90 W, 2040 MHz, 6251 MHz, 1 %, 46
2026/10/09 04:29:16.100, 28.92 W, 2040 MHz, 6251 MHz, 1 %, 46
2026/10/09 04:29:16.600, 28.93 W, 2040 MHz, 6251 MHz, 1 %, 46
2026/10/09 04:29:17.100, 28.90 W, 2040 MHz, 6251 MHz, 1 %, 46
2026/10/09 04:29:17.600, 28.76 W, 2040 MHz, 6251 MHz, 1 %, 46
2026/10/09 04:29:18.100, 28.72 W, 2040 MHz, 6251 MHz, 1 %, 46
2026/10/09 04:29:18.601, 28.70 W, 2040 MHz, 6251 MHz, 1 %, 46
2026/10/09 04:29:19.101, 29.12 W, 2040 MHz, 6251 MHz, 1 %, 46
2026/10/09 04:29:19.601, 29.13 W, 2040 MHz, 6251 MHz, 1 %, 46
2026/10/09 04:29:20.101, 28.69 W, 2040 MHz, 6251 MHz, 1 %, 46
2026/10/09 04:29:20.601, 28.97 W, 2040 MHz, 6251 MHz, 1 %, 46
2026/10/09 04:29:21.101, 29.00 W, 2040 MHz, 6251 MHz, 1 %, 45
2026/10/09 04:29:21.601, 28.72 W, 2040 MHz, 6251 MHz, 1 %, 45
2026/10/09 04:29:22.102, 28.75 W, 2040 MHz, 6251 MHz, 1 %, 45
2026/10/09 04:29:22.602, 28.80 W, 2040 MHz, 6251 MHz, 1 %, 45
2026/10/09 04:29:23.102, 28.75 W, 2040 MHz, 6251 MHz, 1 %, 45
2026/10/09 04:29:23.602, 28.71 W, 2040 MHz, 6251 MHz, 1 %, 45
2026/10/09 04:29:24.102, 28.70 W, 2040 MHz, 6251 MHz, 1 %, 45
2026/10/09 04:29:24.602, 28.71 W, 2040 MHz, 6251 MHz, 1 %, 45
2026/10/09 04:29:25.103, 28.85 W, 2040 MHz, 6251 MHz, 1 %, 45
2026/10/09 04:29:25.603, 28.84 W, 2040 MHz, 6251 MHz, 1 %, 45
2026/10/09 04:29:26.103, 28.84 W, 2040 MHz, 6251 MHz, 1 %, 45
2026/10/09 04:29:26.603, 28.84 W, 2040 MHz, 6251 MHz, 1 %, 45
2026/10/09 04:29:27.103, 28.82 W, 2040 MHz, 6251 MHz, 1 %, 45
2026/10/09 04:29:27.603, 28.70 W, 2040 MHz, 6251 MHz, 1 %, 45
2026/10/09 04:29:28.103, 28.72 W, 2040 MHz, 6251 MHz, 1 %, 45
2026/10/09 04:29:28.604, 28.72 W, 2040 MHz, 6251 MHz, 1 %, 45
2026/10/09 04:29:29.104, 28.67 W, 2040 MHz, 6251 MHz, 1 %, 45
2026/10/09 04:29:29.604, 28.67 W, 2040 MHz, 6251 MHz, 1 %, 45
2026/10/09 04:29:30.104, 28.67 W, 2040 MHz, 6251 MHz, 1 %, 45
2026/10/09 04:29:30.604, 29.26 W, 2040 MHz, 6251 MHz, 3 %, 45
2026/10/09 04:29:31.104, 29.25 W, 2040 MHz, 6251 MHz, 1 %, 45
2026/10/09 04:29:31.604, 29.26 W, 2040 MHz, 6251 MHz, 1 %, 45
2026/10/09 04:29:32.105, 28.69 W, 2040 MHz, 6251 MHz, 1 %, 45
2026/10/09 04:29:32.605, 28.64 W, 2040 MHz, 6251 MHz, 1 %, 45
2026/10/09 04:29:33.105, 28.64 W, 2040 MHz, 6251 MHz, 1 %, 45
2026/10/09 04:29:33.605, 28.67 W, 2040 MHz, 6251 MHz, 3 %, 45
2026/10/09 04:29:34.105, 28.85 W, 2040 MHz, 6251 MHz, 1 %, 45
2026/10/09 04:29:34.605, 28.88 W, 2040 MHz, 6251 MHz, 1 %, 45
2026/10/09 04:29:35.105, 28.72 W, 2040 MHz, 6251 MHz, 2 %, 45
2026/10/09 04:29:35.606, 28.71 W, 2040 MHz, 6251 MHz, 1 %, 45
2026/10/09 04:29:36.106, 28.69 W, 2040 MHz, 6251 MHz, 1 %, 45
2026/10/09 04:29:36.606, 28.86 W, 2040 MHz, 6251 MHz, 1 %, 45
2026/10/09 04:29:37.106, 28.84 W, 2040 MHz, 6251 MHz, 1 %, 45
2026/10/09 04:29:37.606, 28.68 W, 2040 MHz, 6251 MHz, 1 %, 45
2026/10/09 04:29:38.106, 28.87 W, 2040 MHz, 6251 MHz, 1 %, 45
2026/10/09 04:29:38.606, 28.88 W, 2040 MHz, 6251 MHz, 1 %, 45
2026/10/09 04:29:39.107, 28.68 W, 2040 MHz, 6251 MHz, 1 %, 45
2026/10/09 04:29:39.607, 28.65 W, 2040 MHz, 6251 MHz, 1 %, 45
2026/10/09 04:29:40.107, 28.75 W, 2040 MHz, 6251 MHz, 1 %, 45
2026/10/09 04:29:40.607, 28.78 W, 2040 MHz, 6251 MHz, 1 %, 45
2026/10/09 04:29:41.107, 28.74 W, 2040 MHz, 6251 MHz, 1 %, 45
2026/10/09 04:29:41.607, 28.72 W, 2040 MHz, 6251 MHz, 1 %, 45
2026/10/09 04:29:42.108, 28.71 W, 2040 MHz, 6251 MHz, 1 %, 45
2026/10/09 04:29:42.608, 28.69 W, 2040 MHz, 6251 MHz, 1 %, 45
2026/10/09 04:29:43.108, 28.68 W, 2040 MHz, 6251 MHz, 1 %, 45
2026/10/09 04:29:43.608, 28.71 W, 2040 MHz, 6251 MHz, 1 %, 45
2026/10/09 04:29:44.108, 28.69 W, 2040 MHz, 6251 MHz, 1 %, 45
2026/10/09 04:29:44.608, 28.67 W, 2040 MHz, 6251 MHz, 1 %, 45
2026/10/09 04:29:45.108, 28.69 W, 2040 MHz, 6251 MHz, 1 %, 45
2026/10/09 04:29:45.609, 28.69 W, 2040 MHz, 6251 MHz, 1 %, 46
2026/10/09 04:29:46.109, 28.70 W, 2040 MHz, 6251 MHz, 1 %, 46
2026/10/09 04:29:46.609, 28.73 W, 2040 MHz, 6251 MHz, 1 %, 46
2026/10/09 04:29:47.109, 28.71 W, 2040 MHz, 6251 MHz, 1 %, 46
2026/10/09 04:29:47.609, 28.68 W, 2040 MHz, 6251 MHz, 1 %, 46
2026/10/09 04:29:48.109, 28.69 W, 2040 MHz, 6251 MHz, 1 %, 46
2026/10/09 04:29:48.609, 28.72 W, 2040 MHz, 6251 MHz, 1 %, 46
2026/10/09 04:29:49.110, 28.74 W, 2040 MHz, 6251 MHz, 1 %, 46
2026/10/09 04:29:49.610, 28.74 W, 2040 MHz, 6251 MHz, 1 %, 46
2026/10/09 04:29:50.110, 28.70 W, 2040 MHz, 6251 MHz, 0 %, 46
2026/10/09 04:29:50.610, 28.69 W, 2040 MHz, 6251 MHz, 0 %, 46
2026/10/09 04:29:51.110, 28.70 W, 2040 MHz, 6251 MHz, 0 %, 46
2026/10/09 04:29:51.610, 28.69 W, 2040 MHz, 6251 MHz, 0 %, 46
2026/10/09 04:29:52.110, 28.72 W, 2040 MHz, 6251 MHz, 0 %, 46
2026/10/09 04:29:52.611, 28.75 W, 2040 MHz, 6251 MHz, 0 %, 46
2026/10/09 04:29:53.111, 28.74 W, 2040 MHz, 6251 MHz, 0 %, 46
2026/10/09 04:29:53.611, 28.73 W, 2040 MHz, 6251 MHz, 0 %, 46
2026/10/09 04:29:54.111, 28.72 W, 2040 MHz, 6251 MHz, 0 %, 46
2026/10/09 04:29:54.611, 28.72 W, 2040 MHz, 6251 MHz, 0 %, 46
2026/10/09 04:29:55.111, 28.72 W, 2040 MHz, 6251 MHz, 0 %, 46
2026/10/09 04:29:55.612, 28.73 W, 2040 MHz, 6251 MHz, 0 %, 46
2026/10/09 04:29:56.112, 28.76 W, 2040 MHz, 6251 MHz, 0 %, 46
2026/10/09 04:29:56.612, 28.77 W, 2040 MHz, 6251 MHz, 0 %, 46
2026/10/09 04:29:57.112, 28.76 W, 2040 MHz, 6251 MHz, 0 %, 46
2026/10/09 04:29:57.612, 28.74 W, 2040 MHz, 6251 MHz, 0 %, 46
2026/10/09 04:29:58.113, 28.74 W, 2040 MHz, 6251 MHz, 0 %, 46
2026/10/09 04:29:58.613, 28.79 W, 2040 MHz, 6251 MHz, 0 %, 46
2026/10/09 04:29:59.113, 28.80 W, 2040 MHz, 6251 MHz, 0 %, 46
2026/10/09 04:29:59.613, 28.81 W, 2040 MHz, 6251 MHz, 0 %, 47
2026/10/09 04:30:00.113, 28.83 W, 2040 MHz, 6251 MHz, 0 %, 47
2026/10/09 04:30:00.614, 28.84 W, 2040 MHz, 6251 MHz, 0 %, 47
2026/10/09 04:30:01.114, 28.82 W, 2040 MHz, 6251 MHz, 0 %, 47
2026/10/09 04:30:01.614, 28.82 W, 2040 MHz, 6251 MHz, 0 %, 47
2026/10/09 04:30:02.114, 28.85 W, 2040 MHz, 6251 MHz, 0 %, 47
2026/10/09 04:30:02.614, 28.85 W, 2040 MHz, 6251 MHz, 0 %, 47
2026/10/09 04:30:03.114, 28.84 W, 2040 MHz, 6251 MHz, 0 %, 47
2026/10/09 04:30:03.614, 28.84 W, 2040 MHz, 6251 MHz, 0 %, 47
2026/10/09 04:30:04.115, 28.86 W, 2040 MHz, 6251 MHz, 0 %, 47
2026/10/09 04:30:04.615, 28.89 W, 2040 MHz, 6251 MHz, 0 %, 47
2026/10/09 04:30:05.115, 28.87 W, 2040 MHz, 6251 MHz, 0 %, 47
2026/10/09 04:30:05.615, 28.90 W, 2040 MHz, 6251 MHz, 0 %, 47
2026/10/09 04:30:06.115, 28.92 W, 2040 MHz, 6251 MHz, 0 %, 47
2026/10/09 04:30:06.615, 28.89 W, 2040 MHz, 6251 MHz, 0 %, 47
2026/10/09 04:30:07.115, 28.87 W, 2040 MHz, 6251 MHz, 0 %, 47
2026/10/09 04:30:07.616, 28.87 W, 2040 MHz, 6251 MHz, 0 %, 47
2026/10/09 04:30:08.116, 28.87 W, 2040 MHz, 6251 MHz, 0 %, 47
2026/10/09 04:30:08.616, 28.89 W, 2040 MHz, 6251 MHz, 0 %, 47
2026/10/09 04:30:09.116, 28.90 W, 2040 MHz, 6251 MHz, 0 %, 47
2026/10/09 04:30:09.616, 28.89 W, 2040 MHz, 6251 MHz, 0 %, 47
2026/10/09 04:30:10.116, 28.86 W, 2040 MHz, 6251 MHz, 0 %, 47
2026/10/09 04:30:10.616, 28.86 W, 2040 MHz, 6251 MHz, 0 %, 47
2026/10/09 04:30:11.117, 28.85 W, 2040 MHz, 6251 MHz, 0 %, 47
2026/10/09 04:30:11.617, 28.84 W, 2040 MHz, 6251 MHz, 0 %, 47
2026/10/09 04:30:12.117, 28.82 W, 2040 MHz, 6251 MHz, 0 %, 47
2026/10/09 04:30:12.617, 28.81 W, 2040 MHz, 6251 MHz, 0 %, 47
2026/10/09 04:30:13.117, 28.80 W, 2040 MHz, 6251 MHz, 0 %, 47
2026/10/09 04:30:13.617, 28.78 W, 2040 MHz, 6251 MHz, 0 %, 47
2026/10/09 04:30:14.118, 41.08 W, 1980 MHz, 6251 MHz, 98 %, 51
2026/10/09 04:30:14.618, 48.73 W, 2025 MHz, 6251 MHz, 0 %, 47
2026/10/09 04:30:15.118, 41.44 W, 2040 MHz, 6251 MHz, 0 %, 47
2026/10/09 04:30:15.618, 28.96 W, 2040 MHz, 6251 MHz, 0 %, 47
2026/10/09 04:30:16.118, 28.92 W, 2040 MHz, 6251 MHz, 0 %, 46
2026/10/09 04:30:16.618, 40.00 W, 2040 MHz, 6251 MHz, 98 %, 49
2026/10/09 04:30:17.118, 43.09 W, 2040 MHz, 6251 MHz, 0 %, 47
2026/10/09 04:30:17.618, 35.38 W, 2040 MHz, 6251 MHz, 0 %, 46
2026/10/09 04:30:18.119, 28.97 W, 2040 MHz, 6251 MHz, 0 %, 46
2026/10/09 04:30:18.619, 28.95 W, 2040 MHz, 6251 MHz, 0 %, 46
2026/10/09 04:30:19.119, 28.89 W, 2040 MHz, 6251 MHz, 0 %, 46
2026/10/09 04:30:19.619, 28.88 W, 2040 MHz, 6251 MHz, 0 %, 46
2026/10/09 04:30:20.119, 28.87 W, 2040 MHz, 6251 MHz, 0 %, 46
2026/10/09 04:30:20.619, 47.58 W, 1890 MHz, 6251 MHz, 99 %, 49
2026/10/09 04:30:21.119, 54.67 W, 2025 MHz, 6251 MHz, 0 %, 47
2026/10/09 04:30:21.620, 40.06 W, 2040 MHz, 6251 MHz, 0 %, 46
2026/10/09 04:30:22.120, 28.91 W, 2040 MHz, 6251 MHz, 0 %, 46
2026/10/09 04:30:22.620, 28.86 W, 2040 MHz, 6251 MHz, 0 %, 46
2026/10/09 04:30:23.120, 28.89 W, 2040 MHz, 6251 MHz, 0 %, 46
2026/10/09 04:30:23.620, 28.91 W, 2040 MHz, 6251 MHz, 0 %, 46
2026/10/09 04:30:24.120, 28.91 W, 2040 MHz, 6251 MHz, 0 %, 46
2026/10/09 04:30:24.620, 28.90 W, 2040 MHz, 6251 MHz, 0 %, 46
2026/10/09 04:30:25.121, 44.23 W, 1770 MHz, 6251 MHz, 98 %, 50
2026/10/09 04:30:25.621, 51.29 W, 2025 MHz, 6251 MHz, 0 %, 46
2026/10/09 04:30:26.121, 40.20 W, 2040 MHz, 6251 MHz, 0 %, 46
2026/10/09 04:30:26.621, 28.89 W, 2040 MHz, 6251 MHz, 0 %, 46
2026/10/09 04:30:27.121, 28.90 W, 2040 MHz, 6251 MHz, 0 %, 46
2026/10/09 04:30:27.621, 28.90 W, 2040 MHz, 6251 MHz, 0 %, 46
2026/10/09 04:30:28.121, 28.88 W, 2040 MHz, 6251 MHz, 0 %, 46
2026/10/09 04:30:28.622, 28.86 W, 2040 MHz, 6251 MHz, 0 %, 46
2026/10/09 04:30:29.122, 28.86 W, 2040 MHz, 6251 MHz, 0 %, 46
2026/10/09 04:30:29.622, 28.85 W, 2040 MHz, 6251 MHz, 0 %, 46
2026/10/09 04:30:30.122, 28.84 W, 2040 MHz, 6251 MHz, 0 %, 46
2026/10/09 04:30:30.622, 28.82 W, 2040 MHz, 6251 MHz, 0 %, 46
2026/10/09 04:30:31.122, 28.81 W, 2040 MHz, 6251 MHz, 0 %, 45
2026/10/09 04:30:31.622, 28.81 W, 2040 MHz, 6251 MHz, 0 %, 45
2026/10/09 04:30:32.123, 28.80 W, 2040 MHz, 6251 MHz, 0 %, 45
2026/10/09 04:30:32.623, 28.78 W, 2040 MHz, 6251 MHz, 0 %, 45
2026/10/09 04:30:33.123, 43.95 W, 1785 MHz, 6251 MHz, 98 %, 49
2026/10/09 04:30:33.623, 60.83 W, 2010 MHz, 6251 MHz, 72 %, 47
2026/10/09 04:30:34.123, 49.11 W, 2040 MHz, 6251 MHz, 0 %, 46
2026/10/09 04:30:34.623, 29.50 W, 2040 MHz, 6251 MHz, 0 %, 46
2026/10/09 04:30:35.124, 28.88 W, 2040 MHz, 6251 MHz, 0 %, 46
2026/10/09 04:30:35.624, 39.82 W, 2025 MHz, 6251 MHz, 70 %, 47
2026/10/09 04:30:36.124, 39.80 W, 2040 MHz, 6251 MHz, 0 %, 46
2026/10/09 04:30:36.624, 29.40 W, 2040 MHz, 6251 MHz, 0 %, 46
2026/10/09 04:30:37.124, 28.87 W, 2040 MHz, 6251 MHz, 0 %, 46
2026/10/09 04:30:37.624, 28.84 W, 2040 MHz, 6251 MHz, 0 %, 46
2026/10/09 04:30:38.124, 28.82 W, 2040 MHz, 6251 MHz, 0 %, 46
2026/10/09 04:30:38.625, 28.82 W, 2040 MHz, 6251 MHz, 0 %, 46
2026/10/09 04:30:39.125, 28.80 W, 2040 MHz, 6251 MHz, 0 %, 46
2026/10/09 04:30:39.625, 28.80 W, 2040 MHz, 6251 MHz, 0 %, 46
2026/10/09 04:30:40.125, 28.83 W, 2040 MHz, 6251 MHz, 0 %, 46
2026/10/09 04:30:40.625, 28.83 W, 2040 MHz, 6251 MHz, 0 %, 46
2026/10/09 04:30:41.125, 28.85 W, 2040 MHz, 6251 MHz, 0 %, 45
2026/10/09 04:30:41.625, 28.86 W, 2040 MHz, 6251 MHz, 0 %, 45
2026/10/09 04:30:42.126, 28.84 W, 2040 MHz, 6251 MHz, 0 %, 45
2026/10/09 04:30:42.626, 28.84 W, 2040 MHz, 6251 MHz, 0 %, 45
2026/10/09 04:30:43.126, 28.84 W, 2040 MHz, 6251 MHz, 0 %, 45
2026/10/09 04:30:43.626, 28.82 W, 2040 MHz, 6251 MHz, 0 %, 45
2026/10/09 04:30:44.126, 28.81 W, 2040 MHz, 6251 MHz, 0 %, 45
2026/10/09 04:30:44.626, 28.82 W, 2040 MHz, 6251 MHz, 0 %, 45
2026/10/09 04:30:45.126, 28.82 W, 2040 MHz, 6251 MHz, 0 %, 45
2026/10/09 04:30:45.627, 28.83 W, 2040 MHz, 6251 MHz, 0 %, 45
2026/10/09 04:30:46.127, 28.86 W, 2040 MHz, 6251 MHz, 0 %, 45
2026/10/09 04:30:46.627, 28.87 W, 2040 MHz, 6251 MHz, 0 %, 45
2026/10/09 04:30:47.127, 33.35 W, 1935 MHz, 6251 MHz, 0 %, 48
2026/10/09 04:30:47.627, 52.81 W, 1110 MHz, 6251 MHz, 100 %, 50
2026/10/09 04:30:48.127, 56.96 W, 2040 MHz, 6251 MHz, 7 %, 46
2026/10/09 04:30:48.628, 36.51 W, 2040 MHz, 6251 MHz, 0 %, 46
2026/10/09 04:30:49.128, 31.71 W, 2040 MHz, 6251 MHz, 42 %, 46
2026/10/09 04:30:49.628, 31.67 W, 2040 MHz, 6251 MHz, 0 %, 46
2026/10/09 04:30:50.128, 33.47 W, 1350 MHz, 6251 MHz, 0 %, 49
2026/10/09 04:30:50.628, 48.03 W, 1380 MHz, 6251 MHz, 67 %, 51
2026/10/09 04:30:51.128, 65.10 W, 1380 MHz, 6251 MHz, 91 %, 51
2026/10/09 04:30:51.628, 63.41 W, 1515 MHz, 6251 MHz, 73 %, 51
2026/10/09 04:30:52.129, 59.01 W, 1935 MHz, 6251 MHz, 68 %, 50
2026/10/09 04:30:52.629, 59.93 W, 1470 MHz, 6251 MHz, 31 %, 51
2026/10/09 04:30:53.129, 62.07 W, 1785 MHz, 6251 MHz, 65 %, 50
2026/10/09 04:30:53.629, 61.27 W, 1695 MHz, 6251 MHz, 65 %, 51
2026/10/09 04:30:54.129, 67.38 W, 1920 MHz, 6251 MHz, 56 %, 50
2026/10/09 04:30:54.629, 66.32 W, 1920 MHz, 6251 MHz, 47 %, 51
2026/10/09 04:30:55.129, 60.22 W, 2025 MHz, 6251 MHz, 42 %, 49
2026/10/09 04:30:55.630, 53.75 W, 1545 MHz, 6251 MHz, 71 %, 51
2026/10/09 04:30:56.130, 63.26 W, 1725 MHz, 6251 MHz, 67 %, 51
2026/10/09 04:30:56.630, 67.78 W, 1800 MHz, 6251 MHz, 59 %, 51
2026/10/09 04:30:57.130, 65.14 W, 1830 MHz, 6251 MHz, 60 %, 52
2026/10/09 04:30:57.630, 62.52 W, 2040 MHz, 6251 MHz, 65 %, 51
2026/10/09 04:30:58.130, 47.96 W, 2040 MHz, 6251 MHz, 0 %, 49
2026/10/09 04:30:58.631, 37.14 W, 2025 MHz, 6251 MHz, 0 %, 49
2026/10/09 04:30:59.131, 33.22 W, 2040 MHz, 6251 MHz, 2 %, 49
2026/10/09 04:30:59.631, 29.39 W, 2040 MHz, 6251 MHz, 0 %, 49
2026/10/09 04:31:00.131, 29.32 W, 2040 MHz, 6251 MHz, 0 %, 49
2026/10/09 04:31:00.631, 29.28 W, 2040 MHz, 6251 MHz, 0 %, 49
2026/10/09 04:31:01.131, 29.28 W, 2040 MHz, 6251 MHz, 0 %, 49
2026/10/09 04:31:01.632, 29.27 W, 2040 MHz, 6251 MHz, 0 %, 49
2026/10/09 04:31:02.132, 29.27 W, 2040 MHz, 6251 MHz, 0 %, 49
2026/10/09 04:31:02.632, 29.28 W, 2040 MHz, 6251 MHz, 0 %, 49
2026/10/09 04:31:03.132, 29.28 W, 2040 MHz, 6251 MHz, 0 %, 49
2026/10/09 04:31:03.632, 29.29 W, 2040 MHz, 6251 MHz, 0 %, 49
2026/10/09 04:31:04.132, 29.28 W, 2040 MHz, 6251 MHz, 0 %, 49
2026/10/09 04:31:04.633, 29.30 W, 2040 MHz, 6251 MHz, 0 %, 49
2026/10/09 04:31:05.133, 29.27 W, 2040 MHz, 6251 MHz, 0 %, 49
2026/10/09 04:31:05.633, 29.27 W, 2040 MHz, 6251 MHz, 0 %, 49
2026/10/09 04:31:06.133, 29.27 W, 2040 MHz, 6251 MHz, 0 %, 49
2026/10/09 04:31:06.633, 29.27 W, 2040 MHz, 6251 MHz, 0 %, 49
2026/10/09 04:31:07.133, 29.28 W, 2040 MHz, 6251 MHz, 0 %, 49
2026/10/09 04:31:07.633, 29.30 W, 2040 MHz, 6251 MHz, 0 %, 49
2026/10/09 04:31:08.134, 29.31 W, 2040 MHz, 6251 MHz, 0 %, 49
2026/10/09 04:31:08.634, 29.32 W, 2040 MHz, 6251 MHz, 0 %, 49
2026/10/09 04:31:09.134, 29.32 W, 2040 MHz, 6251 MHz, 0 %, 49
2026/10/09 04:31:09.634, 29.30 W, 2040 MHz, 6251 MHz, 0 %, 49
2026/10/09 04:31:10.134, 29.28 W, 2040 MHz, 6251 MHz, 0 %, 49
2026/10/09 04:31:10.634, 29.30 W, 2040 MHz, 6251 MHz, 0 %, 49
2026/10/09 04:31:11.134, 29.32 W, 2040 MHz, 6251 MHz, 0 %, 49
2026/10/09 04:31:11.635, 29.35 W, 2040 MHz, 6251 MHz, 0 %, 49
2026/10/09 04:31:12.135, 29.35 W, 2040 MHz, 6251 MHz, 0 %, 49
2026/10/09 04:31:12.635, 29.35 W, 2040 MHz, 6251 MHz, 0 %, 49
2026/10/09 04:31:13.135, 29.34 W, 2040 MHz, 6251 MHz, 0 %, 49
2026/10/09 04:31:13.635, 29.35 W, 2040 MHz, 6251 MHz, 0 %, 49
2026/10/09 04:31:14.135, 29.36 W, 2040 MHz, 6251 MHz, 0 %, 49
2026/10/09 04:31:14.636, 29.34 W, 2040 MHz, 6251 MHz, 0 %, 49
2026/10/09 04:31:15.136, 29.31 W, 2040 MHz, 6251 MHz, 0 %, 49
2026/10/09 04:31:15.636, 29.33 W, 2040 MHz, 6251 MHz, 0 %, 49
2026/10/09 04:31:16.136, 29.33 W, 2040 MHz, 6251 MHz, 0 %, 49
2026/10/09 04:31:16.636, 29.34 W, 2040 MHz, 6251 MHz, 0 %, 49
2026/10/09 04:31:17.136, 29.32 W, 2040 MHz, 6251 MHz, 0 %, 49
2026/10/09 04:31:17.636, 29.33 W, 2040 MHz, 6251 MHz, 0 %, 49
2026/10/09 04:31:18.137, 29.34 W, 2040 MHz, 6251 MHz, 0 %, 49
2026/10/09 04:31:18.637, 29.35 W, 2040 MHz, 6251 MHz, 0 %, 49
2026/10/09 04:31:19.137, 29.33 W, 2040 MHz, 6251 MHz, 0 %, 49
2026/10/09 04:31:19.637, 29.34 W, 2040 MHz, 6251 MHz, 0 %, 49
2026/10/09 04:31:20.137, 29.37 W, 2040 MHz, 6251 MHz, 0 %, 49
2026/10/09 04:31:20.637, 29.39 W, 2040 MHz, 6251 MHz, 0 %, 49
2026/10/09 04:31:21.137, 29.37 W, 2040 MHz, 6251 MHz, 0 %, 49
2026/10/09 04:31:21.638, 29.36 W, 2040 MHz, 6251 MHz, 0 %, 49
2026/10/09 04:31:22.138, 29.38 W, 2040 MHz, 6251 MHz, 0 %, 49
2026/10/09 04:31:22.638, 29.42 W, 2040 MHz, 6251 MHz, 0 %, 49
2026/10/09 04:31:23.138, 29.40 W, 2040 MHz, 6251 MHz, 0 %, 49
2026/10/09 04:31:23.638, 29.39 W, 2040 MHz, 6251 MHz, 0 %, 49
2026/10/09 04:31:24.138, 29.39 W, 2040 MHz, 6251 MHz, 0 %, 49
2026/10/09 04:31:24.639, 29.39 W, 2040 MHz, 6251 MHz, 0 %, 49
2026/10/09 04:31:25.139, 29.40 W, 2040 MHz, 6251 MHz, 0 %, 49
2026/10/09 04:31:25.639, 29.39 W, 2040 MHz, 6251 MHz, 0 %, 49
2026/10/09 04:31:26.139, 29.38 W, 2040 MHz, 6251 MHz, 0 %, 49
2026/10/09 04:31:26.639, 29.40 W, 2040 MHz, 6251 MHz, 0 %, 49
2026/10/09 04:31:27.139, 29.40 W, 2040 MHz, 6251 MHz, 0 %, 49
2026/10/09 04:31:27.640, 29.43 W, 2040 MHz, 6251 MHz, 0 %, 49
2026/10/09 04:31:28.140, 29.41 W, 2040 MHz, 6251 MHz, 0 %, 50
2026/10/09 04:31:28.640, 29.39 W, 2040 MHz, 6251 MHz, 0 %, 50
2026/10/09 04:31:29.140, 29.42 W, 2040 MHz, 6251 MHz, 0 %, 50
2026/10/09 04:31:29.640, 29.44 W, 2040 MHz, 6251 MHz, 0 %, 50
2026/10/09 04:31:30.141, 29.45 W, 2040 MHz, 6251 MHz, 0 %, 50
2026/10/09 04:31:30.641, 29.45 W, 2040 MHz, 6251 MHz, 0 %, 50
2026/10/09 04:31:31.141, 29.44 W, 2040 MHz, 6251 MHz, 0 %, 50
2026/10/09 04:31:31.641, 29.47 W, 2040 MHz, 6251 MHz, 0 %, 50
2026/10/09 04:31:32.141, 29.49 W, 2040 MHz, 6251 MHz, 0 %, 50
2026/10/09 04:31:32.641, 29.51 W, 2040 MHz, 6251 MHz, 0 %, 50
2026/10/09 04:31:33.141, 29.51 W, 2040 MHz, 6251 MHz, 0 %, 50
2026/10/09 04:31:33.642, 29.50 W, 2040 MHz, 6251 MHz, 0 %, 50
2026/10/09 04:31:34.142, 29.50 W, 2040 MHz, 6251 MHz, 0 %, 50
2026/10/09 04:31:34.642, 29.52 W, 2040 MHz, 6251 MHz, 0 %, 50
2026/10/09 04:31:35.142, 29.54 W, 2040 MHz, 6251 MHz, 0 %, 50
2026/10/09 04:31:35.642, 29.54 W, 2040 MHz, 6251 MHz, 0 %, 50
2026/10/09 04:31:36.142, 29.54 W, 2040 MHz, 6251 MHz, 0 %, 50
2026/10/09 04:31:36.643, 29.54 W, 2040 MHz, 6251 MHz, 0 %, 50
2026/10/09 04:31:37.143, 29.59 W, 2040 MHz, 6251 MHz, 0 %, 50
2026/10/09 04:31:37.643, 29.60 W, 2040 MHz, 6251 MHz, 0 %, 50
2026/10/09 04:31:38.143, 29.57 W, 2040 MHz, 6251 MHz, 0 %, 50
2026/10/09 04:31:38.643, 29.55 W, 2040 MHz, 6251 MHz, 0 %, 50
2026/10/09 04:31:39.143, 29.56 W, 2040 MHz, 6251 MHz, 0 %, 51
2026/10/09 04:31:39.643, 29.58 W, 2040 MHz, 6251 MHz, 0 %, 51
2026/10/09 04:31:40.144, 29.61 W, 2040 MHz, 6251 MHz, 0 %, 51
2026/10/09 04:31:40.645, 29.64 W, 2040 MHz, 6251 MHz, 0 %, 51
2026/10/09 04:31:41.145, 29.63 W, 2040 MHz, 6251 MHz, 0 %, 51
2026/10/09 04:31:41.645, 29.63 W, 2040 MHz, 6251 MHz, 0 %, 51
2026/10/09 04:31:42.145, 29.60 W, 2040 MHz, 6251 MHz, 0 %, 51
2026/10/09 04:31:42.645, 29.60 W, 2040 MHz, 6251 MHz, 0 %, 51
2026/10/09 04:31:43.146, 29.62 W, 2040 MHz, 6251 MHz, 0 %, 50
2026/10/09 04:31:43.646, 29.60 W, 2040 MHz, 6251 MHz, 0 %, 50
2026/10/09 04:31:44.146, 29.59 W, 2040 MHz, 6251 MHz, 0 %, 50
2026/10/09 04:31:44.646, 29.56 W, 2040 MHz, 6251 MHz, 0 %, 50
2026/10/09 04:31:45.146, 29.58 W, 2040 MHz, 6251 MHz, 0 %, 50
2026/10/09 04:31:45.646, 29.57 W, 2040 MHz, 6251 MHz, 0 %, 50
2026/10/09 04:31:46.146, 29.52 W, 2040 MHz, 6251 MHz, 0 %, 50
2026/10/09 04:31:46.647, 29.53 W, 2040 MHz, 6251 MHz, 0 %, 50
2026/10/09 04:31:47.147, 29.51 W, 2040 MHz, 6251 MHz, 0 %, 50
2026/10/09 04:31:47.647, 29.45 W, 2040 MHz, 6251 MHz, 0 %, 50
2026/10/09 04:31:48.147, 29.43 W, 2040 MHz, 6251 MHz, 0 %, 50
2026/10/09 04:31:48.647, 29.46 W, 2040 MHz, 6251 MHz, 0 %, 49
2026/10/09 04:31:49.147, 29.46 W, 2040 MHz, 6251 MHz, 0 %, 49
2026/10/09 04:31:49.647, 29.42 W, 2040 MHz, 6251 MHz, 0 %, 49
2026/10/09 04:31:50.148, 29.37 W, 2040 MHz, 6251 MHz, 0 %, 49
2026/10/09 04:31:50.648, 29.34 W, 2040 MHz, 6251 MHz, 0 %, 49
2026/10/09 04:31:51.148, 29.30 W, 2040 MHz, 6251 MHz, 0 %, 49
2026/10/09 04:31:51.648, 29.29 W, 2040 MHz, 6251 MHz, 0 %, 49
2026/10/09 04:31:52.148, 29.24 W, 2040 MHz, 6251 MHz, 0 %, 49
2026/10/09 04:31:52.648, 29.23 W, 2040 MHz, 6251 MHz, 0 %, 49
2026/10/09 04:31:53.148, 29.21 W, 2040 MHz, 6251 MHz, 0 %, 48
2026/10/09 04:31:53.649, 29.21 W, 2040 MHz, 6251 MHz, 0 %, 48
2026/10/09 04:31:54.149, 29.21 W, 2040 MHz, 6251 MHz, 0 %, 48
2026/10/09 04:31:54.649, 29.23 W, 2040 MHz, 6251 MHz, 0 %, 48
2026/10/09 04:31:55.149, 29.23 W, 2040 MHz, 6251 MHz, 0 %, 48
2026/10/09 04:31:55.649, 29.22 W, 2040 MHz, 6251 MHz, 0 %, 48
2026/10/09 04:31:56.149, 29.18 W, 2040 MHz, 6251 MHz, 0 %, 48
2026/10/09 04:31:56.649, 29.14 W, 2040 MHz, 6251 MHz, 0 %, 48
2026/10/09 04:31:57.150, 29.14 W, 2040 MHz, 6251 MHz, 0 %, 48
2026/10/09 04:31:57.650, 29.15 W, 2040 MHz, 6251 MHz, 0 %, 48
2026/10/09 04:31:58.150, 29.11 W, 2040 MHz, 6251 MHz, 0 %, 48
2026/10/09 04:31:58.650, 29.12 W, 2040 MHz, 6251 MHz, 0 %, 48
2026/10/09 04:31:59.150, 29.12 W, 2040 MHz, 6251 MHz, 0 %, 48
2026/10/09 04:31:59.650, 29.12 W, 2040 MHz, 6251 MHz, 0 %, 47
2026/10/09 04:32:00.150, 29.13 W, 2040 MHz, 6251 MHz, 0 %, 47
2026/10/09 04:32:00.651, 29.11 W, 2040 MHz, 6251 MHz, 0 %, 47
2026/10/09 04:32:01.151, 29.09 W, 2040 MHz, 6251 MHz, 0 %, 47
2026/10/09 04:32:01.651, 29.06 W, 2040 MHz, 6251 MHz, 0 %, 47
2026/10/09 04:32:02.151, 29.05 W, 2040 MHz, 6251 MHz, 0 %, 47
2026/10/09 04:32:02.651, 29.07 W, 2040 MHz, 6251 MHz, 0 %, 47
2026/10/09 04:32:03.151, 29.03 W, 2040 MHz, 6251 MHz, 0 %, 47
2026/10/09 04:32:03.652, 29.00 W, 2040 MHz, 6251 MHz, 0 %, 47
2026/10/09 04:32:04.152, 28.99 W, 2040 MHz, 6251 MHz, 0 %, 47
2026/10/09 04:32:04.652, 29.01 W, 2040 MHz, 6251 MHz, 0 %, 47
2026/10/09 04:32:05.152, 29.02 W, 2040 MHz, 6251 MHz, 0 %, 47
2026/10/09 04:32:05.652, 29.01 W, 2040 MHz, 6251 MHz, 0 %, 47
2026/10/09 04:32:06.152, 29.01 W, 2040 MHz, 6251 MHz, 0 %, 47
2026/10/09 04:32:06.652, 29.01 W, 2040 MHz, 6251 MHz, 0 %, 47
2026/10/09 04:32:07.153, 28.99 W, 2040 MHz, 6251 MHz, 0 %, 47
2026/10/09 04:32:07.653, 28.97 W, 2040 MHz, 6251 MHz, 0 %, 47
2026/10/09 04:32:08.153, 28.94 W, 2040 MHz, 6251 MHz, 0 %, 47
2026/10/09 04:32:08.653, 28.94 W, 2040 MHz, 6251 MHz, 0 %, 47
2026/10/09 04:32:09.153, 28.94 W, 2040 MHz, 6251 MHz, 0 %, 47
2026/10/09 04:32:09.653, 28.92 W, 2040 MHz, 6251 MHz, 0 %, 47
2026/10/09 04:32:10.154, 28.95 W, 2040 MHz, 6251 MHz, 0 %, 47
2026/10/09 04:32:10.654, 28.94 W, 2040 MHz, 6251 MHz, 0 %, 47
2026/10/09 04:32:11.154, 28.95 W, 2040 MHz, 6251 MHz, 0 %, 47
2026/10/09 04:32:11.654, 28.94 W, 2040 MHz, 6251 MHz, 0 %, 47
2026/10/09 04:32:12.154, 28.95 W, 2040 MHz, 6251 MHz, 0 %, 46
2026/10/09 04:32:12.654, 28.96 W, 2040 MHz, 6251 MHz, 0 %, 46
2026/10/09 04:32:13.154, 28.94 W, 2040 MHz, 6251 MHz, 0 %, 46
2026/10/09 04:32:13.655, 28.95 W, 2040 MHz, 6251 MHz, 0 %, 46
2026/10/09 04:32:14.155, 28.98 W, 2040 MHz, 6251 MHz, 0 %, 46
2026/10/09 04:32:14.655, 28.97 W, 2040 MHz, 6251 MHz, 0 %, 46
2026/10/09 04:32:15.155, 28.95 W, 2040 MHz, 6251 MHz, 0 %, 46
2026/10/09 04:32:15.655, 28.92 W, 2040 MHz, 6251 MHz, 0 %, 46
2026/10/09 04:32:16.155, 29.38 W, 2040 MHz, 6251 MHz, 10 %, 46
2026/10/09 04:32:16.655, 36.83 W, 2025 MHz, 6251 MHz, 0 %, 47
2026/10/09 04:32:17.156, 36.61 W, 2040 MHz, 6251 MHz, 0 %, 46
2026/10/09 04:32:17.656, 28.98 W, 2040 MHz, 6251 MHz, 0 %, 46
2026/10/09 04:32:18.156, 28.97 W, 2040 MHz, 6251 MHz, 0 %, 46
2026/10/09 04:32:18.656, 28.92 W, 2040 MHz, 6251 MHz, 0 %, 46
2026/10/09 04:32:19.156, 28.88 W, 2040 MHz, 6251 MHz, 0 %, 46
2026/10/09 04:32:19.656, 28.89 W, 2040 MHz, 6251 MHz, 0 %, 46
2026/10/09 04:32:20.157, 28.93 W, 2040 MHz, 6251 MHz, 0 %, 46
2026/10/09 04:32:20.657, 28.94 W, 2040 MHz, 6251 MHz, 0 %, 46
2026/10/09 04:32:21.157, 28.93 W, 2040 MHz, 6251 MHz, 0 %, 46
2026/10/09 04:32:21.657, 28.95 W, 2040 MHz, 6251 MHz, 0 %, 46
2026/10/09 04:32:22.157, 28.98 W, 2040 MHz, 6251 MHz, 0 %, 46
2026/10/09 04:32:22.657, 28.98 W, 2040 MHz, 6251 MHz, 0 %, 46
2026/10/09 04:32:23.157, 28.94 W, 2040 MHz, 6251 MHz, 0 %, 46
2026/10/09 04:32:23.658, 28.94 W, 2040 MHz, 6251 MHz, 0 %, 46
2026/10/09 04:32:24.158, 28.96 W, 2040 MHz, 6251 MHz, 0 %, 46
2026/10/09 04:32:24.658, 34.66 W, 1860 MHz, 6251 MHz, 0 %, 46
2026/10/09 04:32:25.158, 54.73 W, 1920 MHz, 6251 MHz, 100 %, 49
2026/10/09 04:32:25.658, 75.32 W, 1770 MHz, 6251 MHz, 100 %, 49
2026/10/09 04:32:26.158, 64.95 W, 1920 MHz, 6251 MHz, 100 %, 49
2026/10/09 04:32:26.658, 64.25 W, 1875 MHz, 6251 MHz, 100 %, 50
2026/10/09 04:32:27.159, 72.82 W, 1740 MHz, 6251 MHz, 100 %, 50
2026/10/09 04:32:27.659, 72.06 W, 1860 MHz, 6251 MHz, 100 %, 51
2026/10/09 04:32:28.159, 71.91 W, 1710 MHz, 6251 MHz, 100 %, 51
2026/10/09 04:32:28.659, 72.12 W, 1830 MHz, 6251 MHz, 100 %, 51
2026/10/09 04:32:29.159, 71.90 W, 1725 MHz, 6251 MHz, 100 %, 51
2026/10/09 04:32:29.659, 72.13 W, 1860 MHz, 6251 MHz, 100 %, 51
2026/10/09 04:32:30.160, 71.76 W, 1785 MHz, 6251 MHz, 100 %, 51
2026/10/09 04:32:30.660, 72.13 W, 1860 MHz, 6251 MHz, 100 %, 52
2026/10/09 04:32:31.160, 72.49 W, 1800 MHz, 6251 MHz, 100 %, 52
2026/10/09 04:32:31.660, 72.87 W, 1755 MHz, 6251 MHz, 100 %, 52
2026/10/09 04:32:32.160, 71.90 W, 1800 MHz, 6251 MHz, 100 %, 52
2026/10/09 04:32:32.660, 71.96 W, 1785 MHz, 6251 MHz, 100 %, 52
2026/10/09 04:32:33.161, 72.10 W, 1845 MHz, 6251 MHz, 100 %, 52
2026/10/09 04:32:33.661, 72.09 W, 1830 MHz, 6251 MHz, 100 %, 53
2026/10/09 04:32:34.161, 72.12 W, 1830 MHz, 6251 MHz, 100 %, 53
2026/10/09 04:32:34.661, 72.00 W, 1830 MHz, 6251 MHz, 100 %, 53
2026/10/09 04:32:35.161, 72.16 W, 1830 MHz, 6251 MHz, 100 %, 53
2026/10/09 04:32:35.661, 71.47 W, 1635 MHz, 6251 MHz, 100 %, 53
2026/10/09 04:32:36.162, 71.60 W, 1830 MHz, 6251 MHz, 100 %, 54
2026/10/09 04:32:36.662, 71.55 W, 1800 MHz, 6251 MHz, 100 %, 54
2026/10/09 04:32:37.162, 71.97 W, 1785 MHz, 6251 MHz, 100 %, 54
2026/10/09 04:32:37.662, 72.00 W, 1815 MHz, 6251 MHz, 100 %, 54
2026/10/09 04:32:38.162, 71.99 W, 1830 MHz, 6251 MHz, 100 %, 54
2026/10/09 04:32:38.662, 71.97 W, 1830 MHz, 6251 MHz, 100 %, 54
2026/10/09 04:32:39.163, 72.04 W, 1830 MHz, 6251 MHz, 100 %, 55
2026/10/09 04:32:39.663, 72.13 W, 1830 MHz, 6251 MHz, 100 %, 55
2026/10/09 04:32:40.163, 71.82 W, 1815 MHz, 6251 MHz, 100 %, 55
2026/10/09 04:32:40.663, 72.62 W, 1875 MHz, 6251 MHz, 100 %, 55
2026/10/09 04:32:41.163, 73.00 W, 1815 MHz, 6251 MHz, 100 %, 55
2026/10/09 04:32:41.663, 72.10 W, 1845 MHz, 6251 MHz, 100 %, 55
2026/10/09 04:32:42.164, 72.28 W, 1815 MHz, 6251 MHz, 100 %, 56
2026/10/09 04:32:42.664, 72.11 W, 1800 MHz, 6251 MHz, 100 %, 56
2026/10/09 04:32:43.164, 72.00 W, 1785 MHz, 6251 MHz, 100 %, 56
2026/10/09 04:32:43.664, 71.98 W, 1800 MHz, 6251 MHz, 100 %, 56
2026/10/09 04:32:44.164, 72.07 W, 1785 MHz, 6251 MHz, 100 %, 56
2026/10/09 04:32:44.664, 71.92 W, 1830 MHz, 6251 MHz, 100 %, 56
2026/10/09 04:32:45.165, 71.97 W, 1815 MHz, 6251 MHz, 100 %, 57
2026/10/09 04:32:45.665, 73.04 W, 1830 MHz, 6251 MHz, 100 %, 57
2026/10/09 04:32:46.165, 73.02 W, 1815 MHz, 6251 MHz, 100 %, 57
2026/10/09 04:32:46.665, 72.06 W, 1830 MHz, 6251 MHz, 100 %, 57
2026/10/09 04:32:47.165, 72.27 W, 1770 MHz, 6251 MHz, 100 %, 57
2026/10/09 04:32:47.665, 72.11 W, 1785 MHz, 6251 MHz, 100 %, 57
2026/10/09 04:32:48.165, 72.10 W, 1800 MHz, 6251 MHz, 100 %, 58
2026/10/09 04:32:48.666, 71.99 W, 1725 MHz, 6251 MHz, 100 %, 58
2026/10/09 04:32:49.166, 72.06 W, 1740 MHz, 6251 MHz, 100 %, 58
2026/10/09 04:32:49.666, 71.87 W, 1755 MHz, 6251 MHz, 100 %, 58
2026/10/09 04:32:50.166, 71.14 W, 1770 MHz, 6251 MHz, 91 %, 58
2026/10/09 04:32:50.666, 71.57 W, 1785 MHz, 6251 MHz, 100 %, 59
2026/10/09 04:32:51.166, 72.04 W, 1785 MHz, 6251 MHz, 100 %, 59
2026/10/09 04:32:51.667, 71.92 W, 1785 MHz, 6251 MHz, 100 %, 59
2026/10/09 04:32:52.167, 72.12 W, 1770 MHz, 6251 MHz, 100 %, 59
2026/10/09 04:32:52.667, 72.07 W, 1755 MHz, 6251 MHz, 100 %, 59
2026/10/09 04:32:53.167, 71.94 W, 1740 MHz, 6251 MHz, 100 %, 60
2026/10/09 04:32:53.667, 71.96 W, 1725 MHz, 6251 MHz, 100 %, 60
2026/10/09 04:32:54.167, 72.22 W, 1755 MHz, 6251 MHz, 100 %, 60
2026/10/09 04:32:54.668, 72.13 W, 1800 MHz, 6251 MHz, 100 %, 60
2026/10/09 04:32:55.168, 71.45 W, 1785 MHz, 6251 MHz, 100 %, 60
2026/10/09 04:32:55.668, 71.71 W, 1815 MHz, 6251 MHz, 100 %, 60
2026/10/09 04:32:56.168, 72.25 W, 1785 MHz, 6251 MHz, 100 %, 61
2026/10/09 04:32:56.668, 72.12 W, 1755 MHz, 6251 MHz, 100 %, 61
2026/10/09 04:32:57.168, 72.13 W, 1755 MHz, 6251 MHz, 100 %, 61
2026/10/09 04:32:57.668, 72.06 W, 1710 MHz, 6251 MHz, 100 %, 61
2026/10/09 04:32:58.169, 72.13 W, 1770 MHz, 6251 MHz, 100 %, 61
2026/10/09 04:32:58.669, 72.07 W, 1755 MHz, 6251 MHz, 100 %, 61
2026/10/09 04:32:59.169, 71.99 W, 1755 MHz, 6251 MHz, 100 %, 62
2026/10/09 04:32:59.669, 70.62 W, 1695 MHz, 6251 MHz, 100 %, 62
2026/10/09 04:33:00.169, 70.85 W, 1755 MHz, 6251 MHz, 100 %, 62
2026/10/09 04:33:00.669, 71.65 W, 1710 MHz, 6251 MHz, 100 %, 62
2026/10/09 04:33:01.170, 72.00 W, 1755 MHz, 6251 MHz, 100 %, 62
2026/10/09 04:33:01.670, 71.91 W, 1695 MHz, 6251 MHz, 100 %, 62
2026/10/09 04:33:02.170, 72.11 W, 1725 MHz, 6251 MHz, 100 %, 63
2026/10/09 04:33:02.670, 72.12 W, 1710 MHz, 6251 MHz, 100 %, 63
2026/10/09 04:33:03.170, 71.96 W, 1740 MHz, 6251 MHz, 100 %, 63
2026/10/09 04:33:03.670, 71.94 W, 1695 MHz, 6251 MHz, 100 %, 63
2026/10/09 04:33:04.171, 71.92 W, 1740 MHz, 6251 MHz, 100 %, 63
2026/10/09 04:33:04.671, 72.92 W, 1710 MHz, 6251 MHz, 100 %, 64
2026/10/09 04:33:05.171, 73.21 W, 1665 MHz, 6251 MHz, 100 %, 64
2026/10/09 04:33:05.671, 72.12 W, 1710 MHz, 6251 MHz, 100 %, 64
2026/10/09 04:33:06.171, 71.83 W, 1755 MHz, 6251 MHz, 100 %, 64
2026/10/09 04:33:06.671, 72.04 W, 1695 MHz, 6251 MHz, 100 %, 64
2026/10/09 04:33:07.172, 72.13 W, 1725 MHz, 6251 MHz, 100 %, 64
2026/10/09 04:33:07.672, 72.06 W, 1680 MHz, 6251 MHz, 100 %, 64
2026/10/09 04:33:08.172, 72.14 W, 1725 MHz, 6251 MHz, 100 %, 65
2026/10/09 04:33:08.672, 71.82 W, 1710 MHz, 6251 MHz, 100 %, 65
2026/10/09 04:33:09.172, 73.11 W, 1485 MHz, 6251 MHz, 100 %, 65
2026/10/09 04:33:09.672, 72.92 W, 1665 MHz, 6251 MHz, 100 %, 65
2026/10/09 04:33:10.173, 72.86 W, 1650 MHz, 6251 MHz, 100 %, 65
2026/10/09 04:33:10.673, 72.14 W, 1680 MHz, 6251 MHz, 100 %, 65
2026/10/09 04:33:11.173, 72.25 W, 1695 MHz, 6251 MHz, 100 %, 66
2026/10/09 04:33:11.673, 71.94 W, 1695 MHz, 6251 MHz, 100 %, 66
2026/10/09 04:33:12.173, 71.97 W, 1680 MHz, 6251 MHz, 100 %, 66
2026/10/09 04:33:12.673, 71.99 W, 1665 MHz, 6251 MHz, 100 %, 66
2026/10/09 04:33:13.174, 72.26 W, 1710 MHz, 6251 MHz, 100 %, 66
2026/10/09 04:33:13.674, 72.29 W, 1665 MHz, 6251 MHz, 100 %, 66
2026/10/09 04:33:14.174, 73.37 W, 1740 MHz, 6251 MHz, 100 %, 67
2026/10/09 04:33:14.674, 73.41 W, 1650 MHz, 6251 MHz, 100 %, 67
2026/10/09 04:33:15.174, 72.20 W, 1695 MHz, 6251 MHz, 100 %, 67
2026/10/09 04:33:15.674, 71.93 W, 1665 MHz, 6251 MHz, 100 %, 67
2026/10/09 04:33:16.175, 71.83 W, 1725 MHz, 6251 MHz, 100 %, 67
2026/10/09 04:33:16.675, 72.03 W, 1665 MHz, 6251 MHz, 100 %, 67
2026/10/09 04:33:17.175, 72.24 W, 1650 MHz, 6251 MHz, 100 %, 67
2026/10/09 04:33:17.675, 72.13 W, 1665 MHz, 6251 MHz, 100 %, 67
2026/10/09 04:33:18.175, 72.16 W, 1710 MHz, 6251 MHz, 100 %, 67
2026/10/09 04:33:18.675, 72.00 W, 1845 MHz, 6251 MHz, 100 %, 67
2026/10/09 04:33:19.175, 73.37 W, 1680 MHz, 6251 MHz, 100 %, 67
2026/10/09 04:33:19.676, 73.50 W, 1620 MHz, 6251 MHz, 100 %, 67
2026/10/09 04:33:20.176, 71.88 W, 1695 MHz, 6251 MHz, 100 %, 67
2026/10/09 04:33:20.676, 71.70 W, 1650 MHz, 6251 MHz, 100 %, 66
2026/10/09 04:33:21.176, 72.16 W, 1710 MHz, 6251 MHz, 100 %, 67
2026/10/09 04:33:21.676, 72.15 W, 1665 MHz, 6251 MHz, 100 %, 66
2026/10/09 04:33:22.176, 72.36 W, 1710 MHz, 6251 MHz, 100 %, 66
2026/10/09 04:33:22.676, 72.09 W, 1680 MHz, 6251 MHz, 100 %, 66
2026/10/09 04:33:23.177, 71.88 W, 1695 MHz, 6251 MHz, 100 %, 66
2026/10/09 04:33:23.677, 73.00 W, 1740 MHz, 6251 MHz, 100 %, 66
2026/10/09 04:33:24.177, 73.34 W, 1680 MHz, 6251 MHz, 100 %, 66
2026/10/09 04:33:24.677, 71.87 W, 1680 MHz, 6251 MHz, 100 %, 66
2026/10/09 04:33:25.177, 71.87 W, 1710 MHz, 6251 MHz, 100 %, 66
2026/10/09 04:33:25.677, 72.07 W, 1710 MHz, 6251 MHz, 100 %, 66
2026/10/09 04:33:26.178, 71.93 W, 1665 MHz, 6251 MHz, 100 %, 66
2026/10/09 04:33:26.678, 71.90 W, 1695 MHz, 6251 MHz, 100 %, 66
2026/10/09 04:33:27.178, 71.89 W, 1695 MHz, 6251 MHz, 100 %, 66
2026/10/09 04:33:27.678, 71.79 W, 1710 MHz, 6251 MHz, 100 %, 66
2026/10/09 04:33:28.178, 71.90 W, 1680 MHz, 6251 MHz, 100 %, 66
2026/10/09 04:33:28.678, 61.25 W, 1785 MHz, 6251 MHz, 92 %, 65
2026/10/09 04:33:29.178, 62.28 W, 1800 MHz, 6251 MHz, 100 %, 66
2026/10/09 04:33:29.679, 72.94 W, 1605 MHz, 6251 MHz, 100 %, 65
2026/10/09 04:33:30.179, 72.22 W, 1785 MHz, 6251 MHz, 100 %, 66
2026/10/09 04:33:30.679, 71.81 W, 1650 MHz, 6251 MHz, 100 %, 65
2026/10/09 04:33:31.179, 72.26 W, 1770 MHz, 6251 MHz, 100 %, 66
2026/10/09 04:33:31.679, 71.87 W, 1680 MHz, 6251 MHz, 100 %, 66
2026/10/09 04:33:32.179, 72.22 W, 1740 MHz, 6251 MHz, 100 %, 66
2026/10/09 04:33:32.680, 71.96 W, 1620 MHz, 6251 MHz, 100 %, 65
2026/10/09 04:33:33.180, 72.23 W, 1740 MHz, 6251 MHz, 100 %, 66
2026/10/09 04:33:33.680, 71.75 W, 1650 MHz, 6251 MHz, 100 %, 66
2026/10/09 04:33:34.180, 72.16 W, 1710 MHz, 6251 MHz, 100 %, 66
2026/10/09 04:33:34.680, 71.96 W, 1635 MHz, 6251 MHz, 100 %, 66
2026/10/09 04:33:35.180, 72.16 W, 1680 MHz, 6251 MHz, 100 %, 66
2026/10/09 04:33:35.681, 72.00 W, 1650 MHz, 6251 MHz, 100 %, 66
2026/10/09 04:33:36.181, 72.18 W, 1695 MHz, 6251 MHz, 100 %, 66
2026/10/09 04:33:36.681, 72.04 W, 1650 MHz, 6251 MHz, 100 %, 66
2026/10/09 04:33:37.181, 72.13 W, 1710 MHz, 6251 MHz, 100 %, 66
2026/10/09 04:33:37.681, 72.59 W, 1695 MHz, 6251 MHz, 100 %, 66
2026/10/09 04:33:38.181, 72.76 W, 1695 MHz, 6251 MHz, 100 %, 66
2026/10/09 04:33:38.681, 73.14 W, 1695 MHz, 6251 MHz, 100 %, 66
2026/10/09 04:33:39.182, 72.42 W, 1695 MHz, 6251 MHz, 100 %, 66
2026/10/09 04:33:39.682, 71.56 W, 1620 MHz, 6251 MHz, 100 %, 66
2026/10/09 04:33:40.182, 72.33 W, 1710 MHz, 6251 MHz, 100 %, 66
2026/10/09 04:33:40.682, 72.15 W, 1635 MHz, 6251 MHz, 100 %, 66
2026/10/09 04:33:41.182, 72.69 W, 1725 MHz, 6251 MHz, 100 %, 66
2026/10/09 04:33:41.682, 73.46 W, 1695 MHz, 6251 MHz, 100 %, 66
2026/10/09 04:33:42.183, 72.12 W, 1695 MHz, 6251 MHz, 100 %, 66
2026/10/09 04:33:42.683, 71.11 W, 1695 MHz, 6251 MHz, 100 %, 66
2026/10/09 04:33:43.183, 71.46 W, 1260 MHz, 6251 MHz, 100 %, 66
2026/10/09 04:33:43.683, 72.02 W, 1710 MHz, 6251 MHz, 100 %, 66
2026/10/09 04:33:44.183, 72.36 W, 1320 MHz, 6251 MHz, 100 %, 66
2026/10/09 04:33:44.684, 73.76 W, 1695 MHz, 6251 MHz, 100 %, 66
2026/10/09 04:33:45.184, 72.61 W, 1290 MHz, 6251 MHz, 100 %, 67
2026/10/09 04:33:45.684, 71.43 W, 1260 MHz, 6251 MHz, 100 %, 66
2026/10/09 04:33:46.184, 71.01 W, 1620 MHz, 6251 MHz, 100 %, 66
2026/10/09 04:33:46.684, 72.32 W, 1290 MHz, 6251 MHz, 100 %, 66
2026/10/09 04:33:47.185, 73.01 W, 1650 MHz, 6251 MHz, 100 %, 66
2026/10/09 04:33:47.685, 72.72 W, 1575 MHz, 6251 MHz, 100 %, 67
2026/10/09 04:33:48.185, 72.45 W, 1605 MHz, 6251 MHz, 100 %, 67
2026/10/09 04:33:48.685, 71.57 W, 1545 MHz, 6251 MHz, 100 %, 67
2026/10/09 04:33:49.185, 71.90 W, 1545 MHz, 6251 MHz, 100 %, 66
2026/10/09 04:33:49.685, 72.53 W, 1605 MHz, 6251 MHz, 100 %, 67
2026/10/09 04:33:50.186, 72.61 W, 1605 MHz, 6251 MHz, 100 %, 67
2026/10/09 04:33:50.686, 72.11 W, 1620 MHz, 6251 MHz, 100 %, 67
2026/10/09 04:33:51.186, 71.23 W, 1455 MHz, 6251 MHz, 100 %, 67
2026/10/09 04:33:51.686, 71.45 W, 1515 MHz, 6251 MHz, 100 %, 68
2026/10/09 04:33:52.186, 71.38 W, 1665 MHz, 6251 MHz, 100 %, 67
2026/10/09 04:33:52.686, 72.00 W, 1575 MHz, 6251 MHz, 100 %, 67
2026/10/09 04:33:53.186, 72.75 W, 1650 MHz, 6251 MHz, 100 %, 67
2026/10/09 04:33:53.686, 72.41 W, 1620 MHz, 6251 MHz, 100 %, 67
2026/10/09 04:33:54.187, 73.19 W, 1665 MHz, 6251 MHz, 100 %, 67
2026/10/09 04:33:54.687, 72.67 W, 1650 MHz, 6251 MHz, 100 %, 67
2026/10/09 04:33:55.187, 73.03 W, 1620 MHz, 6251 MHz, 100 %, 67
2026/10/09 04:33:55.687, 73.25 W, 1665 MHz, 6251 MHz, 100 %, 67
2026/10/09 04:33:56.187, 72.04 W, 1635 MHz, 6251 MHz, 100 %, 67
2026/10/09 04:33:56.687, 71.19 W, 1710 MHz, 6251 MHz, 100 %, 68
2026/10/09 04:33:57.188, 71.49 W, 1710 MHz, 6251 MHz, 100 %, 67
2026/10/09 04:33:57.688, 72.48 W, 1680 MHz, 6251 MHz, 100 %, 68
2026/10/09 04:33:58.188, 72.58 W, 1590 MHz, 6251 MHz, 100 %, 67
2026/10/09 04:33:58.688, 72.90 W, 1680 MHz, 6251 MHz, 100 %, 68
2026/10/09 04:33:59.188, 73.53 W, 1005 MHz, 6251 MHz, 100 %, 68
2026/10/09 04:33:59.688, 74.50 W, 1230 MHz, 6251 MHz, 100 %, 68
2026/10/09 04:34:00.188, 73.65 W, 1560 MHz, 6251 MHz, 100 %, 68
2026/10/09 04:34:00.689, 72.40 W, 1560 MHz, 6251 MHz, 100 %, 68
2026/10/09 04:34:01.189, 71.52 W, 1575 MHz, 6251 MHz, 100 %, 68
2026/10/09 04:34:01.689, 70.65 W, 1620 MHz, 6251 MHz, 100 %, 68
2026/10/09 04:34:02.189, 71.49 W, 1620 MHz, 6251 MHz, 100 %, 69
2026/10/09 04:34:02.689, 71.68 W, 1650 MHz, 6251 MHz, 100 %, 68
2026/10/09 04:34:03.189, 69.85 W, 1290 MHz, 6251 MHz, 100 %, 70
2026/10/09 04:34:03.690, 70.57 W, 1620 MHz, 6251 MHz, 100 %, 69
2026/10/09 04:34:04.190, 70.57 W, 1560 MHz, 6251 MHz, 100 %, 69
2026/10/09 04:34:04.690, 72.07 W, 1590 MHz, 6251 MHz, 100 %, 69
2026/10/09 04:34:05.190, 71.09 W, 1590 MHz, 6251 MHz, 100 %, 69
2026/10/09 04:34:05.690, 71.12 W, 1635 MHz, 6251 MHz, 100 %, 69
2026/10/09 04:34:06.190, 72.76 W, 1590 MHz, 6251 MHz, 100 %, 69
2026/10/09 04:34:06.691, 73.19 W, 1620 MHz, 6251 MHz, 100 %, 69
2026/10/09 04:34:07.191, 73.14 W, 1590 MHz, 6251 MHz, 100 %, 70
2026/10/09 04:34:07.691, 72.87 W, 1590 MHz, 6251 MHz, 100 %, 69
2026/10/09 04:34:08.191, 73.08 W, 1620 MHz, 6251 MHz, 100 %, 70
2026/10/09 04:34:08.691, 71.96 W, 1575 MHz, 6251 MHz, 100 %, 70
2026/10/09 04:34:09.191, 74.38 W, 1005 MHz, 6251 MHz, 100 %, 70
2026/10/09 04:34:09.692, 73.99 W, 1575 MHz, 6251 MHz, 100 %, 70
2026/10/09 04:34:10.192, 72.41 W, 1545 MHz, 6251 MHz, 100 %, 70
2026/10/09 04:34:10.692, 71.24 W, 1590 MHz, 6251 MHz, 100 %, 70
2026/10/09 04:34:11.192, 71.35 W, 1590 MHz, 6251 MHz, 100 %, 70
2026/10/09 04:34:11.692, 71.24 W, 1185 MHz, 6251 MHz, 100 %, 70
2026/10/09 04:34:12.192, 70.48 W, 1635 MHz, 6251 MHz, 100 %, 71
2026/10/09 04:34:12.693, 70.71 W, 1545 MHz, 6251 MHz, 100 %, 70
2026/10/09 04:34:13.193, 72.09 W, 1650 MHz, 6251 MHz, 100 %, 71
2026/10/09 04:34:13.693, 71.68 W, 1560 MHz, 6251 MHz, 100 %, 71
2026/10/09 04:34:14.193, 72.01 W, 1650 MHz, 6251 MHz, 100 %, 71
2026/10/09 04:34:14.693, 71.08 W, 1410 MHz, 6251 MHz, 100 %, 71
2026/10/09 04:34:15.193, 71.31 W, 1650 MHz, 6251 MHz, 100 %, 71
2026/10/09 04:34:15.693, 70.86 W, 1560 MHz, 6251 MHz, 100 %, 71
2026/10/09 04:34:16.194, 72.06 W, 1650 MHz, 6251 MHz, 100 %, 72
2026/10/09 04:34:16.694, 71.77 W, 1605 MHz, 6251 MHz, 100 %, 71
2026/10/09 04:34:17.194, 72.04 W, 1665 MHz, 6251 MHz, 100 %, 72
2026/10/09 04:34:17.694, 71.96 W, 1605 MHz, 6251 MHz, 100 %, 72
2026/10/09 04:34:18.194, 72.09 W, 1635 MHz, 6251 MHz, 100 %, 72
2026/10/09 04:34:18.694, 72.12 W, 1605 MHz, 6251 MHz, 100 %, 72
2026/10/09 04:34:19.195, 72.18 W, 1650 MHz, 6251 MHz, 100 %, 72
2026/10/09 04:34:19.695, 61.56 W, 2025 MHz, 6251 MHz, 0 %, 70
2026/10/09 04:34:20.195, 44.60 W, 2040 MHz, 6251 MHz, 0 %, 70
2026/10/09 04:34:20.695, 34.03 W, 2040 MHz, 6251 MHz, 0 %, 70
2026/10/09 04:34:21.195, 34.07 W, 2040 MHz, 6251 MHz, 0 %, 70
2026/10/09 04:34:21.695, 34.04 W, 2040 MHz, 6251 MHz, 0 %, 70
2026/10/09 04:34:22.195, 34.05 W, 2040 MHz, 6251 MHz, 0 %, 70
2026/10/09 04:34:22.696, 45.14 W, 1200 MHz, 6251 MHz, 100 %, 72
2026/10/09 04:34:23.196, 63.23 W, 1530 MHz, 6251 MHz, 100 %, 73
2026/10/09 04:34:23.696, 73.30 W, 1215 MHz, 6251 MHz, 100 %, 72
2026/10/09 04:34:24.196, 70.68 W, 1245 MHz, 6251 MHz, 100 %, 73
2026/10/09 04:34:24.696, 73.39 W, 930 MHz, 6251 MHz, 100 %, 74
2026/10/09 04:34:25.196, 73.28 W, 1140 MHz, 6251 MHz, 100 %, 75
2026/10/09 04:34:25.697, 68.95 W, 1545 MHz, 6251 MHz, 100 %, 73
2026/10/09 04:34:26.197, 70.15 W, 1050 MHz, 6251 MHz, 100 %, 74
2026/10/09 04:34:26.697, 70.15 W, 1515 MHz, 6251 MHz, 100 %, 74
2026/10/09 04:34:27.197, 67.42 W, 1395 MHz, 6251 MHz, 100 %, 74
2026/10/09 04:34:27.697, 69.52 W, 1425 MHz, 6251 MHz, 100 %, 74
2026/10/09 04:34:28.197, 70.68 W, 1170 MHz, 6251 MHz, 100 %, 74
2026/10/09 04:34:28.697, 72.00 W, 1425 MHz, 6251 MHz, 100 %, 75
2026/10/09 04:34:29.198, 72.94 W, 1020 MHz, 6251 MHz, 100 %, 75
2026/10/09 04:34:29.698, 72.94 W, 1365 MHz, 6251 MHz, 100 %, 75
2026/10/09 04:34:30.198, 72.00 W, 990 MHz, 6251 MHz, 100 %, 76
2026/10/09 04:34:30.698, 71.55 W, 1095 MHz, 6251 MHz, 100 %, 76
2026/10/09 04:34:31.198, 72.26 W, 1380 MHz, 6251 MHz, 100 %, 75
2026/10/09 04:34:31.698, 71.50 W, 1185 MHz, 6251 MHz, 100 %, 75
2026/10/09 04:34:32.198, 71.28 W, 1065 MHz, 6251 MHz, 100 %, 77
2026/10/09 04:34:32.699, 71.94 W, 1095 MHz, 6251 MHz, 100 %, 77
2026/10/09 04:34:33.199, 72.82 W, 1020 MHz, 6251 MHz, 100 %, 77
2026/10/09 04:34:33.699, 72.50 W, 1185 MHz, 6251 MHz, 100 %, 76
2026/10/09 04:34:34.199, 72.62 W, 1335 MHz, 6251 MHz, 100 %, 77
2026/10/09 04:34:34.699, 72.42 W, 1305 MHz, 6251 MHz, 100 %, 77
2026/10/09 04:34:35.199, 72.30 W, 1395 MHz, 6251 MHz, 100 %, 77
2026/10/09 04:34:35.700, 72.33 W, 1365 MHz, 6251 MHz, 100 %, 77
2026/10/09 04:34:36.200, 72.10 W, 1380 MHz, 6251 MHz, 100 %, 77
2026/10/09 04:34:36.700, 71.89 W, 1365 MHz, 6251 MHz, 100 %, 77
2026/10/09 04:34:37.200, 72.11 W, 1110 MHz, 6251 MHz, 100 %, 78
2026/10/09 04:34:37.700, 71.93 W, 1125 MHz, 6251 MHz, 100 %, 79
2026/10/09 04:34:38.200, 71.15 W, 1140 MHz, 6251 MHz, 100 %, 78
2026/10/09 04:34:38.700, 73.09 W, 1125 MHz, 6251 MHz, 100 %, 79
2026/10/09 04:34:39.201, 72.86 W, 1110 MHz, 6251 MHz, 100 %, 79
2026/10/09 04:34:39.701, 72.35 W, 1140 MHz, 6251 MHz, 100 %, 79
2026/10/09 04:34:40.201, 71.50 W, 1170 MHz, 6251 MHz, 100 %, 78
2026/10/09 04:34:40.701, 72.27 W, 1305 MHz, 6251 MHz, 100 %, 78
2026/10/09 04:34:41.201, 72.17 W, 1245 MHz, 6251 MHz, 100 %, 79
2026/10/09 04:34:41.702, 72.00 W, 1230 MHz, 6251 MHz, 100 %, 79
2026/10/09 04:34:42.202, 72.51 W, 1110 MHz, 6251 MHz, 100 %, 79
2026/10/09 04:34:42.702, 71.15 W, 1320 MHz, 6251 MHz, 100 %, 79
2026/10/09 04:34:43.202, 71.04 W, 1335 MHz, 6251 MHz, 100 %, 79
2026/10/09 04:34:43.702, 70.85 W, 1125 MHz, 6251 MHz, 100 %, 79
2026/10/09 04:34:44.202, 71.40 W, 1080 MHz, 6251 MHz, 100 %, 80
2026/10/09 04:34:44.703, 71.95 W, 1290 MHz, 6251 MHz, 100 %, 79
2026/10/09 04:34:45.203, 71.58 W, 1080 MHz, 6251 MHz, 100 %, 80
2026/10/09 04:34:45.703, 71.94 W, 1095 MHz, 6251 MHz, 100 %, 80
2026/10/09 04:34:46.203, 71.02 W, 1125 MHz, 6251 MHz, 100 %, 80
2026/10/09 04:34:46.703, 71.60 W, 1065 MHz, 6251 MHz, 100 %, 80
2026/10/09 04:34:47.203, 71.99 W, 1065 MHz, 6251 MHz, 100 %, 80
2026/10/09 04:34:47.704, 72.01 W, 1080 MHz, 6251 MHz, 100 %, 80
2026/10/09 04:34:48.204, 72.13 W, 1095 MHz, 6251 MHz, 100 %, 80
2026/10/09 04:34:48.704, 72.22 W, 1095 MHz, 6251 MHz, 100 %, 80
2026/10/09 04:34:49.204, 72.30 W, 1125 MHz, 6251 MHz, 100 %, 79
2026/10/09 04:34:49.704, 72.62 W, 1095 MHz, 6251 MHz, 100 %, 80
2026/10/09 04:34:50.204, 72.19 W, 1080 MHz, 6251 MHz, 100 %, 80
2026/10/09 04:34:50.704, 72.02 W, 1125 MHz, 6251 MHz, 100 %, 80
2026/10/09 04:34:51.205, 72.07 W, 1230 MHz, 6251 MHz, 100 %, 79
2026/10/09 04:34:51.705, 72.21 W, 1125 MHz, 6251 MHz, 100 %, 80
2026/10/09 04:34:52.205, 72.42 W, 1140 MHz, 6251 MHz, 100 %, 80
2026/10/09 04:34:52.705, 71.94 W, 1110 MHz, 6251 MHz, 100 %, 80
2026/10/09 04:34:53.205, 71.10 W, 1140 MHz, 6251 MHz, 100 %, 80
2026/10/09 04:34:53.705, 71.09 W, 1140 MHz, 6251 MHz, 100 %, 80
2026/10/09 04:34:54.206, 71.61 W, 1110 MHz, 6251 MHz, 100 %, 80
2026/10/09 04:34:54.706, 72.34 W, 1230 MHz, 6251 MHz, 100 %, 79
2026/10/09 04:34:55.206, 73.16 W, 1110 MHz, 6251 MHz, 100 %, 79
2026/10/09 04:34:55.706, 72.76 W, 1155 MHz, 6251 MHz, 100 %, 79
2026/10/09 04:34:56.206, 72.34 W, 1260 MHz, 6251 MHz, 100 %, 78
2026/10/09 04:34:56.706, 71.71 W, 1155 MHz, 6251 MHz, 100 %, 78
2026/10/09 04:34:57.207, 71.69 W, 1140 MHz, 6251 MHz, 100 %, 79
2026/10/09 04:34:57.707, 71.76 W, 1050 MHz, 6251 MHz, 100 %, 79
2026/10/09 04:34:58.207, 72.33 W, 1080 MHz, 6251 MHz, 100 %, 78
2026/10/09 04:34:58.707, 72.21 W, 1065 MHz, 6251 MHz, 100 %, 78
2026/10/09 04:34:59.207, 71.54 W, 1125 MHz, 6251 MHz, 100 %, 79
2026/10/09 04:34:59.707, 71.78 W, 1050 MHz, 6251 MHz, 100 %, 78
2026/10/09 04:35:00.207, 71.69 W, 1005 MHz, 6251 MHz, 100 %, 78
2026/10/09 04:35:00.708, 71.60 W, 1035 MHz, 6251 MHz, 100 %, 78
2026/10/09 04:35:01.208, 71.97 W, 1110 MHz, 6251 MHz, 100 %, 78
2026/10/09 04:35:01.708, 71.71 W, 1110 MHz, 6251 MHz, 100 %, 78
2026/10/09 04:35:02.208, 72.01 W, 1095 MHz, 6251 MHz, 100 %, 78
2026/10/09 04:35:02.708, 72.12 W, 1110 MHz, 6251 MHz, 100 %, 77
2026/10/09 04:35:03.208, 71.46 W, 1110 MHz, 6251 MHz, 100 %, 77
2026/10/09 04:35:03.708, 71.86 W, 1080 MHz, 6251 MHz, 100 %, 77
2026/10/09 04:35:04.209, 71.88 W, 1035 MHz, 6251 MHz, 100 %, 77
2026/10/09 04:35:04.709, 72.04 W, 975 MHz, 6251 MHz, 100 %, 77
2026/10/09 04:35:05.209, 72.02 W, 1080 MHz, 6251 MHz, 100 %, 77
2026/10/09 04:35:05.709, 71.90 W, 990 MHz, 6251 MHz, 100 %, 77
2026/10/09 04:35:06.209, 71.69 W, 1125 MHz, 6251 MHz, 100 %, 77
2026/10/09 04:35:06.710, 71.51 W, 1035 MHz, 6251 MHz, 100 %, 76
2026/10/09 04:35:07.210, 70.81 W, 1035 MHz, 6251 MHz, 100 %, 76
2026/10/09 04:35:07.710, 70.71 W, 1110 MHz, 6251 MHz, 100 %, 76
2026/10/09 04:35:08.210, 71.53 W, 1095 MHz, 6251 MHz, 100 %, 76
2026/10/09 04:35:08.710, 71.44 W, 1110 MHz, 6251 MHz, 100 %, 76
2026/10/09 04:35:09.210, 71.05 W, 1125 MHz, 6251 MHz, 100 %, 76
2026/10/09 04:35:09.711, 70.81 W, 1080 MHz, 6251 MHz, 100 %, 76
2026/10/09 04:35:10.211, 71.07 W, 1305 MHz, 6251 MHz, 100 %, 76
2026/10/09 04:35:10.711, 71.23 W, 1065 MHz, 6251 MHz, 100 %, 76
2026/10/09 04:35:11.211, 70.95 W, 1395 MHz, 6251 MHz, 100 %, 75
2026/10/09 04:35:11.711, 71.67 W, 1050 MHz, 6251 MHz, 100 %, 76
2026/10/09 04:35:12.212, 72.02 W, 1110 MHz, 6251 MHz, 100 %, 76
2026/10/09 04:35:12.712, 72.29 W, 1035 MHz, 6251 MHz, 100 %, 76
2026/10/09 04:35:13.212, 71.58 W, 1035 MHz, 6251 MHz, 100 %, 76
2026/10/09 04:35:13.712, 71.58 W, 960 MHz, 6251 MHz, 100 %, 76
2026/10/09 04:35:14.212, 71.49 W, 1035 MHz, 6251 MHz, 100 %, 76
2026/10/09 04:35:14.712, 72.35 W, 1350 MHz, 6251 MHz, 100 %, 75
2026/10/09 04:35:15.213, 72.20 W, 960 MHz, 6251 MHz, 100 %, 76
2026/10/09 04:35:15.713, 72.07 W, 1305 MHz, 6251 MHz, 100 %, 75
2026/10/09 04:35:16.213, 72.86 W, 945 MHz, 6251 MHz, 100 %, 76
2026/10/09 04:35:16.713, 72.75 W, 1320 MHz, 6251 MHz, 100 %, 75
2026/10/09 04:35:17.213, 72.23 W, 1035 MHz, 6251 MHz, 100 %, 76
2026/10/09 04:35:17.713, 72.13 W, 1335 MHz, 6251 MHz, 100 %, 75
2026/10/09 04:35:18.213, 72.68 W, 1020 MHz, 6251 MHz, 100 %, 76
2026/10/09 04:35:18.714, 73.33 W, 1080 MHz, 6251 MHz, 100 %, 76
2026/10/09 04:35:19.214, 71.75 W, 975 MHz, 6251 MHz, 100 %, 76
2026/10/09 04:35:19.714, 72.04 W, 1035 MHz, 6251 MHz, 100 %, 76
2026/10/09 04:35:20.214, 72.07 W, 1020 MHz, 6251 MHz, 100 %, 76
2026/10/09 04:35:20.714, 72.27 W, 1350 MHz, 6251 MHz, 100 %, 75
2026/10/09 04:35:21.214, 72.14 W, 1275 MHz, 6251 MHz, 100 %, 75
2026/10/09 04:35:21.715, 72.26 W, 1305 MHz, 6251 MHz, 100 %, 75
2026/10/09 04:35:22.215, 72.14 W, 1275 MHz, 6251 MHz, 100 %, 75
2026/10/09 04:35:22.715, 71.93 W, 1380 MHz, 6251 MHz, 100 %, 75
2026/10/09 04:35:23.215, 71.99 W, 1380 MHz, 6251 MHz, 100 %, 75
2026/10/09 04:35:23.715, 71.97 W, 1395 MHz, 6251 MHz, 100 %, 75
2026/10/09 04:35:24.215, 71.88 W, 1515 MHz, 6251 MHz, 100 %, 75
2026/10/09 04:35:24.715, 71.95 W, 1545 MHz, 6251 MHz, 100 %, 75
2026/10/09 04:35:25.216, 72.00 W, 1530 MHz, 6251 MHz, 100 %, 75
2026/10/09 04:35:25.716, 72.02 W, 1545 MHz, 6251 MHz, 100 %, 75
2026/10/09 04:35:26.216, 72.20 W, 1560 MHz, 6251 MHz, 100 %, 75
2026/10/09 04:35:26.716, 72.47 W, 1560 MHz, 6251 MHz, 100 %, 75
2026/10/09 04:35:27.216, 72.22 W, 1590 MHz, 6251 MHz, 100 %, 75
2026/10/09 04:35:27.716, 71.98 W, 1590 MHz, 6251 MHz, 100 %, 75
2026/10/09 04:35:28.216, 65.50 W, 2025 MHz, 6251 MHz, 74 %, 73
2026/10/09 04:35:28.717, 63.72 W, 1095 MHz, 6251 MHz, 100 %, 77
2026/10/09 04:35:29.217, 69.11 W, 900 MHz, 6251 MHz, 100 %, 77
2026/10/09 04:35:29.717, 75.16 W, 1110 MHz, 6251 MHz, 83 %, 77
2026/10/09 04:35:30.217, 72.39 W, 1110 MHz, 6251 MHz, 100 %, 77
2026/10/09 04:35:30.717, 73.18 W, 900 MHz, 6251 MHz, 100 %, 77
2026/10/09 04:35:31.217, 72.69 W, 900 MHz, 6251 MHz, 83 %, 78
2026/10/09 04:35:31.718, 71.95 W, 1065 MHz, 6251 MHz, 100 %, 77
2026/10/09 04:35:32.218, 69.32 W, 930 MHz, 6251 MHz, 100 %, 77
2026/10/09 04:35:32.718, 67.41 W, 915 MHz, 6251 MHz, 100 %, 77
2026/10/09 04:35:33.218, 69.83 W, 1305 MHz, 6251 MHz, 100 %, 78
2026/10/09 04:35:33.718, 71.81 W, 1095 MHz, 6251 MHz, 100 %, 77
2026/10/09 04:35:34.218, 71.43 W, 1035 MHz, 6251 MHz, 100 %, 77
2026/10/09 04:35:34.719, 67.04 W, 2010 MHz, 6251 MHz, 0 %, 75
2026/10/09 04:35:35.219, 53.33 W, 2040 MHz, 6251 MHz, 100 %, 74
2026/10/09 04:35:35.719, 39.90 W, 2040 MHz, 6251 MHz, 0 %, 74
2026/10/09 04:35:36.219, 37.88 W, 2040 MHz, 6251 MHz, 0 %, 73
2026/10/09 04:35:36.719, 35.05 W, 2040 MHz, 6251 MHz, 0 %, 73
2026/10/09 04:35:37.219, 35.04 W, 2040 MHz, 6251 MHz, 0 %, 73
2026/10/09 04:35:37.720, 35.03 W, 2040 MHz, 6251 MHz, 0 %, 73
2026/10/09 04:35:38.220, 34.93 W, 2040 MHz, 6251 MHz, 0 %, 73
2026/10/09 04:35:38.720, 34.89 W, 2040 MHz, 6251 MHz, 0 %, 73
2026/10/09 04:35:39.220, 34.83 W, 2040 MHz, 6251 MHz, 0 %, 73
2026/10/09 04:35:39.720, 34.82 W, 2040 MHz, 6251 MHz, 0 %, 72
2026/10/09 04:35:40.220, 34.81 W, 2040 MHz, 6251 MHz, 0 %, 72
2026/10/09 04:35:40.720, 34.79 W, 2040 MHz, 6251 MHz, 0 %, 72
2026/10/09 04:35:41.221, 34.74 W, 2040 MHz, 6251 MHz, 0 %, 72
2026/10/09 04:35:41.721, 34.72 W, 2040 MHz, 6251 MHz, 0 %, 72
2026/10/09 04:35:42.221, 34.74 W, 2040 MHz, 6251 MHz, 0 %, 72
2026/10/09 04:35:42.721, 34.68 W, 2040 MHz, 6251 MHz, 0 %, 72
2026/10/09 04:35:43.221, 34.67 W, 2040 MHz, 6251 MHz, 0 %, 72
2026/10/09 04:35:43.721, 34.71 W, 2040 MHz, 6251 MHz, 0 %, 72
2026/10/09 04:35:44.222, 34.69 W, 2040 MHz, 6251 MHz, 0 %, 72
2026/10/09 04:35:44.722, 34.63 W, 2040 MHz, 6251 MHz, 0 %, 72
2026/10/09 04:35:45.222, 34.63 W, 2040 MHz, 6251 MHz, 0 %, 72
2026/10/09 04:35:45.722, 34.56 W, 2040 MHz, 6251 MHz, 0 %, 72
2026/10/09 04:35:46.222, 34.53 W, 2040 MHz, 6251 MHz, 0 %, 72
2026/10/09 04:35:46.722, 34.56 W, 2040 MHz, 6251 MHz, 0 %, 72
2026/10/09 04:35:47.223, 34.56 W, 2040 MHz, 6251 MHz, 0 %, 72
2026/10/09 04:35:47.723, 34.53 W, 2040 MHz, 6251 MHz, 0 %, 72
2026/10/09 04:35:48.223, 34.50 W, 2040 MHz, 6251 MHz, 0 %, 72
2026/10/09 04:35:48.723, 34.53 W, 2040 MHz, 6251 MHz, 0 %, 71
2026/10/09 04:35:49.223, 34.54 W, 2040 MHz, 6251 MHz, 0 %, 71
2026/10/09 04:35:49.723, 34.49 W, 2040 MHz, 6251 MHz, 0 %, 71
2026/10/09 04:35:50.224, 34.48 W, 2040 MHz, 6251 MHz, 0 %, 71
2026/10/09 04:35:50.724, 34.48 W, 2040 MHz, 6251 MHz, 0 %, 71
2026/10/09 04:35:51.224, 34.47 W, 2040 MHz, 6251 MHz, 0 %, 71
2026/10/09 04:35:51.724, 34.46 W, 2040 MHz, 6251 MHz, 0 %, 71
2026/10/09 04:35:52.225, 34.46 W, 2040 MHz, 6251 MHz, 0 %, 71
2026/10/09 04:35:52.725, 34.47 W, 2040 MHz, 6251 MHz, 0 %, 71
2026/10/09 04:35:53.225, 34.44 W, 2040 MHz, 6251 MHz, 0 %, 71
2026/10/09 04:35:53.725, 34.44 W, 2040 MHz, 6251 MHz, 0 %, 71
2026/10/09 04:35:54.225, 34.44 W, 2040 MHz, 6251 MHz, 0 %, 71
2026/10/09 04:35:54.726, 34.43 W, 2040 MHz, 6251 MHz, 0 %, 71
2026/10/09 04:35:55.226, 34.38 W, 2040 MHz, 6251 MHz, 0 %, 71
2026/10/09 04:35:55.726, 34.41 W, 2040 MHz, 6251 MHz, 0 %, 71
2026/10/09 04:35:56.226, 34.74 W, 2040 MHz, 6251 MHz, 0 %, 71
2026/10/09 04:35:56.726, 34.88 W, 2040 MHz, 6251 MHz, 3 %, 71
2026/10/09 04:35:57.226, 34.54 W, 2040 MHz, 6251 MHz, 1 %, 71
2026/10/09 04:35:57.726, 34.29 W, 2040 MHz, 6251 MHz, 0 %, 71
2026/10/09 04:35:58.227, 34.63 W, 2040 MHz, 6251 MHz, 0 %, 71
2026/10/09 04:35:58.727, 40.05 W, 2040 MHz, 6251 MHz, 60 %, 72
2026/10/09 04:35:59.227, 44.75 W, 2040 MHz, 6251 MHz, 69 %, 72
2026/10/09 04:35:59.727, 45.50 W, 2040 MHz, 6251 MHz, 68 %, 72
2026/10/09 04:36:00.227, 47.85 W, 2040 MHz, 6251 MHz, 71 %, 71
2026/10/09 04:36:00.727, 41.97 W, 2040 MHz, 6251 MHz, 0 %, 71
2026/10/09 04:36:01.228, 36.49 W, 2040 MHz, 6251 MHz, 0 %, 71
2026/10/09 04:36:01.728, 35.94 W, 2040 MHz, 6251 MHz, 0 %, 71
2026/10/09 04:36:02.228, 34.28 W, 2040 MHz, 6251 MHz, 0 %, 71
2026/10/09 04:36:02.728, 34.23 W, 2040 MHz, 6251 MHz, 0 %, 70
2026/10/09 04:36:03.228, 34.22 W, 2040 MHz, 6251 MHz, 0 %, 70
2026/10/09 04:36:03.728, 34.23 W, 2040 MHz, 6251 MHz, 0 %, 70
2026/10/09 04:36:04.228, 34.24 W, 2040 MHz, 6251 MHz, 0 %, 70
2026/10/09 04:36:04.729, 34.23 W, 2040 MHz, 6251 MHz, 0 %, 70
2026/10/09 04:36:05.229, 34.20 W, 2040 MHz, 6251 MHz, 0 %, 70
2026/10/09 04:36:05.729, 34.17 W, 2040 MHz, 6251 MHz, 0 %, 70
2026/10/09 04:36:06.229, 34.13 W, 2040 MHz, 6251 MHz, 0 %, 70
2026/10/09 04:36:06.729, 34.16 W, 2040 MHz, 6251 MHz, 0 %, 70
2026/10/09 04:36:07.229, 34.15 W, 2040 MHz, 6251 MHz, 0 %, 70
2026/10/09 04:36:07.729, 34.10 W, 2040 MHz, 6251 MHz, 0 %, 70
2026/10/09 04:36:08.230, 34.10 W, 2040 MHz, 6251 MHz, 0 %, 70
2026/10/09 04:36:08.730, 34.10 W, 2040 MHz, 6251 MHz, 0 %, 70
2026/10/09 04:36:09.230, 34.15 W, 2040 MHz, 6251 MHz, 0 %, 70
2026/10/09 04:36:09.730, 34.15 W, 2040 MHz, 6251 MHz, 0 %, 70
2026/10/09 04:36:10.230, 34.13 W, 2040 MHz, 6251 MHz, 0 %, 70
2026/10/09 04:36:10.730, 34.14 W, 2040 MHz, 6251 MHz, 0 %, 70
2026/10/09 04:36:11.231, 34.11 W, 2040 MHz, 6251 MHz, 0 %, 70
2026/10/09 04:36:11.731, 34.10 W, 2040 MHz, 6251 MHz, 0 %, 70
2026/10/09 04:36:12.231, 34.07 W, 2040 MHz, 6251 MHz, 0 %, 70
2026/10/09 04:36:12.731, 34.08 W, 2040 MHz, 6251 MHz, 0 %, 70
2026/10/09 04:36:13.231, 34.11 W, 2040 MHz, 6251 MHz, 0 %, 70
2026/10/09 04:36:13.731, 34.10 W, 2040 MHz, 6251 MHz, 0 %, 70
2026/10/09 04:36:14.232, 34.12 W, 2040 MHz, 6251 MHz, 0 %, 70
2026/10/09 04:36:14.732, 34.12 W, 2040 MHz, 6251 MHz, 0 %, 70
2026/10/09 04:36:15.232, 40.24 W, 1785 MHz, 6251 MHz, 25 %, 73
2026/10/09 04:36:15.732, 54.28 W, 2010 MHz, 6251 MHz, 43 %, 71
2026/10/09 04:36:16.232, 51.57 W, 2040 MHz, 6251 MHz, 0 %, 71
2026/10/09 04:36:16.732, 34.11 W, 2040 MHz, 6251 MHz, 0 %, 71
2026/10/09 04:36:17.232, 34.23 W, 2040 MHz, 6251 MHz, 0 %, 71
2026/10/09 04:36:17.733, 37.54 W, 2040 MHz, 6251 MHz, 71 %, 72
2026/10/09 04:36:18.233, 47.99 W, 2025 MHz, 6251 MHz, 58 %, 71
2026/10/09 04:36:18.733, 48.03 W, 2040 MHz, 6251 MHz, 0 %, 71
2026/10/09 04:36:19.233, 34.37 W, 2040 MHz, 6251 MHz, 0 %, 71
2026/10/09 04:36:19.733, 34.34 W, 2040 MHz, 6251 MHz, 0 %, 71
2026/10/09 04:36:20.233, 34.36 W, 2040 MHz, 6251 MHz, 0 %, 71
2026/10/09 04:36:20.733, 34.36 W, 2040 MHz, 6251 MHz, 0 %, 71
2026/10/09 04:36:21.234, 34.31 W, 2040 MHz, 6251 MHz, 0 %, 71
2026/10/09 04:36:21.734, 37.32 W, 1635 MHz, 6251 MHz, 80 %, 73
2026/10/09 04:36:22.234, 55.03 W, 1710 MHz, 6251 MHz, 99 %, 74
2026/10/09 04:36:22.734, 55.23 W, 2040 MHz, 6251 MHz, 0 %, 71
2026/10/09 04:36:23.234, 37.80 W, 2040 MHz, 6251 MHz, 0 %, 71
2026/10/09 04:36:23.735, 34.48 W, 2040 MHz, 6251 MHz, 0 %, 71
2026/10/09 04:36:24.235, 34.43 W, 2040 MHz, 6251 MHz, 0 %, 71
2026/10/09 04:36:24.735, 34.45 W, 2040 MHz, 6251 MHz, 0 %, 71
2026/10/09 04:36:25.235, 34.46 W, 2040 MHz, 6251 MHz, 0 %, 71
2026/10/09 04:36:25.735, 34.46 W, 2040 MHz, 6251 MHz, 0 %, 71
2026/10/09 04:36:26.235, 34.47 W, 2040 MHz, 6251 MHz, 0 %, 73
2026/10/09 04:36:26.736, 51.68 W, 1725 MHz, 6251 MHz, 97 %, 75
2026/10/09 04:36:27.236, 51.63 W, 2040 MHz, 6251 MHz, 0 %, 72
2026/10/09 04:36:27.736, 38.08 W, 2040 MHz, 6251 MHz, 0 %, 72
2026/10/09 04:36:28.236, 34.56 W, 2040 MHz, 6251 MHz, 0 %, 72
2026/10/09 04:36:28.736, 34.56 W, 2040 MHz, 6251 MHz, 0 %, 72
2026/10/09 04:36:29.236, 34.57 W, 2040 MHz, 6251 MHz, 0 %, 72
2026/10/09 04:36:29.737, 34.51 W, 2040 MHz, 6251 MHz, 0 %, 71
2026/10/09 04:36:30.237, 34.50 W, 2040 MHz, 6251 MHz, 0 %, 71
2026/10/09 04:36:30.737, 34.45 W, 2040 MHz, 6251 MHz, 0 %, 71
2026/10/09 04:36:31.237, 34.36 W, 2040 MHz, 6251 MHz, 0 %, 71
2026/10/09 04:36:31.737, 34.31 W, 2040 MHz, 6251 MHz, 0 %, 71
2026/10/09 04:36:32.237, 34.24 W, 2040 MHz, 6251 MHz, 0 %, 70
2026/10/09 04:36:32.737, 34.16 W, 2040 MHz, 6251 MHz, 0 %, 70
2026/10/09 04:36:33.238, 41.05 W, 1995 MHz, 6251 MHz, 59 %, 72
2026/10/09 04:36:33.738, 58.87 W, 1800 MHz, 6251 MHz, 98 %, 72
2026/10/09 04:36:34.238, 61.48 W, 2025 MHz, 6251 MHz, 0 %, 70
2026/10/09 04:36:34.738, 44.44 W, 2040 MHz, 6251 MHz, 0 %, 70
2026/10/09 04:36:35.238, 37.52 W, 2025 MHz, 6251 MHz, 53 %, 70
2026/10/09 04:36:35.739, 37.52 W, 2040 MHz, 6251 MHz, 0 %, 69
2026/10/09 04:36:36.239, 33.81 W, 2040 MHz, 6251 MHz, 0 %, 69
2026/10/09 04:36:36.739, 33.80 W, 2040 MHz, 6251 MHz, 0 %, 69
2026/10/09 04:36:37.239, 33.72 W, 2040 MHz, 6251 MHz, 0 %, 68
2026/10/09 04:36:37.739, 33.66 W, 2040 MHz, 6251 MHz, 0 %, 68
2026/10/09 04:36:38.240, 33.62 W, 2040 MHz, 6251 MHz, 0 %, 68
2026/10/09 04:36:38.740, 33.58 W, 2040 MHz, 6251 MHz, 0 %, 68
2026/10/09 04:36:39.240, 33.54 W, 2040 MHz, 6251 MHz, 0 %, 68
2026/10/09 04:36:39.740, 33.50 W, 2040 MHz, 6251 MHz, 0 %, 67
2026/10/09 04:36:40.240, 33.45 W, 2040 MHz, 6251 MHz, 0 %, 67
2026/10/09 04:36:40.741, 39.90 W, 1845 MHz, 6251 MHz, 96 %, 69
2026/10/09 04:36:41.241, 59.75 W, 1170 MHz, 6251 MHz, 100 %, 71
2026/10/09 04:36:41.741, 63.69 W, 2025 MHz, 6251 MHz, 0 %, 68
2026/10/09 04:36:42.241, 44.09 W, 2040 MHz, 6251 MHz, 0 %, 67
2026/10/09 04:36:42.741, 33.40 W, 2040 MHz, 6251 MHz, 0 %, 67
2026/10/09 04:36:43.242, 33.33 W, 2040 MHz, 6251 MHz, 0 %, 67
2026/10/09 04:36:43.742, 47.99 W, 1365 MHz, 6251 MHz, 76 %, 70
2026/10/09 04:36:44.242, 63.50 W, 1395 MHz, 6251 MHz, 100 %, 71
2026/10/09 04:36:44.742, 69.40 W, 1530 MHz, 6251 MHz, 70 %, 71
2026/10/09 04:36:45.242, 68.85 W, 1560 MHz, 6251 MHz, 100 %, 71
2026/10/09 04:36:45.743, 68.97 W, 1470 MHz, 6251 MHz, 64 %, 72
2026/10/09 04:36:46.243, 67.01 W, 1410 MHz, 6251 MHz, 91 %, 71
2026/10/09 04:36:46.743, 70.39 W, 1770 MHz, 6251 MHz, 100 %, 70
2026/10/09 04:36:47.243, 70.92 W, 1455 MHz, 6251 MHz, 100 %, 72
2026/10/09 04:36:47.743, 66.57 W, 1365 MHz, 6251 MHz, 59 %, 71
2026/10/09 04:36:48.244, 65.85 W, 1710 MHz, 6251 MHz, 84 %, 70
2026/10/09 04:36:48.744, 71.83 W, 1455 MHz, 6251 MHz, 62 %, 71
2026/10/09 04:36:49.244, 66.96 W, 1905 MHz, 6251 MHz, 74 %, 69
2026/10/09 04:36:49.744, 73.11 W, 1830 MHz, 6251 MHz, 61 %, 69
2026/10/09 04:36:50.244, 82.64 W, 1740 MHz, 6251 MHz, 62 %, 70
2026/10/09 04:36:50.745, 68.80 W, 2025 MHz, 6251 MHz, 38 %, 69
2026/10/09 04:36:51.245, 61.90 W, 1395 MHz, 6251 MHz, 77 %, 71
2026/10/09 04:36:51.745, 64.24 W, 1485 MHz, 6251 MHz, 77 %, 71
2026/10/09 04:36:52.245, 73.24 W, 1695 MHz, 6251 MHz, 79 %, 70
2026/10/09 04:36:52.745, 78.04 W, 1560 MHz, 6251 MHz, 77 %, 71
2026/10/09 04:36:53.246, 74.58 W, 1605 MHz, 6251 MHz, 76 %, 71
2026/10/09 04:36:53.746, 63.69 W, 2025 MHz, 6251 MHz, 58 %, 70
2026/10/09 04:36:54.246, 52.01 W, 2040 MHz, 6251 MHz, 1 %, 67
2026/10/09 04:36:54.746, 48.20 W, 1440 MHz, 6251 MHz, 100 %, 71
2026/10/09 04:36:55.246, 40.52 W, 2040 MHz, 6251 MHz, 0 %, 67
2026/10/09 04:36:55.746, 36.88 W, 2040 MHz, 6251 MHz, 0 %, 67
2026/10/09 04:36:56.247, 42.12 W, 1845 MHz, 6251 MHz, 53 %, 68
2026/10/09 04:36:56.747, 41.63 W, 2040 MHz, 6251 MHz, 0 %, 67
2026/10/09 04:36:57.247, 35.65 W, 2040 MHz, 6251 MHz, 0 %, 66
2026/10/09 04:36:57.747, 32.99 W, 2040 MHz, 6251 MHz, 0 %, 66
2026/10/09 04:36:58.247, 32.97 W, 2040 MHz, 6251 MHz, 0 %, 66
2026/10/09 04:36:58.747, 32.94 W, 2040 MHz, 6251 MHz, 0 %, 66
2026/10/09 04:36:59.248, 32.92 W, 2040 MHz, 6251 MHz, 0 %, 66
2026/10/09 04:36:59.748, 32.87 W, 2040 MHz, 6251 MHz, 0 %, 66
2026/10/09 04:37:00.248, 32.86 W, 2040 MHz, 6251 MHz, 0 %, 66
2026/10/09 04:37:00.748, 32.79 W, 2040 MHz, 6251 MHz, 0 %, 66
2026/10/09 04:37:01.248, 32.80 W, 2040 MHz, 6251 MHz, 0 %, 66
2026/10/09 04:37:01.748, 47.31 W, 1755 MHz, 6251 MHz, 100 %, 68
2026/10/09 04:37:02.248, 65.82 W, 1575 MHz, 6251 MHz, 100 %, 68
2026/10/09 04:37:02.748, 65.68 W, 1755 MHz, 6251 MHz, 68 %, 68
2026/10/09 04:37:03.249, 65.84 W, 1740 MHz, 6251 MHz, 100 %, 69
2026/10/09 04:37:03.749, 74.18 W, 1590 MHz, 6251 MHz, 100 %, 68
2026/10/09 04:37:04.249, 73.30 W, 1740 MHz, 6251 MHz, 100 %, 69
2026/10/09 04:37:04.749, 73.00 W, 1590 MHz, 6251 MHz, 100 %, 69
2026/10/09 04:37:05.249, 73.17 W, 1725 MHz, 6251 MHz, 100 %, 69
2026/10/09 04:37:05.749, 72.61 W, 1605 MHz, 6251 MHz, 100 %, 69
2026/10/09 04:37:06.250, 72.73 W, 1725 MHz, 6251 MHz, 100 %, 69
2026/10/09 04:37:06.750, 72.20 W, 1620 MHz, 6251 MHz, 100 %, 69
2026/10/09 04:37:07.250, 72.40 W, 1695 MHz, 6251 MHz, 100 %, 69
2026/10/09 04:37:07.750, 71.67 W, 1620 MHz, 6251 MHz, 100 %, 69
2026/10/09 04:37:08.250, 71.73 W, 1710 MHz, 6251 MHz, 100 %, 70
2026/10/09 04:37:08.750, 71.56 W, 1620 MHz, 6251 MHz, 100 %, 69
2026/10/09 04:37:09.251, 71.78 W, 1695 MHz, 6251 MHz, 100 %, 70
2026/10/09 04:37:09.751, 71.72 W, 1620 MHz, 6251 MHz, 100 %, 70
2026/10/09 04:37:10.251, 71.98 W, 1665 MHz, 6251 MHz, 100 %, 70
2026/10/09 04:37:10.751, 71.84 W, 1620 MHz, 6251 MHz, 100 %, 70
2026/10/09 04:37:11.251, 70.70 W, 1455 MHz, 6251 MHz, 100 %, 71
2026/10/09 04:37:11.751, 70.60 W, 1620 MHz, 6251 MHz, 100 %, 70
2026/10/09 04:37:12.252, 71.17 W, 1590 MHz, 6251 MHz, 100 %, 70
2026/10/09 04:37:12.752, 72.60 W, 1635 MHz, 6251 MHz, 100 %, 70
2026/10/09 04:37:13.252, 72.65 W, 1635 MHz, 6251 MHz, 100 %, 70
2026/10/09 04:37:13.752, 72.55 W, 1620 MHz, 6251 MHz, 100 %, 70
2026/10/09 04:37:14.252, 72.75 W, 1620 MHz, 6251 MHz, 100 %, 71
2026/10/09 04:37:14.752, 72.62 W, 1635 MHz, 6251 MHz, 100 %, 71
2026/10/09 04:37:15.253, 72.72 W, 1620 MHz, 6251 MHz, 100 %, 71
2026/10/09 04:37:15.753, 71.43 W, 1680 MHz, 6251 MHz, 100 %, 71
2026/10/09 04:37:16.253, 70.81 W, 1650 MHz, 6251 MHz, 100 %, 71
2026/10/09 04:37:16.753, 71.26 W, 1665 MHz, 6251 MHz, 100 %, 71
2026/10/09 04:37:17.253, 71.09 W, 1635 MHz, 6251 MHz, 100 %, 71
2026/10/09 04:37:17.753, 71.22 W, 1635 MHz, 6251 MHz, 100 %, 71
2026/10/09 04:37:18.254, 71.16 W, 1635 MHz, 6251 MHz, 100 %, 72
2026/10/09 04:37:18.754, 71.24 W, 1650 MHz, 6251 MHz, 100 %, 72
2026/10/09 04:37:19.254, 71.16 W, 1635 MHz, 6251 MHz, 100 %, 72
2026/10/09 04:37:19.754, 71.26 W, 1635 MHz, 6251 MHz, 100 %, 72
2026/10/09 04:37:20.254, 71.51 W, 1620 MHz, 6251 MHz, 100 %, 72
2026/10/09 04:37:20.754, 72.00 W, 1665 MHz, 6251 MHz, 100 %, 72
2026/10/09 04:37:21.255, 72.12 W, 1620 MHz, 6251 MHz, 100 %, 72
2026/10/09 04:37:21.755, 72.22 W, 1635 MHz, 6251 MHz, 100 %, 72
2026/10/09 04:37:22.255, 72.23 W, 1620 MHz, 6251 MHz, 100 %, 72
2026/10/09 04:37:22.755, 72.37 W, 1620 MHz, 6251 MHz, 100 %, 73
2026/10/09 04:37:23.255, 72.54 W, 1605 MHz, 6251 MHz, 100 %, 73
2026/10/09 04:37:23.755, 72.61 W, 1620 MHz, 6251 MHz, 100 %, 73
2026/10/09 04:37:24.256, 72.76 W, 1590 MHz, 6251 MHz, 91 %, 73
2026/10/09 04:37:24.756, 73.03 W, 1620 MHz, 6251 MHz, 100 %, 73
2026/10/09 04:37:25.256, 72.99 W, 1560 MHz, 6251 MHz, 100 %, 73
2026/10/09 04:37:25.756, 72.70 W, 1635 MHz, 6251 MHz, 100 %, 73
2026/10/09 04:37:26.256, 72.14 W, 1605 MHz, 6251 MHz, 100 %, 73
2026/10/09 04:37:26.756, 71.82 W, 1620 MHz, 6251 MHz, 100 %, 74
2026/10/09 04:37:27.256, 71.35 W, 1575 MHz, 6251 MHz, 100 %, 74
2026/10/09 04:37:27.757, 71.12 W, 1620 MHz, 6251 MHz, 100 %, 74
2026/10/09 04:37:28.257, 71.05 W, 1575 MHz, 6251 MHz, 100 %, 74
2026/10/09 04:37:28.757, 71.74 W, 1650 MHz, 6251 MHz, 100 %, 74
2026/10/09 04:37:29.257, 71.94 W, 1605 MHz, 6251 MHz, 100 %, 74
2026/10/09 04:37:29.757, 71.91 W, 1650 MHz, 6251 MHz, 100 %, 74
2026/10/09 04:37:30.257, 71.87 W, 1575 MHz, 6251 MHz, 100 %, 74
2026/10/09 04:37:30.758, 72.09 W, 1635 MHz, 6251 MHz, 100 %, 75
2026/10/09 04:37:31.258, 72.05 W, 1575 MHz, 6251 MHz, 100 %, 75
2026/10/09 04:37:31.758, 72.43 W, 1620 MHz, 6251 MHz, 100 %, 75
2026/10/09 04:37:32.258, 72.47 W, 1590 MHz, 6251 MHz, 100 %, 75
2026/10/09 04:37:32.758, 72.69 W, 1605 MHz, 6251 MHz, 100 %, 75
2026/10/09 04:37:33.258, 73.65 W, 1590 MHz, 6251 MHz, 100 %, 75
2026/10/09 04:37:33.759, 73.67 W, 1605 MHz, 6251 MHz, 100 %, 75
2026/10/09 04:37:34.259, 72.92 W, 1605 MHz, 6251 MHz, 100 %, 75
2026/10/09 04:37:34.759, 73.04 W, 1605 MHz, 6251 MHz, 100 %, 75
2026/10/09 04:37:35.259, 72.79 W, 1605 MHz, 6251 MHz, 100 %, 75
2026/10/09 04:37:35.759, 72.36 W, 1575 MHz, 6251 MHz, 100 %, 76
2026/10/09 04:37:36.259, 71.73 W, 1575 MHz, 6251 MHz, 100 %, 76
2026/10/09 04:37:36.759, 71.14 W, 1605 MHz, 6251 MHz, 100 %, 76
2026/10/09 04:37:37.260, 71.41 W, 1530 MHz, 6251 MHz, 100 %, 77
2026/10/09 04:37:37.760, 71.91 W, 1605 MHz, 6251 MHz, 100 %, 76
2026/10/09 04:37:38.260, 71.51 W, 1590 MHz, 6251 MHz, 100 %, 76
2026/10/09 04:37:38.760, 71.86 W, 1605 MHz, 6251 MHz, 100 %, 76
2026/10/09 04:37:39.260, 71.89 W, 1590 MHz, 6251 MHz, 100 %, 76
2026/10/09 04:37:39.760, 72.05 W, 1560 MHz, 6251 MHz, 100 %, 76
2026/10/09 04:37:40.261, 72.36 W, 1575 MHz, 6251 MHz, 100 %, 76
2026/10/09 04:37:40.761, 72.44 W, 1590 MHz, 6251 MHz, 100 %, 76
2026/10/09 04:37:41.261, 72.59 W, 1575 MHz, 6251 MHz, 100 %, 76
2026/10/09 04:37:41.761, 70.75 W, 1620 MHz, 6251 MHz, 100 %, 76
2026/10/09 04:37:42.261, 70.89 W, 1590 MHz, 6251 MHz, 100 %, 76
2026/10/09 04:37:42.761, 72.37 W, 1620 MHz, 6251 MHz, 100 %, 76
2026/10/09 04:37:43.262, 71.67 W, 1605 MHz, 6251 MHz, 100 %, 76
2026/10/09 04:37:43.762, 71.25 W, 1590 MHz, 6251 MHz, 100 %, 76
2026/10/09 04:37:44.262, 70.98 W, 1590 MHz, 6251 MHz, 100 %, 76
2026/10/09 04:37:44.762, 71.19 W, 1605 MHz, 6251 MHz, 100 %, 76
2026/10/09 04:37:45.262, 71.21 W, 1575 MHz, 6251 MHz, 100 %, 76
2026/10/09 04:37:45.762, 71.27 W, 1800 MHz, 6251 MHz, 100 %, 77
2026/10/09 04:37:46.263, 71.60 W, 1575 MHz, 6251 MHz, 100 %, 77
2026/10/09 04:37:46.763, 71.99 W, 1560 MHz, 6251 MHz, 100 %, 76
2026/10/09 04:37:47.263, 72.33 W, 1575 MHz, 6251 MHz, 100 %, 77
2026/10/09 04:37:47.763, 72.47 W, 1560 MHz, 6251 MHz, 100 %, 77
2026/10/09 04:37:48.263, 72.36 W, 1590 MHz, 6251 MHz, 100 %, 77
2026/10/09 04:37:48.763, 72.47 W, 1575 MHz, 6251 MHz, 100 %, 77
2026/10/09 04:37:49.264, 72.65 W, 1605 MHz, 6251 MHz, 100 %, 77
2026/10/09 04:37:49.764, 72.80 W, 1560 MHz, 6251 MHz, 100 %, 77
2026/10/09 04:37:50.264, 73.00 W, 1575 MHz, 6251 MHz, 100 %, 77
2026/10/09 04:37:50.764, 72.28 W, 1560 MHz, 6251 MHz, 100 %, 77
2026/10/09 04:37:51.264, 71.13 W, 1590 MHz, 6251 MHz, 100 %, 77
2026/10/09 04:37:51.764, 71.18 W, 1560 MHz, 6251 MHz, 100 %, 77
2026/10/09 04:37:52.265, 71.39 W, 1575 MHz, 6251 MHz, 100 %, 77
2026/10/09 04:37:52.765, 71.51 W, 1575 MHz, 6251 MHz, 100 %, 78
2026/10/09 04:37:53.265, 71.71 W, 1605 MHz, 6251 MHz, 100 %, 78
2026/10/09 04:37:53.765, 71.87 W, 1575 MHz, 6251 MHz, 100 %, 78
2026/10/09 04:37:54.265, 72.11 W, 1590 MHz, 6251 MHz, 100 %, 78
2026/10/09 04:37:54.765, 73.37 W, 1575 MHz, 6251 MHz, 100 %, 78
2026/10/09 04:37:55.265, 73.80 W, 1545 MHz, 6251 MHz, 100 %, 78
2026/10/09 04:37:55.766, 72.94 W, 1575 MHz, 6251 MHz, 100 %, 78
2026/10/09 04:37:56.266, 72.81 W, 1575 MHz, 6251 MHz, 100 %, 78
2026/10/09 04:37:56.766, 72.59 W, 1575 MHz, 6251 MHz, 100 %, 79
2026/10/09 04:37:57.266, 71.84 W, 1560 MHz, 6251 MHz, 100 %, 79
2026/10/09 04:37:57.766, 71.32 W, 1560 MHz, 6251 MHz, 100 %, 79
2026/10/09 04:37:58.266, 71.15 W, 1530 MHz, 6251 MHz, 100 %, 79
2026/10/09 04:37:58.767, 68.38 W, 2010 MHz, 6251 MHz, 100 %, 78
2026/10/09 04:37:59.267, 62.93 W, 1605 MHz, 6251 MHz, 100 %, 79
2026/10/09 04:37:59.767, 63.84 W, 1560 MHz, 6251 MHz, 100 %, 79
2026/10/09 04:38:00.267, 71.55 W, 1620 MHz, 6251 MHz, 100 %, 79
2026/10/09 04:38:00.767, 71.87 W, 1560 MHz, 6251 MHz, 100 %, 79
2026/10/09 04:38:01.267, 72.34 W, 1605 MHz, 6251 MHz, 100 %, 79
2026/10/09 04:38:01.768, 72.00 W, 1530 MHz, 6251 MHz, 100 %, 80
2026/10/09 04:38:02.268, 71.72 W, 1590 MHz, 6251 MHz, 100 %, 80
2026/10/09 04:38:02.768, 71.65 W, 1485 MHz, 6251 MHz, 100 %, 80
2026/10/09 04:38:03.268, 71.83 W, 1575 MHz, 6251 MHz, 100 %, 80
2026/10/09 04:38:03.768, 71.88 W, 1530 MHz, 6251 MHz, 100 %, 80
2026/10/09 04:38:04.268, 71.95 W, 1590 MHz, 6251 MHz, 100 %, 80
2026/10/09 04:38:04.769, 71.84 W, 1545 MHz, 6251 MHz, 100 %, 80
2026/10/09 04:38:05.269, 72.06 W, 1560 MHz, 6251 MHz, 100 %, 80
2026/10/09 04:38:05.769, 72.19 W, 1470 MHz, 6251 MHz, 100 %, 80
2026/10/09 04:38:06.269, 72.25 W, 1515 MHz, 6251 MHz, 100 %, 81
2026/10/09 04:38:06.769, 72.23 W, 1470 MHz, 6251 MHz, 100 %, 81
2026/10/09 04:38:07.269, 72.17 W, 1545 MHz, 6251 MHz, 100 %, 81
2026/10/09 04:38:07.769, 71.97 W, 1470 MHz, 6251 MHz, 100 %, 81
2026/10/09 04:38:08.270, 71.67 W, 1545 MHz, 6251 MHz, 100 %, 81
2026/10/09 04:38:08.770, 71.62 W, 1425 MHz, 6251 MHz, 100 %, 81
2026/10/09 04:38:09.270, 72.45 W, 1605 MHz, 6251 MHz, 100 %, 82
2026/10/09 04:38:09.770, 72.51 W, 1425 MHz, 6251 MHz, 100 %, 82
2026/10/09 04:38:10.270, 72.25 W, 1560 MHz, 6251 MHz, 100 %, 82
2026/10/09 04:38:10.770, 72.34 W, 1470 MHz, 6251 MHz, 100 %, 82
2026/10/09 04:38:11.271, 72.31 W, 1560 MHz, 6251 MHz, 100 %, 82
2026/10/09 04:38:11.771, 72.73 W, 1470 MHz, 6251 MHz, 100 %, 82
2026/10/09 04:38:12.271, 72.88 W, 1560 MHz, 6251 MHz, 100 %, 82
2026/10/09 04:38:12.771, 72.14 W, 1335 MHz, 6251 MHz, 100 %, 82
2026/10/09 04:38:13.271, 72.21 W, 1545 MHz, 6251 MHz, 100 %, 82
2026/10/09 04:38:13.771, 72.71 W, 1500 MHz, 6251 MHz, 100 %, 82
2026/10/09 04:38:14.272, 72.48 W, 1545 MHz, 6251 MHz, 100 %, 82
2026/10/09 04:38:14.772, 71.17 W, 1485 MHz, 6251 MHz, 100 %, 82
2026/10/09 04:38:15.272, 71.40 W, 1455 MHz, 6251 MHz, 100 %, 82
2026/10/09 04:38:15.772, 71.36 W, 1455 MHz, 6251 MHz, 100 %, 82
2026/10/09 04:38:16.272, 72.31 W, 1440 MHz, 6251 MHz, 100 %, 82
2026/10/09 04:38:16.772, 72.51 W, 1440 MHz, 6251 MHz, 100 %, 82
2026/10/09 04:38:17.273, 72.06 W, 1440 MHz, 6251 MHz, 100 %, 82
2026/10/09 04:38:17.773, 72.19 W, 1440 MHz, 6251 MHz, 100 %, 82
2026/10/09 04:38:18.273, 72.37 W, 1410 MHz, 6251 MHz, 100 %, 82
2026/10/09 04:38:18.773, 72.01 W, 1410 MHz, 6251 MHz, 100 %, 82
2026/10/09 04:38:19.273, 71.97 W, 1410 MHz, 6251 MHz, 100 %, 82
2026/10/09 04:38:19.773, 71.62 W, 1455 MHz, 6251 MHz, 100 %, 82
2026/10/09 04:38:20.274, 71.33 W, 1440 MHz, 6251 MHz, 100 %, 82
2026/10/09 04:38:20.774, 71.69 W, 1425 MHz, 6251 MHz, 100 %, 82
2026/10/09 04:38:21.274, 72.08 W, 1560 MHz, 6251 MHz, 100 %, 82
2026/10/09 04:38:21.774, 72.01 W, 1545 MHz, 6251 MHz, 100 %, 82
2026/10/09 04:38:22.274, 71.88 W, 1545 MHz, 6251 MHz, 100 %, 82
2026/10/09 04:38:22.774, 71.46 W, 1545 MHz, 6251 MHz, 100 %, 82
2026/10/09 04:38:23.275, 71.56 W, 1545 MHz, 6251 MHz, 100 %, 82
2026/10/09 04:38:23.775, 72.21 W, 1395 MHz, 6251 MHz, 100 %, 83
2026/10/09 04:38:24.275, 72.68 W, 1530 MHz, 6251 MHz, 100 %, 82
2026/10/09 04:38:24.775, 72.00 W, 1560 MHz, 6251 MHz, 100 %, 82
2026/10/09 04:38:25.275, 72.09 W, 990 MHz, 6251 MHz, 100 %, 84
2026/10/09 04:38:25.775, 71.98 W, 1500 MHz, 6251 MHz, 100 %, 83
2026/10/09 04:38:26.275, 72.07 W, 1395 MHz, 6251 MHz, 100 %, 83
2026/10/09 04:38:26.776, 72.47 W, 1515 MHz, 6251 MHz, 100 %, 82
2026/10/09 04:38:27.276, 71.52 W, 1485 MHz, 6251 MHz, 100 %, 82
2026/10/09 04:38:27.776, 71.19 W, 1515 MHz, 6251 MHz, 100 %, 82
2026/10/09 04:38:28.276, 71.53 W, 1560 MHz, 6251 MHz, 100 %, 82
2026/10/09 04:38:28.776, 71.32 W, 1545 MHz, 6251 MHz, 100 %, 82
2026/10/09 04:38:29.276, 71.80 W, 1560 MHz, 6251 MHz, 100 %, 81
2026/10/09 04:38:29.777, 72.02 W, 1515 MHz, 6251 MHz, 100 %, 81
2026/10/09 04:38:30.277, 70.95 W, 1530 MHz, 6251 MHz, 100 %, 81
2026/10/09 04:38:30.777, 71.21 W, 1575 MHz, 6251 MHz, 100 %, 80
2026/10/09 04:38:31.277, 71.84 W, 1575 MHz, 6251 MHz, 100 %, 80
2026/10/09 04:38:31.777, 72.00 W, 1545 MHz, 6251 MHz, 100 %, 80
2026/10/09 04:38:32.277, 70.86 W, 1290 MHz, 6251 MHz, 100 %, 81
2026/10/09 04:38:32.778, 71.07 W, 1065 MHz, 6251 MHz, 100 %, 81
2026/10/09 04:38:33.278, 71.23 W, 1275 MHz, 6251 MHz, 100 %, 80
2026/10/09 04:38:33.778, 71.16 W, 1470 MHz, 6251 MHz, 100 %, 80
2026/10/09 04:38:34.278, 71.15 W, 1470 MHz, 6251 MHz, 100 %, 79
2026/10/09 04:38:34.778, 72.00 W, 1470 MHz, 6251 MHz, 100 %, 79
2026/10/09 04:38:35.278, 71.61 W, 1410 MHz, 6251 MHz, 100 %, 79
2026/10/09 04:38:35.778, 72.07 W, 1365 MHz, 6251 MHz, 100 %, 79
2026/10/09 04:38:36.279, 72.35 W, 1515 MHz, 6251 MHz, 100 %, 78
2026/10/09 04:38:36.779, 72.67 W, 1170 MHz, 6251 MHz, 100 %, 78
2026/10/09 04:38:37.279, 72.48 W, 1530 MHz, 6251 MHz, 100 %, 78
2026/10/09 04:38:37.779, 72.38 W, 1395 MHz, 6251 MHz, 100 %, 78
2026/10/09 04:38:38.279, 71.48 W, 1545 MHz, 6251 MHz, 100 %, 78
2026/10/09 04:38:38.780, 71.49 W, 1590 MHz, 6251 MHz, 100 %, 77
2026/10/09 04:38:39.280, 72.19 W, 1590 MHz, 6251 MHz, 100 %, 77
2026/10/09 04:38:39.780, 71.59 W, 1530 MHz, 6251 MHz, 100 %, 77
2026/10/09 04:38:40.280, 72.17 W, 1620 MHz, 6251 MHz, 100 %, 77
2026/10/09 04:38:40.780, 72.00 W, 1560 MHz, 6251 MHz, 100 %, 77
2026/10/09 04:38:41.280, 71.60 W, 1650 MHz, 6251 MHz, 100 %, 77
2026/10/09 04:38:41.780, 71.99 W, 1320 MHz, 6251 MHz, 100 %, 77
2026/10/09 04:38:42.281, 71.92 W, 1605 MHz, 6251 MHz, 100 %, 76
2026/10/09 04:38:42.781, 71.53 W, 1575 MHz, 6251 MHz, 100 %, 77
2026/10/09 04:38:43.281, 72.05 W, 1590 MHz, 6251 MHz, 100 %, 76
2026/10/09 04:38:43.781, 72.03 W, 1560 MHz, 6251 MHz, 100 %, 76
2026/10/09 04:38:44.281, 71.99 W, 1605 MHz, 6251 MHz, 100 %, 76
2026/10/09 04:38:44.781, 72.38 W, 1575 MHz, 6251 MHz, 100 %, 76
2026/10/09 04:38:45.282, 72.22 W, 1620 MHz, 6251 MHz, 100 %, 76
2026/10/09 04:38:45.782, 72.01 W, 1620 MHz, 6251 MHz, 100 %, 76
2026/10/09 04:38:46.282, 71.97 W, 1590 MHz, 6251 MHz, 100 %, 75
2026/10/09 04:38:46.782, 72.13 W, 1620 MHz, 6251 MHz, 100 %, 76
2026/10/09 04:38:47.282, 72.60 W, 1575 MHz, 6251 MHz, 100 %, 75
2026/10/09 04:38:47.782, 72.89 W, 1620 MHz, 6251 MHz, 100 %, 75
2026/10/09 04:38:48.282, 72.94 W, 1575 MHz, 6251 MHz, 100 %, 75
2026/10/09 04:38:48.783, 72.77 W, 1620 MHz, 6251 MHz, 100 %, 75
2026/10/09 04:38:49.283, 72.82 W, 1590 MHz, 6251 MHz, 100 %, 75
2026/10/09 04:38:49.783, 57.71 W, 2040 MHz, 6251 MHz, 0 %, 73
2026/10/09 04:38:50.283, 40.33 W, 2040 MHz, 6251 MHz, 0 %, 72
2026/10/09 04:38:50.783, 34.74 W, 2040 MHz, 6251 MHz, 0 %, 72
2026/10/09 04:38:51.283, 34.65 W, 2040 MHz, 6251 MHz, 0 %, 72
2026/10/09 04:38:51.783, 34.54 W, 2040 MHz, 6251 MHz, 0 %, 71
2026/10/09 04:38:52.283, 34.45 W, 2040 MHz, 6251 MHz, 0 %, 71
2026/10/09 04:38:52.784, 48.71 W, 1665 MHz, 6251 MHz, 100 %, 73
2026/10/09 04:38:53.284, 66.63 W, 1515 MHz, 6251 MHz, 100 %, 73
2026/10/09 04:38:53.784, 71.40 W, 1620 MHz, 6251 MHz, 100 %, 73
2026/10/09 04:38:54.284, 71.40 W, 1365 MHz, 6251 MHz, 100 %, 74
2026/10/09 04:38:54.784, 73.56 W, 1260 MHz, 6251 MHz, 100 %, 74
2026/10/09 04:38:55.284, 72.18 W, 1380 MHz, 6251 MHz, 100 %, 74
2026/10/09 04:38:55.784, 73.29 W, 1245 MHz, 6251 MHz, 100 %, 74
2026/10/09 04:38:56.285, 71.96 W, 1470 MHz, 6251 MHz, 100 %, 74
2026/10/09 04:38:56.785, 72.27 W, 1185 MHz, 6251 MHz, 100 %, 74
2026/10/09 04:38:57.285, 72.00 W, 1275 MHz, 6251 MHz, 100 %, 74
2026/10/09 04:38:57.785, 72.40 W, 1365 MHz, 6251 MHz, 100 %, 74
2026/10/09 04:38:58.285, 71.82 W, 1335 MHz, 6251 MHz, 100 %, 74
2026/10/09 04:38:58.785, 72.40 W, 1215 MHz, 6251 MHz, 100 %, 74
2026/10/09 04:38:59.285, 71.61 W, 1140 MHz, 6251 MHz, 100 %, 74
2026/10/09 04:38:59.786, 71.08 W, 1380 MHz, 6251 MHz, 100 %, 74
2026/10/09 04:39:00.286, 72.10 W, 1050 MHz, 6251 MHz, 100 %, 74
2026/10/09 04:39:00.786, 72.23 W, 1230 MHz, 6251 MHz, 100 %, 74
2026/10/09 04:39:01.286, 72.08 W, 1275 MHz, 6251 MHz, 100 %, 74
2026/10/09 04:39:01.786, 72.35 W, 1110 MHz, 6251 MHz, 100 %, 74
2026/10/09 04:39:02.287, 72.24 W, 1125 MHz, 6251 MHz, 100 %, 74
2026/10/09 04:39:02.787, 72.21 W, 1110 MHz, 6251 MHz, 100 %, 74
2026/10/09 04:39:03.287, 71.83 W, 1200 MHz, 6251 MHz, 100 %, 74
2026/10/09 04:39:03.787, 71.76 W, 1140 MHz, 6251 MHz, 100 %, 74
2026/10/09 04:39:04.287, 71.91 W, 1125 MHz, 6251 MHz, 100 %, 74
2026/10/09 04:39:04.787, 71.69 W, 1095 MHz, 6251 MHz, 100 %, 74
2026/10/09 04:39:05.287, 71.87 W, 1215 MHz, 6251 MHz, 100 %, 74
2026/10/09 04:39:05.788, 71.94 W, 1260 MHz, 6251 MHz, 100 %, 74
2026/10/09 04:39:06.288, 71.86 W, 1365 MHz, 6251 MHz, 100 %, 74
2026/10/09 04:39:06.788, 72.12 W, 1320 MHz, 6251 MHz, 100 %, 74
2026/10/09 04:39:07.288, 72.22 W, 1140 MHz, 6251 MHz, 100 %, 74
2026/10/09 04:39:07.788, 72.51 W, 1095 MHz, 6251 MHz, 100 %, 74
2026/10/09 04:39:08.288, 72.43 W, 1140 MHz, 6251 MHz, 100 %, 74
2026/10/09 04:39:08.789, 72.33 W, 1155 MHz, 6251 MHz, 100 %, 74
2026/10/09 04:39:09.289, 72.10 W, 1155 MHz, 6251 MHz, 100 %, 75
2026/10/09 04:39:09.789, 71.78 W, 1230 MHz, 6251 MHz, 100 %, 75
2026/10/09 04:39:10.289, 71.95 W, 1170 MHz, 6251 MHz, 100 %, 74
2026/10/09 04:39:10.789, 72.57 W, 1170 MHz, 6251 MHz, 100 %, 75
2026/10/09 04:39:11.290, 72.19 W, 1350 MHz, 6251 MHz, 100 %, 74
2026/10/09 04:39:11.790, 72.65 W, 1230 MHz, 6251 MHz, 100 %, 75
2026/10/09 04:39:12.290, 72.47 W, 1275 MHz, 6251 MHz, 100 %, 75
2026/10/09 04:39:12.790, 72.22 W, 1200 MHz, 6251 MHz, 100 %, 75
2026/10/09 04:39:13.290, 71.21 W, 1350 MHz, 6251 MHz, 100 %, 74
2026/10/09 04:39:13.790, 71.27 W, 1245 MHz, 6251 MHz, 100 %, 75
2026/10/09 04:39:14.291, 72.25 W, 1200 MHz, 6251 MHz, 100 %, 75
2026/10/09 04:39:14.791, 71.94 W, 1230 MHz, 6251 MHz, 100 %, 74
2026/10/09 04:39:15.291, 71.70 W, 1170 MHz, 6251 MHz, 100 %, 75
2026/10/09 04:39:15.791, 72.04 W, 1110 MHz, 6251 MHz, 100 %, 75
2026/10/09 04:39:16.291, 72.09 W, 1185 MHz, 6251 MHz, 100 %, 75
2026/10/09 04:39:16.791, 71.48 W, 1125 MHz, 6251 MHz, 100 %, 75
2026/10/09 04:39:17.292, 71.47 W, 1125 MHz, 6251 MHz, 100 %, 75
2026/10/09 04:39:17.792, 71.52 W, 1110 MHz, 6251 MHz, 100 %, 75
2026/10/09 04:39:18.292, 71.51 W, 1140 MHz, 6251 MHz, 100 %, 75
2026/10/09 04:39:18.792, 72.10 W, 1140 MHz, 6251 MHz, 100 %, 75
2026/10/09 04:39:19.292, 72.07 W, 1065 MHz, 6251 MHz, 100 %, 75
2026/10/09 04:39:19.792, 71.97 W, 1110 MHz, 6251 MHz, 100 %, 75
2026/10/09 04:39:20.292, 71.64 W, 1095 MHz, 6251 MHz, 100 %, 75
2026/10/09 04:39:20.793, 71.77 W, 1125 MHz, 6251 MHz, 100 %, 76
2026/10/09 04:39:21.293, 71.49 W, 1095 MHz, 6251 MHz, 100 %, 75
2026/10/09 04:39:21.793, 72.44 W, 1035 MHz, 6251 MHz, 100 %, 76
2026/10/09 04:39:22.293, 72.28 W, 1065 MHz, 6251 MHz, 100 %, 76
2026/10/09 04:39:22.793, 72.21 W, 1125 MHz, 6251 MHz, 100 %, 76
2026/10/09 04:39:23.293, 71.89 W, 1050 MHz, 6251 MHz, 100 %, 76
2026/10/09 04:39:23.794, 71.86 W, 1110 MHz, 6251 MHz, 100 %, 76
2026/10/09 04:39:24.294, 72.32 W, 960 MHz, 6251 MHz, 100 %, 76
2026/10/09 04:39:24.794, 72.37 W, 1110 MHz, 6251 MHz, 100 %, 76
2026/10/09 04:39:25.294, 72.14 W, 1065 MHz, 6251 MHz, 100 %, 76
2026/10/09 04:39:25.794, 71.65 W, 1140 MHz, 6251 MHz, 100 %, 76
2026/10/09 04:39:26.294, 71.60 W, 1080 MHz, 6251 MHz, 100 %, 76
2026/10/09 04:39:26.795, 71.55 W, 1065 MHz, 6251 MHz, 100 %, 76
2026/10/09 04:39:27.295, 71.95 W, 1050 MHz, 6251 MHz, 100 %, 76
2026/10/09 04:39:27.795, 72.10 W, 1005 MHz, 6251 MHz, 100 %, 76
2026/10/09 04:39:28.295, 72.29 W, 1080 MHz, 6251 MHz, 100 %, 76
2026/10/09 04:39:28.795, 71.36 W, 1095 MHz, 6251 MHz, 100 %, 76
2026/10/09 04:39:29.295, 71.61 W, 930 MHz, 6251 MHz, 100 %, 77
2026/10/09 04:39:29.796, 72.52 W, 1020 MHz, 6251 MHz, 100 %, 77
2026/10/09 04:39:30.296, 72.51 W, 930 MHz, 6251 MHz, 100 %, 77
2026/10/09 04:39:30.796, 72.03 W, 990 MHz, 6251 MHz, 100 %, 77
2026/10/09 04:39:31.296, 71.49 W, 1050 MHz, 6251 MHz, 100 %, 77
2026/10/09 04:39:31.796, 71.94 W, 930 MHz, 6251 MHz, 100 %, 77
2026/10/09 04:39:32.296, 71.60 W, 1005 MHz, 6251 MHz, 100 %, 77
2026/10/09 04:39:32.797, 72.13 W, 975 MHz, 6251 MHz, 100 %, 77
2026/10/09 04:39:33.297, 72.47 W, 975 MHz, 6251 MHz, 100 %, 77
2026/10/09 04:39:33.797, 72.12 W, 1140 MHz, 6251 MHz, 100 %, 77
2026/10/09 04:39:34.297, 72.14 W, 1155 MHz, 6251 MHz, 100 %, 77
2026/10/09 04:39:34.797, 72.18 W, 1155 MHz, 6251 MHz, 100 %, 77
2026/10/09 04:39:35.297, 71.95 W, 1125 MHz, 6251 MHz, 100 %, 77
2026/10/09 04:39:35.798, 72.01 W, 1110 MHz, 6251 MHz, 100 %, 78
2026/10/09 04:39:36.298, 71.73 W, 1155 MHz, 6251 MHz, 100 %, 77
2026/10/09 04:39:36.798, 71.90 W, 1035 MHz, 6251 MHz, 100 %, 78
2026/10/09 04:39:37.298, 72.01 W, 1155 MHz, 6251 MHz, 100 %, 77
2026/10/09 04:39:37.798, 72.21 W, 1185 MHz, 6251 MHz, 100 %, 77
2026/10/09 04:39:38.298, 71.98 W, 1215 MHz, 6251 MHz, 100 %, 78
2026/10/09 04:39:38.798, 72.18 W, 1005 MHz, 6251 MHz, 100 %, 78
2026/10/09 04:39:39.299, 72.32 W, 1125 MHz, 6251 MHz, 100 %, 78
2026/10/09 04:39:39.799, 72.19 W, 1125 MHz, 6251 MHz, 100 %, 78
2026/10/09 04:39:40.299, 72.05 W, 1005 MHz, 6251 MHz, 100 %, 79
2026/10/09 04:39:40.799, 71.79 W, 1005 MHz, 6251 MHz, 100 %, 79
2026/10/09 04:39:41.299, 71.90 W, 1080 MHz, 6251 MHz, 100 %, 79
2026/10/09 04:39:41.800, 71.75 W, 975 MHz, 6251 MHz, 100 %, 79
2026/10/09 04:39:42.300, 72.02 W, 1065 MHz, 6251 MHz, 100 %, 79
2026/10/09 04:39:42.800, 71.53 W, 930 MHz, 6251 MHz, 100 %, 79
2026/10/09 04:39:43.300, 71.03 W, 960 MHz, 6251 MHz, 100 %, 79
2026/10/09 04:39:43.800, 71.22 W, 1050 MHz, 6251 MHz, 100 %, 79
2026/10/09 04:39:44.300, 71.81 W, 1035 MHz, 6251 MHz, 100 %, 79
2026/10/09 04:39:44.800, 72.17 W, 1020 MHz, 6251 MHz, 100 %, 79
2026/10/09 04:39:45.301, 71.75 W, 1110 MHz, 6251 MHz, 100 %, 80
2026/10/09 04:39:45.801, 71.81 W, 1170 MHz, 6251 MHz, 100 %, 79
2026/10/09 04:39:46.301, 71.88 W, 1155 MHz, 6251 MHz, 100 %, 80
2026/10/09 04:39:46.801, 71.48 W, 1185 MHz, 6251 MHz, 100 %, 80
2026/10/09 04:39:47.301, 72.00 W, 1080 MHz, 6251 MHz, 100 %, 80
2026/10/09 04:39:47.801, 72.07 W, 1095 MHz, 6251 MHz, 100 %, 80
2026/10/09 04:39:48.302, 72.08 W, 1095 MHz, 6251 MHz, 100 %, 80
2026/10/09 04:39:48.802, 72.24 W, 1065 MHz, 6251 MHz, 100 %, 80
2026/10/09 04:39:49.302, 72.23 W, 1035 MHz, 6251 MHz, 100 %, 81
2026/10/09 04:39:49.802, 72.13 W, 1035 MHz, 6251 MHz, 100 %, 81
2026/10/09 04:39:50.302, 71.98 W, 1020 MHz, 6251 MHz, 100 %, 81
2026/10/09 04:39:50.803, 72.32 W, 1080 MHz, 6251 MHz, 100 %, 81
2026/10/09 04:39:51.303, 72.02 W, 1065 MHz, 6251 MHz, 100 %, 81
2026/10/09 04:39:51.803, 72.34 W, 990 MHz, 6251 MHz, 100 %, 81
2026/10/09 04:39:52.303, 72.36 W, 1035 MHz, 6251 MHz, 100 %, 81
2026/10/09 04:39:52.803, 71.91 W, 1035 MHz, 6251 MHz, 100 %, 81
2026/10/09 04:39:53.303, 71.88 W, 990 MHz, 6251 MHz, 100 %, 82
2026/10/09 04:39:53.804, 71.82 W, 1020 MHz, 6251 MHz, 100 %, 81
2026/10/09 04:39:54.304, 71.65 W, 975 MHz, 6251 MHz, 100 %, 82
2026/10/09 04:39:54.804, 71.42 W, 1155 MHz, 6251 MHz, 100 %, 81
2026/10/09 04:39:55.304, 71.61 W, 1020 MHz, 6251 MHz, 100 %, 82
2026/10/09 04:39:55.804, 71.67 W, 1065 MHz, 6251 MHz, 100 %, 82
2026/10/09 04:39:56.304, 71.97 W, 990 MHz, 6251 MHz, 100 %, 82
2026/10/09 04:39:56.805, 72.62 W, 1035 MHz, 6251 MHz, 100 %, 82
2026/10/09 04:39:57.305, 72.50 W, 990 MHz, 6251 MHz, 100 %, 83
2026/10/09 04:39:57.805, 72.58 W, 1050 MHz, 6251 MHz, 100 %, 83
2026/10/09 04:39:58.305, 72.20 W, 990 MHz, 6251 MHz, 100 %, 83
2026/10/09 04:39:58.805, 71.63 W, 990 MHz, 6251 MHz, 100 %, 83
2026/10/09 04:39:59.305, 72.27 W, 960 MHz, 6251 MHz, 100 %, 83
2026/10/09 04:39:59.806, 72.55 W, 975 MHz, 6251 MHz, 100 %, 84
2026/10/09 04:40:00.306, 71.52 W, 825 MHz, 6251 MHz, 100 %, 84
2026/10/09 04:40:00.806, 71.00 W, 1050 MHz, 6251 MHz, 100 %, 84
2026/10/09 04:40:01.306, 70.75 W, 1050 MHz, 6251 MHz, 100 %, 84
2026/10/09 04:40:01.806, 70.63 W, 1050 MHz, 6251 MHz, 100 %, 84
2026/10/09 04:40:02.306, 70.53 W, 1020 MHz, 6251 MHz, 100 %, 84
2026/10/09 04:40:02.807, 70.09 W, 1050 MHz, 6251 MHz, 100 %, 84
2026/10/09 04:40:03.307, 70.19 W, 975 MHz, 6251 MHz, 100 %, 85
2026/10/09 04:40:03.807, 70.47 W, 1080 MHz, 6251 MHz, 100 %, 84
2026/10/09 04:40:04.307, 70.82 W, 945 MHz, 6251 MHz, 100 %, 84
2026/10/09 04:40:04.807, 71.73 W, 1050 MHz, 6251 MHz, 100 %, 84
2026/10/09 04:40:05.307, 71.50 W, 1020 MHz, 6251 MHz, 100 %, 84
2026/10/09 04:40:05.808, 70.20 W, 1065 MHz, 6251 MHz, 100 %, 84
2026/10/09 04:40:06.308, 70.60 W, 975 MHz, 6251 MHz, 100 %, 84
2026/10/09 04:40:06.808, 72.16 W, 1035 MHz, 6251 MHz, 100 %, 84
2026/10/09 04:40:07.308, 72.26 W, 930 MHz, 6251 MHz, 100 %, 84
2026/10/09 04:40:07.808, 72.99 W, 990 MHz, 6251 MHz, 100 %, 84
2026/10/09 04:40:08.308, 72.56 W, 1005 MHz, 6251 MHz, 100 %, 84
2026/10/09 04:40:08.809, 72.84 W, 960 MHz, 6251 MHz, 100 %, 83
2026/10/09 04:40:09.309, 73.00 W, 1080 MHz, 6251 MHz, 100 %, 83
2026/10/09 04:40:09.809, 71.30 W, 1035 MHz, 6251 MHz, 100 %, 83
2026/10/09 04:40:10.309, 70.96 W, 1005 MHz, 6251 MHz, 100 %, 83
2026/10/09 04:40:10.809, 72.75 W, 975 MHz, 6251 MHz, 100 %, 83
2026/10/09 04:40:11.309, 72.62 W, 1020 MHz, 6251 MHz, 100 %, 83
2026/10/09 04:40:11.810, 72.52 W, 1050 MHz, 6251 MHz, 100 %, 83
2026/10/09 04:40:12.310, 72.05 W, 1005 MHz, 6251 MHz, 100 %, 83
2026/10/09 04:40:12.810, 71.89 W, 1065 MHz, 6251 MHz, 100 %, 82
2026/10/09 04:40:13.310, 71.64 W, 1095 MHz, 6251 MHz, 100 %, 82
2026/10/09 04:40:13.810, 71.71 W, 1275 MHz, 6251 MHz, 100 %, 81
2026/10/09 04:40:14.310, 71.82 W, 1230 MHz, 6251 MHz, 100 %, 81
2026/10/09 04:40:14.811, 71.93 W, 1275 MHz, 6251 MHz, 100 %, 81
2026/10/09 04:40:15.311, 71.88 W, 1260 MHz, 6251 MHz, 100 %, 81
2026/10/09 04:40:15.811, 72.27 W, 1275 MHz, 6251 MHz, 100 %, 81
2026/10/09 04:40:16.311, 72.02 W, 1290 MHz, 6251 MHz, 100 %, 81
2026/10/09 04:40:16.811, 72.17 W, 1275 MHz, 6251 MHz, 100 %, 80
2026/10/09 04:40:17.311, 72.04 W, 1275 MHz, 6251 MHz, 100 %, 80
2026/10/09 04:40:17.812, 71.39 W, 1320 MHz, 6251 MHz, 100 %, 80
2026/10/09 04:40:18.312, 71.59 W, 1320 MHz, 6251 MHz, 100 %, 80
2026/10/09 04:40:18.812, 71.81 W, 1380 MHz, 6251 MHz, 100 %, 80
2026/10/09 04:40:19.312, 72.09 W, 1350 MHz, 6251 MHz, 100 %, 80
2026/10/09 04:40:19.812, 72.12 W, 1410 MHz, 6251 MHz, 100 %, 80
2026/10/09 04:40:20.312, 72.06 W, 1335 MHz, 6251 MHz, 100 %, 80
2026/10/09 04:40:20.812, 72.15 W, 1485 MHz, 6251 MHz, 100 %, 80
2026/10/09 04:40:21.313, 68.84 W, 1965 MHz, 6251 MHz, 100 %, 78
2026/10/09 04:40:21.813, 63.70 W, 1110 MHz, 6251 MHz, 100 %, 81
2026/10/09 04:40:22.313, 64.57 W, 945 MHz, 6251 MHz, 100 %, 81
2026/10/09 04:40:22.813, 73.56 W, 1095 MHz, 6251 MHz, 83 %, 81
2026/10/09 04:40:23.313, 72.92 W, 990 MHz, 6251 MHz, 100 %, 81
2026/10/09 04:40:23.813, 73.22 W, 1140 MHz, 6251 MHz, 100 %, 81
2026/10/09 04:40:24.314, 69.82 W, 1065 MHz, 6251 MHz, 100 %, 81
2026/10/09 04:40:24.814, 69.69 W, 1110 MHz, 6251 MHz, 100 %, 81
2026/10/09 04:40:25.314, 73.01 W, 960 MHz, 6251 MHz, 100 %, 81
2026/10/09 04:40:25.814, 72.56 W, 1005 MHz, 6251 MHz, 100 %, 80
2026/10/09 04:40:26.314, 72.43 W, 1095 MHz, 6251 MHz, 100 %, 81
2026/10/09 04:40:26.814, 71.57 W, 945 MHz, 6251 MHz, 100 %, 80
2026/10/09 04:40:27.314, 72.09 W, 1065 MHz, 6251 MHz, 100 %, 80
2026/10/09 04:40:27.815, 72.71 W, 975 MHz, 6251 MHz, 83 %, 81
2026/10/09 04:40:28.315, 72.88 W, 1095 MHz, 6251 MHz, 100 %, 80
2026/10/09 04:40:28.815, 73.31 W, 1110 MHz, 6251 MHz, 100 %, 80
2026/10/09 04:40:29.315, 73.08 W, 1050 MHz, 6251 MHz, 100 %, 80
2026/10/09 04:40:29.815, 72.48 W, 1080 MHz, 6251 MHz, 100 %, 80
2026/10/09 04:40:30.315, 71.45 W, 1020 MHz, 6251 MHz, 100 %, 81
2026/10/09 04:40:30.816, 71.26 W, 1095 MHz, 6251 MHz, 100 %, 80
2026/10/09 04:40:31.316, 71.46 W, 1095 MHz, 6251 MHz, 100 %, 80
2026/10/09 04:40:31.816, 72.88 W, 1080 MHz, 6251 MHz, 100 %, 80
2026/10/09 04:40:32.316, 73.17 W, 1050 MHz, 6251 MHz, 100 %, 80
2026/10/09 04:40:32.816, 69.93 W, 1920 MHz, 6251 MHz, 84 %, 78
2026/10/09 04:40:33.316, 55.83 W, 2040 MHz, 6251 MHz, 100 %, 77
2026/10/09 04:40:33.816, 41.09 W, 2040 MHz, 6251 MHz, 0 %, 77
2026/10/09 04:40:34.317, 38.85 W, 2040 MHz, 6251 MHz, 0 %, 76
2026/10/09 04:40:34.817, 35.83 W, 2040 MHz, 6251 MHz, 0 %, 76
2026/10/09 04:40:35.317, 35.70 W, 2040 MHz, 6251 MHz, 0 %, 76
2026/10/09 04:40:35.817, 35.65 W, 2040 MHz, 6251 MHz, 0 %, 76
2026/10/09 04:40:36.317, 35.61 W, 2040 MHz, 6251 MHz, 0 %, 76
2026/10/09 04:40:36.817, 35.53 W, 2040 MHz, 6251 MHz, 0 %, 75
2026/10/09 04:40:37.317, 35.48 W, 2040 MHz, 6251 MHz, 0 %, 75
2026/10/09 04:40:37.817, 35.42 W, 2040 MHz, 6251 MHz, 0 %, 75
2026/10/09 04:40:38.318, 35.40 W, 2040 MHz, 6251 MHz, 0 %, 75
2026/10/09 04:40:38.818, 35.33 W, 2040 MHz, 6251 MHz, 0 %, 75
2026/10/09 04:40:39.318, 35.28 W, 2040 MHz, 6251 MHz, 0 %, 75
2026/10/09 04:40:39.818, 35.25 W, 2040 MHz, 6251 MHz, 0 %, 75
2026/10/09 04:40:40.318, 35.15 W, 2040 MHz, 6251 MHz, 0 %, 75
2026/10/09 04:40:40.818, 35.13 W, 2040 MHz, 6251 MHz, 0 %, 74
2026/10/09 04:40:41.318, 35.12 W, 2040 MHz, 6251 MHz, 0 %, 74
2026/10/09 04:40:41.819, 35.08 W, 2040 MHz, 6251 MHz, 0 %, 74
2026/10/09 04:40:42.319, 35.06 W, 2040 MHz, 6251 MHz, 0 %, 74
2026/10/09 04:40:42.819, 35.05 W, 2040 MHz, 6251 MHz, 0 %, 74
2026/10/09 04:40:43.319, 35.00 W, 2040 MHz, 6251 MHz, 0 %, 74
2026/10/09 04:40:43.819, 34.99 W, 2040 MHz, 6251 MHz, 0 %, 74
2026/10/09 04:40:44.319, 34.91 W, 2040 MHz, 6251 MHz, 0 %, 74
2026/10/09 04:40:44.819, 34.85 W, 2040 MHz, 6251 MHz, 0 %, 74
2026/10/09 04:40:45.320, 34.86 W, 2040 MHz, 6251 MHz, 0 %, 74
2026/10/09 04:40:45.820, 34.80 W, 2040 MHz, 6251 MHz, 0 %, 73
2026/10/09 04:40:46.320, 34.79 W, 2040 MHz, 6251 MHz, 0 %, 73
2026/10/09 04:40:46.820, 34.79 W, 2040 MHz, 6251 MHz, 0 %, 73
2026/10/09 04:40:47.320, 34.75 W, 2040 MHz, 6251 MHz, 0 %, 73
2026/10/09 04:40:47.820, 34.73 W, 2040 MHz, 6251 MHz, 0 %, 73
2026/10/09 04:40:48.320, 34.68 W, 2040 MHz, 6251 MHz, 0 %, 73
2026/10/09 04:40:48.820, 34.71 W, 2040 MHz, 6251 MHz, 0 %, 73
2026/10/09 04:40:49.320, 34.68 W, 2040 MHz, 6251 MHz, 0 %, 73
2026/10/09 04:40:49.821, 34.64 W, 2040 MHz, 6251 MHz, 0 %, 73
2026/10/09 04:40:50.321, 34.65 W, 2040 MHz, 6251 MHz, 0 %, 73
2026/10/09 04:40:50.821, 34.62 W, 2040 MHz, 6251 MHz, 0 %, 73
2026/10/09 04:40:51.321, 34.69 W, 2040 MHz, 6251 MHz, 0 %, 73
2026/10/09 04:40:51.821, 35.15 W, 2040 MHz, 6251 MHz, 0 %, 73
2026/10/09 04:40:52.321, 35.07 W, 2040 MHz, 6251 MHz, 0 %, 73
2026/10/09 04:40:52.821, 34.93 W, 2040 MHz, 6251 MHz, 1 %, 73
2026/10/09 04:40:53.322, 36.37 W, 2040 MHz, 6251 MHz, 86 %, 73
2026/10/09 04:40:53.822, 37.80 W, 2040 MHz, 6251 MHz, 88 %, 73
2026/10/09 04:40:54.322, 38.17 W, 2040 MHz, 6251 MHz, 87 %, 73
2026/10/09 04:40:54.822, 36.55 W, 2040 MHz, 6251 MHz, 0 %, 73
2026/10/09 04:40:55.322, 34.94 W, 2040 MHz, 6251 MHz, 0 %, 73
2026/10/09 04:40:55.822, 34.56 W, 2040 MHz, 6251 MHz, 0 %, 73
2026/10/09 04:40:56.323, 34.52 W, 2040 MHz, 6251 MHz, 0 %, 73
2026/10/09 04:40:56.823, 34.53 W, 2040 MHz, 6251 MHz, 0 %, 73
2026/10/09 04:40:57.323, 34.48 W, 2040 MHz, 6251 MHz, 0 %, 72
2026/10/09 04:40:57.823, 34.46 W, 2040 MHz, 6251 MHz, 0 %, 72
2026/10/09 04:40:58.323, 34.51 W, 2040 MHz, 6251 MHz, 0 %, 72
2026/10/09 04:40:58.824, 34.48 W, 2040 MHz, 6251 MHz, 0 %, 72
2026/10/09 04:40:59.324, 34.51 W, 2040 MHz, 6251 MHz, 0 %, 72
2026/10/09 04:40:59.824, 34.51 W, 2040 MHz, 6251 MHz, 0 %, 72
2026/10/09 04:41:00.324, 34.47 W, 2040 MHz, 6251 MHz, 0 %, 72
2026/10/09 04:41:00.824, 34.47 W, 2040 MHz, 6251 MHz, 0 %, 72
2026/10/09 04:41:01.324, 34.44 W, 2040 MHz, 6251 MHz, 0 %, 72
2026/10/09 04:41:01.825, 34.44 W, 2040 MHz, 6251 MHz, 0 %, 72
2026/10/09 04:41:02.325, 34.46 W, 2040 MHz, 6251 MHz, 0 %, 72
2026/10/09 04:41:02.825, 34.45 W, 2040 MHz, 6251 MHz, 0 %, 72
2026/10/09 04:41:03.325, 34.47 W, 2040 MHz, 6251 MHz, 0 %, 72
2026/10/09 04:41:03.825, 34.50 W, 2040 MHz, 6251 MHz, 0 %, 72
2026/10/09 04:41:04.326, 34.46 W, 2040 MHz, 6251 MHz, 0 %, 72
2026/10/09 04:41:04.826, 34.49 W, 2040 MHz, 6251 MHz, 0 %, 72
2026/10/09 04:41:05.326, 34.51 W, 2040 MHz, 6251 MHz, 0 %, 72
2026/10/09 04:41:05.826, 34.46 W, 2040 MHz, 6251 MHz, 0 %, 72
2026/10/09 04:41:06.326, 34.51 W, 2040 MHz, 6251 MHz, 0 %, 72
2026/10/09 04:41:06.826, 47.96 W, 1740 MHz, 6251 MHz, 98 %, 75
2026/10/09 04:41:07.326, 52.93 W, 2040 MHz, 6251 MHz, 0 %, 73
2026/10/09 04:41:07.827, 42.79 W, 2040 MHz, 6251 MHz, 0 %, 73
2026/10/09 04:41:08.327, 35.06 W, 2040 MHz, 6251 MHz, 0 %, 73
2026/10/09 04:41:08.827, 35.09 W, 2040 MHz, 6251 MHz, 0 %, 73
2026/10/09 04:41:09.327, 48.09 W, 2025 MHz, 6251 MHz, 98 %, 76
2026/10/09 04:41:09.827, 47.95 W, 2040 MHz, 6251 MHz, 0 %, 73
2026/10/09 04:41:10.328, 38.08 W, 2040 MHz, 6251 MHz, 0 %, 73
2026/10/09 04:41:10.828, 34.74 W, 2040 MHz, 6251 MHz, 0 %, 73
2026/10/09 04:41:11.328, 34.65 W, 2040 MHz, 6251 MHz, 0 %, 73
2026/10/09 04:41:11.828, 34.72 W, 2040 MHz, 6251 MHz, 0 %, 73
2026/10/09 04:41:12.328, 34.78 W, 2040 MHz, 6251 MHz, 0 %, 73
2026/10/09 04:41:12.829, 34.71 W, 1755 MHz, 6251 MHz, 0 %, 75
2026/10/09 04:41:13.329, 51.98 W, 1740 MHz, 6251 MHz, 98 %, 77
2026/10/09 04:41:13.829, 55.96 W, 2040 MHz, 6251 MHz, 0 %, 74
2026/10/09 04:41:14.329, 41.67 W, 2040 MHz, 6251 MHz, 0 %, 74
2026/10/09 04:41:14.829, 34.90 W, 2040 MHz, 6251 MHz, 0 %, 74
2026/10/09 04:41:15.329, 34.86 W, 2040 MHz, 6251 MHz, 0 %, 73
2026/10/09 04:41:15.830, 34.76 W, 2040 MHz, 6251 MHz, 0 %, 73
2026/10/09 04:41:16.330, 34.78 W, 2040 MHz, 6251 MHz, 0 %, 73
2026/10/09 04:41:16.830, 34.82 W, 2040 MHz, 6251 MHz, 0 %, 73
2026/10/09 04:41:17.330, 38.02 W, 1785 MHz, 6251 MHz, 0 %, 76
2026/10/09 04:41:17.830, 56.01 W, 1980 MHz, 6251 MHz, 99 %, 75
2026/10/09 04:41:18.330, 56.04 W, 2040 MHz, 6251 MHz, 0 %, 74
2026/10/09 04:41:18.830, 38.59 W, 2040 MHz, 6251 MHz, 0 %, 73
2026/10/09 04:41:19.331, 35.02 W, 2040 MHz, 6251 MHz, 0 %, 73
2026/10/09 04:41:19.831, 35.03 W, 2040 MHz, 6251 MHz, 0 %, 73
2026/10/09 04:41:20.331, 34.93 W, 2040 MHz, 6251 MHz, 0 %, 73
2026/10/09 04:41:20.831, 34.91 W, 2040 MHz, 6251 MHz, 0 %, 73
2026/10/09 04:41:21.331, 34.92 W, 2040 MHz, 6251 MHz, 0 %, 73
2026/10/09 04:41:21.831, 34.86 W, 2040 MHz, 6251 MHz, 0 %, 73
2026/10/09 04:41:22.331, 34.93 W, 2040 MHz, 6251 MHz, 0 %, 73
2026/10/09 04:41:22.831, 34.94 W, 2040 MHz, 6251 MHz, 0 %, 73
2026/10/09 04:41:23.332, 39.51 W, 1920 MHz, 6251 MHz, 7 %, 75
2026/10/09 04:41:23.832, 56.83 W, 1845 MHz, 6251 MHz, 99 %, 76
2026/10/09 04:41:24.332, 66.33 W, 2025 MHz, 6251 MHz, 3 %, 74
2026/10/09 04:41:24.832, 48.80 W, 2040 MHz, 6251 MHz, 0 %, 73
2026/10/09 04:41:25.332, 40.65 W, 2040 MHz, 6251 MHz, 0 %, 73
2026/10/09 04:41:25.832, 40.71 W, 2040 MHz, 6251 MHz, 0 %, 73
2026/10/09 04:41:26.332, 34.90 W, 2040 MHz, 6251 MHz, 0 %, 73
2026/10/09 04:41:26.832, 34.94 W, 2040 MHz, 6251 MHz, 0 %, 73
2026/10/09 04:41:27.333, 34.94 W, 2040 MHz, 6251 MHz, 0 %, 73
2026/10/09 04:41:27.833, 34.86 W, 2040 MHz, 6251 MHz, 0 %, 73
2026/10/09 04:41:28.333, 34.84 W, 2040 MHz, 6251 MHz, 0 %, 73
2026/10/09 04:41:28.833, 34.87 W, 2040 MHz, 6251 MHz, 0 %, 73
2026/10/09 04:41:29.333, 34.79 W, 2040 MHz, 6251 MHz, 0 %, 73
2026/10/09 04:41:29.833, 37.14 W, 2040 MHz, 6251 MHz, 1 %, 73
2026/10/09 04:41:30.334, 55.04 W, 1110 MHz, 6251 MHz, 100 %, 77
2026/10/09 04:41:30.834, 58.25 W, 2025 MHz, 6251 MHz, 0 %, 73
2026/10/09 04:41:31.334, 42.20 W, 2040 MHz, 6251 MHz, 0 %, 73
2026/10/09 04:41:31.834, 35.40 W, 2040 MHz, 6251 MHz, 0 %, 73
2026/10/09 04:41:32.334, 52.02 W, 1155 MHz, 6251 MHz, 100 %, 77
2026/10/09 04:41:32.834, 62.00 W, 1155 MHz, 6251 MHz, 85 %, 77
2026/10/09 04:41:33.334, 68.53 W, 1890 MHz, 6251 MHz, 100 %, 76
2026/10/09 04:41:33.835, 67.96 W, 1185 MHz, 6251 MHz, 84 %, 77
2026/10/09 04:41:34.335, 58.45 W, 1710 MHz, 6251 MHz, 87 %, 77
2026/10/09 04:41:34.835, 60.47 W, 1155 MHz, 6251 MHz, 100 %, 78
2026/10/09 04:41:35.335, 68.76 W, 1710 MHz, 6251 MHz, 100 %, 76
2026/10/09 04:41:35.835, 73.60 W, 1710 MHz, 6251 MHz, 65 %, 76
2026/10/09 04:41:36.335, 69.77 W, 1560 MHz, 6251 MHz, 64 %, 76
2026/10/09 04:41:36.835, 69.20 W, 1455 MHz, 6251 MHz, 62 %, 75
2026/10/09 04:41:37.335, 68.00 W, 1470 MHz, 6251 MHz, 79 %, 75
2026/10/09 04:41:37.836, 65.91 W, 1710 MHz, 6251 MHz, 67 %, 76
2026/10/09 04:41:38.336, 63.99 W, 1680 MHz, 6251 MHz, 66 %, 75
2026/10/09 04:41:38.836, 66.84 W, 1950 MHz, 6251 MHz, 60 %, 76
2026/10/09 04:41:39.336, 67.37 W, 1935 MHz, 6251 MHz, 47 %, 76
2026/10/09 04:41:39.836, 59.51 W, 1035 MHz, 6251 MHz, 78 %, 76
2026/10/09 04:41:40.336, 69.33 W, 1200 MHz, 6251 MHz, 79 %, 75
2026/10/09 04:41:40.836, 80.71 W, 1215 MHz, 6251 MHz, 79 %, 75
2026/10/09 04:41:41.337, 75.49 W, 1560 MHz, 6251 MHz, 68 %, 76
2026/10/09 04:41:41.837, 72.57 W, 1620 MHz, 6251 MHz, 76 %, 75
2026/10/09 04:41:42.337, 68.51 W, 1755 MHz, 6251 MHz, 80 %, 75
2026/10/09 04:41:42.837, 58.09 W, 2025 MHz, 6251 MHz, 0 %, 73
2026/10/09 04:41:43.337, 50.93 W, 1110 MHz, 6251 MHz, 54 %, 76
2026/10/09 04:41:43.837, 42.50 W, 2040 MHz, 6251 MHz, 0 %, 73
2026/10/09 04:41:44.338, 38.41 W, 2040 MHz, 6251 MHz, 6 %, 72
2026/10/09 04:41:44.838, 44.01 W, 1155 MHz, 6251 MHz, 100 %, 75
2026/10/09 04:41:45.338, 44.24 W, 2040 MHz, 6251 MHz, 0 %, 72
2026/10/09 04:41:45.838, 37.97 W, 2040 MHz, 6251 MHz, 0 %, 72
2026/10/09 04:41:46.338, 34.56 W, 2040 MHz, 6251 MHz, 0 %, 72
2026/10/09 04:41:46.838, 34.50 W, 2040 MHz, 6251 MHz, 0 %, 72
2026/10/09 04:41:47.338, 34.45 W, 2040 MHz, 6251 MHz, 0 %, 71
2026/10/09 04:41:47.839, 34.40 W, 2040 MHz, 6251 MHz, 0 %, 71
2026/10/09 04:41:48.339, 34.34 W, 2040 MHz, 6251 MHz, 0 %, 71
2026/10/09 04:41:48.839, 34.31 W, 2040 MHz, 6251 MHz, 0 %, 71
2026/10/09 04:41:49.339, 48.19 W, 1545 MHz, 6251 MHz, 100 %, 73
2026/10/09 04:41:49.839, 65.63 W, 1395 MHz, 6251 MHz, 100 %, 74
2026/10/09 04:41:50.339, 70.52 W, 1545 MHz, 6251 MHz, 100 %, 73
2026/10/09 04:41:50.839, 70.14 W, 1470 MHz, 6251 MHz, 100 %, 74
2026/10/09 04:41:51.340, 66.71 W, 1560 MHz, 6251 MHz, 100 %, 74
2026/10/09 04:41:51.840, 66.90 W, 1560 MHz, 6251 MHz, 100 %, 74
2026/10/09 04:41:52.340, 72.15 W, 1455 MHz, 6251 MHz, 100 %, 73
2026/10/09 04:41:52.840, 72.06 W, 1500 MHz, 6251 MHz, 100 %, 74
2026/10/09 04:41:53.340, 71.97 W, 1455 MHz, 6251 MHz, 100 %, 74
2026/10/09 04:41:53.840, 72.20 W, 1470 MHz, 6251 MHz, 100 %, 74
2026/10/09 04:41:54.340, 72.06 W, 1455 MHz, 6251 MHz, 100 %, 74
2026/10/09 04:41:54.841, 72.18 W, 1470 MHz, 6251 MHz, 100 %, 74
2026/10/09 04:41:55.341, 72.07 W, 1470 MHz, 6251 MHz, 100 %, 74
2026/10/09 04:41:55.841, 72.14 W, 1485 MHz, 6251 MHz, 100 %, 74
2026/10/09 04:41:56.341, 72.12 W, 1455 MHz, 6251 MHz, 100 %, 74
2026/10/09 04:41:56.841, 72.16 W, 1470 MHz, 6251 MHz, 100 %, 74
2026/10/09 04:41:57.341, 72.11 W, 1455 MHz, 6251 MHz, 100 %, 74
2026/10/09 04:41:57.841, 72.11 W, 1470 MHz, 6251 MHz, 100 %, 75
2026/10/09 04:41:58.341, 72.03 W, 1455 MHz, 6251 MHz, 100 %, 74
2026/10/09 04:41:58.842, 72.58 W, 1560 MHz, 6251 MHz, 91 %, 74
2026/10/09 04:41:59.342, 72.43 W, 1455 MHz, 6251 MHz, 100 %, 74
2026/10/09 04:41:59.842, 72.22 W, 1485 MHz, 6251 MHz, 100 %, 75
2026/10/09 04:42:00.342, 71.91 W, 1485 MHz, 6251 MHz, 100 %, 75
2026/10/09 04:42:00.842, 72.03 W, 1470 MHz, 6251 MHz, 100 %, 75
2026/10/09 04:42:01.342, 72.08 W, 1470 MHz, 6251 MHz, 100 %, 75
2026/10/09 04:42:01.842, 71.96 W, 1470 MHz, 6251 MHz, 100 %, 75
2026/10/09 04:42:02.343, 72.08 W, 1485 MHz, 6251 MHz, 100 %, 75
2026/10/09 04:42:02.843, 72.04 W, 1470 MHz, 6251 MHz, 100 %, 75
2026/10/09 04:42:03.343, 72.13 W, 1500 MHz, 6251 MHz, 100 %, 75
2026/10/09 04:42:03.843, 72.08 W, 1470 MHz, 6251 MHz, 100 %, 75
2026/10/09 04:42:04.343, 72.08 W, 1470 MHz, 6251 MHz, 100 %, 75
2026/10/09 04:42:04.843, 72.03 W, 1470 MHz, 6251 MHz, 100 %, 75
2026/10/09 04:42:05.343, 72.20 W, 1470 MHz, 6251 MHz, 100 %, 76
2026/10/09 04:42:05.844, 72.02 W, 1455 MHz, 6251 MHz, 100 %, 76
2026/10/09 04:42:06.344, 72.08 W, 1470 MHz, 6251 MHz, 100 %, 76
2026/10/09 04:42:06.844, 72.00 W, 1470 MHz, 6251 MHz, 100 %, 76
2026/10/09 04:42:07.344, 72.01 W, 1455 MHz, 6251 MHz, 100 %, 76
2026/10/09 04:42:07.844, 72.12 W, 1470 MHz, 6251 MHz, 100 %, 76
2026/10/09 04:42:08.344, 72.25 W, 1470 MHz, 6251 MHz, 100 %, 76
2026/10/09 04:42:08.844, 72.18 W, 1470 MHz, 6251 MHz, 100 %, 76
2026/10/09 04:42:09.344, 72.05 W, 1470 MHz, 6251 MHz, 100 %, 76
2026/10/09 04:42:09.845, 71.96 W, 1470 MHz, 6251 MHz, 100 %, 76
2026/10/09 04:42:10.345, 71.91 W, 1455 MHz, 6251 MHz, 100 %, 76
2026/10/09 04:42:10.845, 71.89 W, 1455 MHz, 6251 MHz, 100 %, 77
2026/10/09 04:42:11.345, 71.96 W, 1455 MHz, 6251 MHz, 100 %, 77
2026/10/09 04:42:11.845, 71.81 W, 1470 MHz, 6251 MHz, 100 %, 77
2026/10/09 04:42:12.345, 71.76 W, 1470 MHz, 6251 MHz, 100 %, 77
2026/10/09 04:42:12.845, 71.90 W, 1440 MHz, 6251 MHz, 100 %, 77
2026/10/09 04:42:13.346, 71.83 W, 1440 MHz, 6251 MHz, 100 %, 77
2026/10/09 04:42:13.846, 71.84 W, 1425 MHz, 6251 MHz, 100 %, 77
2026/10/09 04:42:14.346, 71.19 W, 1440 MHz, 6251 MHz, 91 %, 77
2026/10/09 04:42:14.846, 71.47 W, 1440 MHz, 6251 MHz, 100 %, 77
2026/10/09 04:42:15.346, 71.81 W, 1440 MHz, 6251 MHz, 100 %, 77
2026/10/09 04:42:15.846, 71.85 W, 1440 MHz, 6251 MHz, 100 %, 78
2026/10/09 04:42:16.346, 72.00 W, 1425 MHz, 6251 MHz, 100 %, 78
2026/10/09 04:42:16.847, 71.90 W, 1440 MHz, 6251 MHz, 100 %, 78
2026/10/09 04:42:17.347, 71.95 W, 1425 MHz, 6251 MHz, 100 %, 78
2026/10/09 04:42:17.847, 72.10 W, 1440 MHz, 6251 MHz, 100 %, 78
2026/10/09 04:42:18.347, 72.02 W, 1425 MHz, 6251 MHz, 100 %, 78
2026/10/09 04:42:18.847, 72.06 W, 1425 MHz, 6251 MHz, 100 %, 78
2026/10/09 04:42:19.347, 72.10 W, 1425 MHz, 6251 MHz, 100 %, 78
2026/10/09 04:42:19.847, 72.13 W, 1425 MHz, 6251 MHz, 100 %, 79
2026/10/09 04:42:20.348, 72.16 W, 1410 MHz, 6251 MHz, 100 %, 79
2026/10/09 04:42:20.848, 72.22 W, 1425 MHz, 6251 MHz, 100 %, 79
2026/10/09 04:42:21.348, 72.07 W, 1425 MHz, 6251 MHz, 100 %, 79
2026/10/09 04:42:21.848, 72.10 W, 1215 MHz, 6251 MHz, 97 %, 80
2026/10/09 04:42:22.348, 71.72 W, 1440 MHz, 6251 MHz, 100 %, 79
2026/10/09 04:42:22.848, 71.60 W, 1365 MHz, 6251 MHz, 100 %, 79
2026/10/09 04:42:23.349, 72.04 W, 1425 MHz, 6251 MHz, 100 %, 80
2026/10/09 04:42:23.849, 72.08 W, 1365 MHz, 6251 MHz, 100 %, 80
2026/10/09 04:42:24.349, 72.22 W, 1425 MHz, 6251 MHz, 100 %, 80
2026/10/09 04:42:24.849, 71.99 W, 1365 MHz, 6251 MHz, 100 %, 80
2026/10/09 04:42:25.349, 72.10 W, 1425 MHz, 6251 MHz, 100 %, 80
2026/10/09 04:42:25.849, 71.95 W, 1350 MHz, 6251 MHz, 100 %, 80
2026/10/09 04:42:26.349, 72.08 W, 1425 MHz, 6251 MHz, 100 %, 80
2026/10/09 04:42:26.850, 71.88 W, 1380 MHz, 6251 MHz, 100 %, 80
2026/10/09 04:42:27.350, 72.18 W, 1440 MHz, 6251 MHz, 100 %, 81
2026/10/09 04:42:27.850, 71.85 W, 1350 MHz, 6251 MHz, 100 %, 81
2026/10/09 04:42:28.350, 72.11 W, 1425 MHz, 6251 MHz, 100 %, 81
2026/10/09 04:42:28.850, 72.01 W, 1350 MHz, 6251 MHz, 100 %, 81
2026/10/09 04:42:29.350, 72.21 W, 1410 MHz, 6251 MHz, 100 %, 81
2026/10/09 04:42:29.850, 71.15 W, 1395 MHz, 6251 MHz, 100 %, 81
2026/10/09 04:42:30.351, 71.24 W, 1410 MHz, 6251 MHz, 100 %, 81
2026/10/09 04:42:30.851, 72.20 W, 1380 MHz, 6251 MHz, 100 %, 81
2026/10/09 04:42:31.351, 72.09 W, 1380 MHz, 6251 MHz, 100 %, 82
2026/10/09 04:42:31.851, 72.12 W, 1395 MHz, 6251 MHz, 100 %, 82
2026/10/09 04:42:32.351, 72.16 W, 1380 MHz, 6251 MHz, 100 %, 82
2026/10/09 04:42:32.851, 72.20 W, 1410 MHz, 6251 MHz, 100 %, 82
2026/10/09 04:42:33.351, 72.14 W, 1380 MHz, 6251 MHz, 100 %, 82
2026/10/09 04:42:33.852, 72.14 W, 1380 MHz, 6251 MHz, 100 %, 82
2026/10/09 04:42:34.352, 72.05 W, 1350 MHz, 6251 MHz, 100 %, 82
2026/10/09 04:42:34.852, 71.90 W, 1395 MHz, 6251 MHz, 100 %, 83
2026/10/09 04:42:35.352, 71.92 W, 1380 MHz, 6251 MHz, 100 %, 83
2026/10/09 04:42:35.852, 72.01 W, 1380 MHz, 6251 MHz, 100 %, 83
2026/10/09 04:42:36.352, 72.04 W, 1380 MHz, 6251 MHz, 100 %, 83
2026/10/09 04:42:36.852, 72.02 W, 1380 MHz, 6251 MHz, 100 %, 83
2026/10/09 04:42:37.353, 70.99 W, 1335 MHz, 6251 MHz, 95 %, 83
2026/10/09 04:42:37.853, 71.24 W, 1380 MHz, 6251 MHz, 100 %, 84
2026/10/09 04:42:38.353, 71.67 W, 1365 MHz, 6251 MHz, 100 %, 84
2026/10/09 04:42:38.853, 72.19 W, 1380 MHz, 6251 MHz, 100 %, 84
2026/10/09 04:42:39.353, 72.01 W, 1365 MHz, 6251 MHz, 100 %, 84
2026/10/09 04:42:39.853, 72.15 W, 1380 MHz, 6251 MHz, 100 %, 84
2026/10/09 04:42:40.353, 72.09 W, 1350 MHz, 6251 MHz, 100 %, 84
2026/10/09 04:42:40.853, 72.17 W, 1380 MHz, 6251 MHz, 100 %, 84
2026/10/09 04:42:41.354, 72.09 W, 1380 MHz, 6251 MHz, 100 %, 84
2026/10/09 04:42:41.854, 72.13 W, 1380 MHz, 6251 MHz, 100 %, 84
2026/10/09 04:42:42.354, 72.02 W, 1365 MHz, 6251 MHz, 100 %, 84
2026/10/09 04:42:42.854, 72.03 W, 1395 MHz, 6251 MHz, 100 %, 83
2026/10/09 04:42:43.354, 72.06 W, 1365 MHz, 6251 MHz, 100 %, 83
2026/10/09 04:42:43.854, 72.03 W, 1365 MHz, 6251 MHz, 100 %, 83
2026/10/09 04:42:44.354, 71.96 W, 1380 MHz, 6251 MHz, 100 %, 83
2026/10/09 04:42:44.855, 72.14 W, 1380 MHz, 6251 MHz, 100 %, 83
2026/10/09 04:42:45.355, 71.68 W, 1380 MHz, 6251 MHz, 100 %, 83
2026/10/09 04:42:45.855, 71.61 W, 1380 MHz, 6251 MHz, 100 %, 82
2026/10/09 04:42:46.355, 72.01 W, 1365 MHz, 6251 MHz, 100 %, 82
2026/10/09 04:42:46.855, 72.09 W, 1380 MHz, 6251 MHz, 100 %, 82
2026/10/09 04:42:47.355, 72.02 W, 1395 MHz, 6251 MHz, 100 %, 82
2026/10/09 04:42:47.855, 72.09 W, 1395 MHz, 6251 MHz, 100 %, 82
2026/10/09 04:42:48.356, 72.11 W, 1395 MHz, 6251 MHz, 100 %, 82
2026/10/09 04:42:48.856, 72.19 W, 1395 MHz, 6251 MHz, 100 %, 82
2026/10/09 04:42:49.356, 72.16 W, 1380 MHz, 6251 MHz, 100 %, 82
2026/10/09 04:42:49.856, 72.05 W, 1395 MHz, 6251 MHz, 100 %, 81
2026/10/09 04:42:50.356, 72.16 W, 1410 MHz, 6251 MHz, 100 %, 81
2026/10/09 04:42:50.856, 72.09 W, 1380 MHz, 6251 MHz, 100 %, 81
2026/10/09 04:42:51.356, 72.12 W, 1395 MHz, 6251 MHz, 100 %, 81
2026/10/09 04:42:51.857, 72.01 W, 1380 MHz, 6251 MHz, 100 %, 81
2026/10/09 04:42:52.357, 72.13 W, 1395 MHz, 6251 MHz, 100 %, 81
2026/10/09 04:42:52.857, 71.59 W, 1410 MHz, 6251 MHz, 100 %, 81
2026/10/09 04:42:53.357, 71.72 W, 1395 MHz, 6251 MHz, 100 %, 81
2026/10/09 04:42:53.857, 72.11 W, 1410 MHz, 6251 MHz, 100 %, 80
2026/10/09 04:42:54.357, 72.02 W, 1395 MHz, 6251 MHz, 100 %, 80
2026/10/09 04:42:54.858, 72.13 W, 1395 MHz, 6251 MHz, 100 %, 80
2026/10/09 04:42:55.358, 72.21 W, 1425 MHz, 6251 MHz, 100 %, 80
2026/10/09 04:42:55.858, 72.04 W, 1410 MHz, 6251 MHz, 100 %, 80
2026/10/09 04:42:56.358, 72.12 W, 1410 MHz, 6251 MHz, 100 %, 80
2026/10/09 04:42:56.858, 72.13 W, 1395 MHz, 6251 MHz, 100 %, 80
2026/10/09 04:42:57.358, 72.15 W, 1425 MHz, 6251 MHz, 100 %, 80
2026/10/09 04:42:57.858, 72.01 W, 1395 MHz, 6251 MHz, 100 %, 80
2026/10/09 04:42:58.359, 72.08 W, 1410 MHz, 6251 MHz, 100 %, 80
2026/10/09 04:42:58.859, 72.09 W, 1395 MHz, 6251 MHz, 100 %, 80
2026/10/09 04:42:59.359, 72.14 W, 1410 MHz, 6251 MHz, 100 %, 80
2026/10/09 04:42:59.859, 72.08 W, 1425 MHz, 6251 MHz, 100 %, 80
2026/10/09 04:43:00.359, 70.66 W, 1200 MHz, 6251 MHz, 94 %, 81
2026/10/09 04:43:00.859, 70.85 W, 1425 MHz, 6251 MHz, 100 %, 80
2026/10/09 04:43:01.360, 71.49 W, 1380 MHz, 6251 MHz, 100 %, 80
2026/10/09 04:43:01.860, 71.92 W, 1425 MHz, 6251 MHz, 100 %, 79
2026/10/09 04:43:02.360, 71.91 W, 1395 MHz, 6251 MHz, 100 %, 79
2026/10/09 04:43:02.860, 71.95 W, 1440 MHz, 6251 MHz, 100 %, 79
2026/10/09 04:43:03.360, 71.99 W, 1395 MHz, 6251 MHz, 100 %, 79
2026/10/09 04:43:03.860, 71.96 W, 1440 MHz, 6251 MHz, 100 %, 79
2026/10/09 04:43:04.360, 72.12 W, 1425 MHz, 6251 MHz, 100 %, 79
2026/10/09 04:43:04.860, 72.11 W, 1410 MHz, 6251 MHz, 100 %, 79
2026/10/09 04:43:05.361, 72.04 W, 1425 MHz, 6251 MHz, 100 %, 79
2026/10/09 04:43:05.861, 72.02 W, 1425 MHz, 6251 MHz, 100 %, 79
2026/10/09 04:43:06.361, 72.08 W, 1425 MHz, 6251 MHz, 100 %, 79
2026/10/09 04:43:06.861, 72.08 W, 1425 MHz, 6251 MHz, 100 %, 79
2026/10/09 04:43:07.361, 72.15 W, 1410 MHz, 6251 MHz, 100 %, 79
2026/10/09 04:43:07.861, 72.00 W, 1410 MHz, 6251 MHz, 100 %, 79
2026/10/09 04:43:08.362, 69.87 W, 1485 MHz, 6251 MHz, 100 %, 79
2026/10/09 04:43:08.862, 69.96 W, 1410 MHz, 6251 MHz, 100 %, 79
2026/10/09 04:43:09.362, 72.17 W, 1455 MHz, 6251 MHz, 100 %, 79
2026/10/09 04:43:09.862, 72.02 W, 1410 MHz, 6251 MHz, 100 %, 79
2026/10/09 04:43:10.362, 72.07 W, 1440 MHz, 6251 MHz, 100 %, 79
2026/10/09 04:43:10.862, 71.97 W, 1410 MHz, 6251 MHz, 100 %, 79
2026/10/09 04:43:11.363, 71.99 W, 1440 MHz, 6251 MHz, 100 %, 79
2026/10/09 04:43:11.863, 72.11 W, 1410 MHz, 6251 MHz, 100 %, 79
2026/10/09 04:43:12.363, 72.04 W, 1410 MHz, 6251 MHz, 100 %, 79
2026/10/09 04:43:12.863, 72.02 W, 1410 MHz, 6251 MHz, 100 %, 79
2026/10/09 04:43:13.363, 72.01 W, 1410 MHz, 6251 MHz, 100 %, 79
2026/10/09 04:43:13.863, 71.97 W, 1425 MHz, 6251 MHz, 100 %, 79
2026/10/09 04:43:14.363, 71.84 W, 1425 MHz, 6251 MHz, 100 %, 79
2026/10/09 04:43:14.864, 72.04 W, 1425 MHz, 6251 MHz, 100 %, 79
2026/10/09 04:43:15.364, 71.96 W, 1425 MHz, 6251 MHz, 100 %, 79
2026/10/09 04:43:15.864, 70.15 W, 1305 MHz, 6251 MHz, 92 %, 80
2026/10/09 04:43:16.364, 70.37 W, 1425 MHz, 6251 MHz, 100 %, 79
2026/10/09 04:43:16.864, 71.50 W, 1365 MHz, 6251 MHz, 100 %, 80
2026/10/09 04:43:17.364, 72.06 W, 1410 MHz, 6251 MHz, 100 %, 80
2026/10/09 04:43:17.865, 71.84 W, 1395 MHz, 6251 MHz, 100 %, 80
2026/10/09 04:43:18.365, 71.99 W, 1425 MHz, 6251 MHz, 100 %, 80
2026/10/09 04:43:18.865, 71.89 W, 1410 MHz, 6251 MHz, 100 %, 80
2026/10/09 04:43:19.365, 71.86 W, 1425 MHz, 6251 MHz, 100 %, 80
2026/10/09 04:43:19.865, 71.88 W, 1395 MHz, 6251 MHz, 100 %, 80
2026/10/09 04:43:20.365, 71.83 W, 1425 MHz, 6251 MHz, 100 %, 80
2026/10/09 04:43:20.866, 71.72 W, 1380 MHz, 6251 MHz, 100 %, 80
2026/10/09 04:43:21.366, 71.95 W, 1425 MHz, 6251 MHz, 100 %, 80
2026/10/09 04:43:21.866, 71.78 W, 1380 MHz, 6251 MHz, 100 %, 80
2026/10/09 04:43:22.366, 71.92 W, 1425 MHz, 6251 MHz, 100 %, 80
2026/10/09 04:43:22.866, 71.84 W, 1380 MHz, 6251 MHz, 100 %, 80
2026/10/09 04:43:23.367, 72.00 W, 1425 MHz, 6251 MHz, 100 %, 80
2026/10/09 04:43:23.867, 70.69 W, 1410 MHz, 6251 MHz, 100 %, 80
2026/10/09 04:43:24.367, 70.89 W, 1455 MHz, 6251 MHz, 100 %, 80
2026/10/09 04:43:24.867, 72.09 W, 1395 MHz, 6251 MHz, 100 %, 80
2026/10/09 04:43:25.367, 71.93 W, 1425 MHz, 6251 MHz, 100 %, 80
2026/10/09 04:43:25.867, 71.89 W, 1395 MHz, 6251 MHz, 100 %, 80
2026/10/09 04:43:26.367, 72.02 W, 1380 MHz, 6251 MHz, 100 %, 81
2026/10/09 04:43:26.868, 71.88 W, 1380 MHz, 6251 MHz, 100 %, 81
2026/10/09 04:43:27.368, 71.96 W, 1410 MHz, 6251 MHz, 100 %, 81
2026/10/09 04:43:27.868, 71.81 W, 1410 MHz, 6251 MHz, 100 %, 81
2026/10/09 04:43:28.368, 71.90 W, 1425 MHz, 6251 MHz, 100 %, 81
2026/10/09 04:43:28.868, 71.94 W, 1395 MHz, 6251 MHz, 100 %, 81
2026/10/09 04:43:29.368, 72.09 W, 1425 MHz, 6251 MHz, 100 %, 81
2026/10/09 04:43:29.869, 71.99 W, 1380 MHz, 6251 MHz, 100 %, 81
2026/10/09 04:43:30.369, 71.97 W, 1425 MHz, 6251 MHz, 100 %, 81
2026/10/09 04:43:30.869, 72.01 W, 1380 MHz, 6251 MHz, 100 %, 81
2026/10/09 04:43:31.369, 62.79 W, 2025 MHz, 6251 MHz, 0 %, 80
2026/10/09 04:43:31.869, 64.04 W, 1605 MHz, 6251 MHz, 100 %, 81
2026/10/09 04:43:32.369, 70.33 W, 1440 MHz, 6251 MHz, 100 %, 81
2026/10/09 04:43:32.869, 72.25 W, 1560 MHz, 6251 MHz, 100 %, 81
2026/10/09 04:43:33.370, 71.94 W, 1410 MHz, 6251 MHz, 100 %, 81
2026/10/09 04:43:33.870, 72.27 W, 1515 MHz, 6251 MHz, 100 %, 82
2026/10/09 04:43:34.370, 72.05 W, 1395 MHz, 6251 MHz, 100 %, 82
2026/10/09 04:43:34.870, 72.33 W, 1515 MHz, 6251 MHz, 100 %, 82
2026/10/09 04:43:35.370, 71.96 W, 1440 MHz, 6251 MHz, 100 %, 82
2026/10/09 04:43:35.870, 72.26 W, 1440 MHz, 6251 MHz, 100 %, 82
2026/10/09 04:43:36.370, 72.09 W, 1380 MHz, 6251 MHz, 100 %, 82
2026/10/09 04:43:36.871, 72.88 W, 975 MHz, 6251 MHz, 100 %, 83
2026/10/09 04:43:37.371, 71.53 W, 1455 MHz, 6251 MHz, 100 %, 82
2026/10/09 04:43:37.871, 71.40 W, 1380 MHz, 6251 MHz, 100 %, 82
2026/10/09 04:43:38.371, 71.79 W, 1305 MHz, 6251 MHz, 100 %, 82
2026/10/09 04:43:38.871, 72.31 W, 1320 MHz, 6251 MHz, 100 %, 82
2026/10/09 04:43:39.371, 71.41 W, 1320 MHz, 6251 MHz, 100 %, 83
2026/10/09 04:43:39.872, 71.97 W, 1350 MHz, 6251 MHz, 100 %, 83
2026/10/09 04:43:40.372, 72.00 W, 1350 MHz, 6251 MHz, 100 %, 83
2026/10/09 04:43:40.872, 71.66 W, 1335 MHz, 6251 MHz, 100 %, 83
2026/10/09 04:43:41.372, 71.78 W, 1380 MHz, 6251 MHz, 100 %, 83
2026/10/09 04:43:41.872, 72.13 W, 1395 MHz, 6251 MHz, 100 %, 83
2026/10/09 04:43:42.372, 71.99 W, 1425 MHz, 6251 MHz, 100 %, 83
2026/10/09 04:43:42.872, 72.28 W, 900 MHz, 6251 MHz, 100 %, 84
2026/10/09 04:43:43.373, 71.88 W, 1395 MHz, 6251 MHz, 100 %, 83
2026/10/09 04:43:43.873, 71.92 W, 1320 MHz, 6251 MHz, 100 %, 83
2026/10/09 04:43:44.373, 71.07 W, 1455 MHz, 6251 MHz, 100 %, 83
2026/10/09 04:43:44.873, 71.27 W, 1395 MHz, 6251 MHz, 100 %, 83
2026/10/09 04:43:45.373, 71.96 W, 930 MHz, 6251 MHz, 100 %, 84
2026/10/09 04:43:45.873, 71.41 W, 1425 MHz, 6251 MHz, 100 %, 83
2026/10/09 04:43:46.374, 71.69 W, 1380 MHz, 6251 MHz, 100 %, 83
2026/10/09 04:43:46.874, 72.42 W, 870 MHz, 6251 MHz, 100 %, 84
2026/10/09 04:43:47.374, 71.39 W, 1440 MHz, 6251 MHz, 100 %, 83
2026/10/09 04:43:47.874, 71.36 W, 1470 MHz, 6251 MHz, 100 %, 83
2026/10/09 04:43:48.374, 72.47 W, 1455 MHz, 6251 MHz, 100 %, 83
2026/10/09 04:43:48.874, 72.42 W, 1455 MHz, 6251 MHz, 100 %, 83
2026/10/09 04:43:49.375, 72.24 W, 1440 MHz, 6251 MHz, 100 %, 83
2026/10/09 04:43:49.875, 71.81 W, 1455 MHz, 6251 MHz, 100 %, 83
2026/10/09 04:43:50.375, 71.99 W, 1410 MHz, 6251 MHz, 100 %, 83
2026/10/09 04:43:50.875, 71.97 W, 1410 MHz, 6251 MHz, 100 %, 83
2026/10/09 04:43:51.375, 72.04 W, 1410 MHz, 6251 MHz, 100 %, 83
2026/10/09 04:43:51.875, 71.98 W, 1425 MHz, 6251 MHz, 100 %, 83
2026/10/09 04:43:52.375, 72.06 W, 1410 MHz, 6251 MHz, 100 %, 83
2026/10/09 04:43:52.876, 72.00 W, 1455 MHz, 6251 MHz, 100 %, 83
2026/10/09 04:43:53.376, 72.00 W, 1455 MHz, 6251 MHz, 100 %, 83
2026/10/09 04:43:53.876, 72.56 W, 1065 MHz, 6251 MHz, 100 %, 83
2026/10/09 04:43:54.376, 72.17 W, 1155 MHz, 6251 MHz, 100 %, 84
2026/10/09 04:43:54.876, 71.62 W, 1155 MHz, 6251 MHz, 100 %, 83
2026/10/09 04:43:55.376, 72.74 W, 1380 MHz, 6251 MHz, 100 %, 83
2026/10/09 04:43:55.877, 71.40 W, 1365 MHz, 6251 MHz, 100 %, 83
2026/10/09 04:43:56.377, 72.12 W, 1455 MHz, 6251 MHz, 100 %, 83
2026/10/09 04:43:56.877, 72.45 W, 1425 MHz, 6251 MHz, 100 %, 83
2026/10/09 04:43:57.377, 72.15 W, 1440 MHz, 6251 MHz, 100 %, 83
2026/10/09 04:43:57.877, 71.93 W, 1380 MHz, 6251 MHz, 100 %, 83
2026/10/09 04:43:58.377, 72.18 W, 1395 MHz, 6251 MHz, 100 %, 83
2026/10/09 04:43:58.878, 72.04 W, 885 MHz, 6251 MHz, 100 %, 84
2026/10/09 04:43:59.378, 72.21 W, 1305 MHz, 6251 MHz, 100 %, 83
2026/10/09 04:43:59.878, 73.43 W, 750 MHz, 6251 MHz, 100 %, 84
2026/10/09 04:44:00.378, 72.54 W, 1395 MHz, 6251 MHz, 100 %, 83
2026/10/09 04:44:00.878, 72.86 W, 1305 MHz, 6251 MHz, 100 %, 83
2026/10/09 04:44:01.378, 72.06 W, 705 MHz, 6251 MHz, 100 %, 84
2026/10/09 04:44:01.878, 71.20 W, 1335 MHz, 6251 MHz, 100 %, 83
2026/10/09 04:44:02.379, 72.84 W, 1335 MHz, 6251 MHz, 100 %, 83
2026/10/09 04:44:02.879, 72.62 W, 960 MHz, 6251 MHz, 100 %, 84
2026/10/09 04:44:03.379, 72.93 W, 1380 MHz, 6251 MHz, 100 %, 83
2026/10/09 04:44:03.879, 72.01 W, 1290 MHz, 6251 MHz, 100 %, 83
2026/10/09 04:44:04.379, 72.42 W, 1380 MHz, 6251 MHz, 100 %, 83
2026/10/09 04:44:04.879, 72.48 W, 1320 MHz, 6251 MHz, 100 %, 82
2026/10/09 04:44:05.380, 72.46 W, 1455 MHz, 6251 MHz, 100 %, 82
2026/10/09 04:44:05.880, 72.08 W, 1245 MHz, 6251 MHz, 100 %, 82
2026/10/09 04:44:06.380, 72.23 W, 1245 MHz, 6251 MHz, 100 %, 82
2026/10/09 04:44:06.880, 71.74 W, 1350 MHz, 6251 MHz, 100 %, 82
2026/10/09 04:44:07.380, 71.84 W, 690 MHz, 6251 MHz, 100 %, 82
2026/10/09 04:44:07.880, 72.19 W, 705 MHz, 6251 MHz, 100 %, 82
2026/10/09 04:44:08.380, 72.10 W, 930 MHz, 6251 MHz, 100 %, 81
2026/10/09 04:44:08.881, 71.35 W, 1260 MHz, 6251 MHz, 100 %, 81
2026/10/09 04:44:09.381, 72.42 W, 1080 MHz, 6251 MHz, 100 %, 80
2026/10/09 04:44:09.881, 72.38 W, 705 MHz, 6251 MHz, 100 %, 81
2026/10/09 04:44:10.381, 72.29 W, 1350 MHz, 6251 MHz, 100 %, 80
2026/10/09 04:44:10.881, 71.57 W, 1275 MHz, 6251 MHz, 100 %, 80
2026/10/09 04:44:11.381, 71.29 W, 660 MHz, 6251 MHz, 100 %, 81
2026/10/09 04:44:11.881, 71.40 W, 870 MHz, 6251 MHz, 100 %, 80
2026/10/09 04:44:12.382, 70.82 W, 1410 MHz, 6251 MHz, 100 %, 79
2026/10/09 04:44:12.882, 71.01 W, 1380 MHz, 6251 MHz, 100 %, 79
2026/10/09 04:44:13.382, 71.43 W, 1185 MHz, 6251 MHz, 100 %, 79
2026/10/09 04:44:13.882, 71.96 W, 1440 MHz, 6251 MHz, 100 %, 79
2026/10/09 04:44:14.382, 72.24 W, 1365 MHz, 6251 MHz, 100 %, 79
2026/10/09 04:44:14.882, 71.57 W, 1020 MHz, 6251 MHz, 100 %, 79
2026/10/09 04:44:15.383, 71.42 W, 810 MHz, 6251 MHz, 100 %, 79
2026/10/09 04:44:15.883, 70.34 W, 1170 MHz, 6251 MHz, 100 %, 78
2026/10/09 04:44:16.383, 71.62 W, 1425 MHz, 6251 MHz, 100 %, 78
2026/10/09 04:44:16.883, 71.77 W, 1260 MHz, 6251 MHz, 100 %, 78
2026/10/09 04:44:17.383, 71.37 W, 1395 MHz, 6251 MHz, 100 %, 78
2026/10/09 04:44:17.884, 71.54 W, 1290 MHz, 6251 MHz, 100 %, 78
2026/10/09 04:44:18.384, 72.30 W, 1425 MHz, 6251 MHz, 100 %, 78
2026/10/09 04:44:18.884, 71.93 W, 1335 MHz, 6251 MHz, 100 %, 77
2026/10/09 04:44:19.384, 72.21 W, 1395 MHz, 6251 MHz, 100 %, 77
2026/10/09 04:44:19.884, 71.99 W, 1380 MHz, 6251 MHz, 100 %, 77
2026/10/09 04:44:20.384, 72.05 W, 1410 MHz, 6251 MHz, 100 %, 77
2026/10/09 04:44:20.885, 71.86 W, 1365 MHz, 6251 MHz, 100 %, 77
2026/10/09 04:44:21.385, 72.05 W, 1425 MHz, 6251 MHz, 100 %, 77
2026/10/09 04:44:21.885, 72.20 W, 1440 MHz, 6251 MHz, 100 %, 77
2026/10/09 04:44:22.385, 72.09 W, 1485 MHz, 6251 MHz, 100 %, 77
2026/10/09 04:44:22.885, 71.82 W, 1455 MHz, 6251 MHz, 100 %, 77
2026/10/09 04:44:23.386, 71.99 W, 1470 MHz, 6251 MHz, 100 %, 77
2026/10/09 04:44:23.886, 71.92 W, 1470 MHz, 6251 MHz, 100 %, 77
2026/10/09 04:44:24.386, 72.09 W, 1545 MHz, 6251 MHz, 100 %, 77
2026/10/09 04:44:24.886, 72.06 W, 1425 MHz, 6251 MHz, 100 %, 77
2026/10/09 04:44:25.386, 72.19 W, 1455 MHz, 6251 MHz, 100 %, 77
2026/10/09 04:44:25.886, 68.69 W, 2025 MHz, 6251 MHz, 99 %, 75
2026/10/09 04:44:26.387, 52.10 W, 2040 MHz, 6251 MHz, 0 %, 74
2026/10/09 04:44:26.887, 35.31 W, 2040 MHz, 6251 MHz, 0 %, 74
2026/10/09 04:44:27.387, 35.27 W, 2040 MHz, 6251 MHz, 0 %, 74
2026/10/09 04:44:27.887, 35.17 W, 2040 MHz, 6251 MHz, 0 %, 73
2026/10/09 04:44:28.387, 35.06 W, 2040 MHz, 6251 MHz, 0 %, 73
2026/10/09 04:44:28.887, 39.75 W, 960 MHz, 6251 MHz, 0 %, 73
2026/10/09 04:44:29.388, 56.89 W, 1290 MHz, 6251 MHz, 100 %, 76
2026/10/09 04:44:29.888, 74.44 W, 1215 MHz, 6251 MHz, 100 %, 76
2026/10/09 04:44:30.388, 71.75 W, 915 MHz, 6251 MHz, 100 %, 76
2026/10/09 04:44:30.888, 71.45 W, 735 MHz, 6251 MHz, 100 %, 75
2026/10/09 04:44:31.388, 71.49 W, 1440 MHz, 6251 MHz, 100 %, 75
2026/10/09 04:44:31.888, 71.15 W, 1455 MHz, 6251 MHz, 100 %, 75
2026/10/09 04:44:32.388, 71.88 W, 1035 MHz, 6251 MHz, 100 %, 76
2026/10/09 04:44:32.889, 71.07 W, 1305 MHz, 6251 MHz, 100 %, 76
2026/10/09 04:44:33.389, 70.46 W, 930 MHz, 6251 MHz, 100 %, 76
2026/10/09 04:44:33.889, 70.83 W, 990 MHz, 6251 MHz, 100 %, 76
2026/10/09 04:44:34.389, 71.61 W, 855 MHz, 6251 MHz, 100 %, 76
2026/10/09 04:44:34.889, 71.34 W, 900 MHz, 6251 MHz, 100 %, 76
2026/10/09 04:44:35.389, 70.90 W, 780 MHz, 6251 MHz, 100 %, 76
2026/10/09 04:44:35.890, 71.69 W, 1035 MHz, 6251 MHz, 100 %, 77
2026/10/09 04:44:36.390, 70.73 W, 1215 MHz, 6251 MHz, 100 %, 77
2026/10/09 04:44:36.890, 70.72 W, 1110 MHz, 6251 MHz, 100 %, 77
2026/10/09 04:44:37.390, 71.85 W, 1005 MHz, 6251 MHz, 100 %, 77
2026/10/09 04:44:37.890, 71.77 W, 870 MHz, 6251 MHz, 100 %, 76
2026/10/09 04:44:38.390, 71.63 W, 810 MHz, 6251 MHz, 100 %, 77
2026/10/09 04:44:38.891, 72.37 W, 1005 MHz, 6251 MHz, 100 %, 76
2026/10/09 04:44:39.391, 72.08 W, 975 MHz, 6251 MHz, 100 %, 77
2026/10/09 04:44:39.891, 72.12 W, 1230 MHz, 6251 MHz, 100 %, 75
2026/10/09 04:44:40.391, 71.64 W, 930 MHz, 6251 MHz, 100 %, 76
2026/10/09 04:44:40.891, 71.95 W, 1005 MHz, 6251 MHz, 100 %, 77
2026/10/09 04:44:41.391, 72.16 W, 1005 MHz, 6251 MHz, 100 %, 77
2026/10/09 04:44:41.892, 71.98 W, 975 MHz, 6251 MHz, 100 %, 76
2026/10/09 04:44:42.392, 72.25 W, 900 MHz, 6251 MHz, 100 %, 77
2026/10/09 04:44:42.892, 72.81 W, 990 MHz, 6251 MHz, 100 %, 77
2026/10/09 04:44:43.392, 72.08 W, 810 MHz, 6251 MHz, 100 %, 77
2026/10/09 04:44:43.892, 71.62 W, 1020 MHz, 6251 MHz, 100 %, 77
2026/10/09 04:44:44.392, 72.18 W, 855 MHz, 6251 MHz, 100 %, 77
2026/10/09 04:44:44.893, 71.95 W, 1065 MHz, 6251 MHz, 100 %, 77
2026/10/09 04:44:45.393, 71.79 W, 1005 MHz, 6251 MHz, 100 %, 76
2026/10/09 04:44:45.893, 72.15 W, 930 MHz, 6251 MHz, 100 %, 76
2026/10/09 04:44:46.393, 72.03 W, 945 MHz, 6251 MHz, 100 %, 77
2026/10/09 04:44:46.893, 71.85 W, 885 MHz, 6251 MHz, 100 %, 76
2026/10/09 04:44:47.393, 71.90 W, 1035 MHz, 6251 MHz, 100 %, 76
2026/10/09 04:44:47.894, 72.04 W, 975 MHz, 6251 MHz, 100 %, 76
2026/10/09 04:44:48.394, 72.02 W, 1125 MHz, 6251 MHz, 100 %, 76
2026/10/09 04:44:48.894, 71.81 W, 840 MHz, 6251 MHz, 100 %, 77
2026/10/09 04:44:49.394, 71.49 W, 930 MHz, 6251 MHz, 100 %, 77
2026/10/09 04:44:49.894, 71.54 W, 1110 MHz, 6251 MHz, 100 %, 76
2026/10/09 04:44:50.394, 71.61 W, 1095 MHz, 6251 MHz, 100 %, 76
2026/10/09 04:44:50.895, 71.50 W, 1125 MHz, 6251 MHz, 100 %, 76
2026/10/09 04:44:51.395, 71.86 W, 1005 MHz, 6251 MHz, 100 %, 76
2026/10/09 04:44:51.895, 72.28 W, 1155 MHz, 6251 MHz, 100 %, 76
2026/10/09 04:44:52.395, 72.11 W, 900 MHz, 6251 MHz, 100 %, 77
2026/10/09 04:44:52.895, 72.02 W, 1140 MHz, 6251 MHz, 100 %, 76
2026/10/09 04:44:53.396, 72.11 W, 960 MHz, 6251 MHz, 100 %, 76
2026/10/09 04:44:53.896, 71.89 W, 990 MHz, 6251 MHz, 100 %, 77
2026/10/09 04:44:54.396, 72.10 W, 990 MHz, 6251 MHz, 100 %, 77
2026/10/09 04:44:54.896, 72.48 W, 915 MHz, 6251 MHz, 100 %, 77
2026/10/09 04:44:55.396, 72.22 W, 1020 MHz, 6251 MHz, 100 %, 78
2026/10/09 04:44:55.896, 72.33 W, 1005 MHz, 6251 MHz, 100 %, 78
2026/10/09 04:44:56.397, 71.73 W, 1125 MHz, 6251 MHz, 100 %, 78
2026/10/09 04:44:56.897, 71.99 W, 1035 MHz, 6251 MHz, 100 %, 78
2026/10/09 04:44:57.397, 71.41 W, 1005 MHz, 6251 MHz, 100 %, 78
2026/10/09 04:44:57.897, 71.60 W, 1005 MHz, 6251 MHz, 100 %, 78
2026/10/09 04:44:58.397, 72.25 W, 1065 MHz, 6251 MHz, 100 %, 78
2026/10/09 04:44:58.898, 71.93 W, 1125 MHz, 6251 MHz, 100 %, 77
2026/10/09 04:44:59.398, 71.90 W, 1080 MHz, 6251 MHz, 100 %, 79
2026/10/09 04:44:59.898, 72.36 W, 1035 MHz, 6251 MHz, 100 %, 78
2026/10/09 04:45:00.398, 72.57 W, 915 MHz, 6251 MHz, 100 %, 78
2026/10/09 04:45:00.898, 72.23 W, 1170 MHz, 6251 MHz, 100 %, 77
2026/10/09 04:45:01.398, 71.78 W, 1005 MHz, 6251 MHz, 100 %, 78
2026/10/09 04:45:01.899, 71.51 W, 1005 MHz, 6251 MHz, 100 %, 79
2026/10/09 04:45:02.399, 71.32 W, 1005 MHz, 6251 MHz, 100 %, 79
2026/10/09 04:45:02.899, 71.30 W, 1005 MHz, 6251 MHz, 100 %, 79
2026/10/09 04:45:03.399, 71.38 W, 975 MHz, 6251 MHz, 100 %, 79
2026/10/09 04:45:03.899, 71.43 W, 990 MHz, 6251 MHz, 100 %, 79
2026/10/09 04:45:04.399, 71.56 W, 975 MHz, 6251 MHz, 100 %, 79
2026/10/09 04:45:04.900, 71.90 W, 1050 MHz, 6251 MHz, 100 %, 79
2026/10/09 04:45:05.400, 71.86 W, 1005 MHz, 6251 MHz, 100 %, 79
2026/10/09 04:45:05.900, 71.57 W, 990 MHz, 6251 MHz, 100 %, 79
2026/10/09 04:45:06.400, 72.68 W, 960 MHz, 6251 MHz, 100 %, 80
2026/10/09 04:45:06.900, 72.47 W, 915 MHz, 6251 MHz, 100 %, 79
2026/10/09 04:45:07.400, 72.45 W, 1185 MHz, 6251 MHz, 100 %, 78
2026/10/09 04:45:07.900, 71.92 W, 1125 MHz, 6251 MHz, 100 %, 78
2026/10/09 04:45:08.401, 72.11 W, 1185 MHz, 6251 MHz, 100 %, 78
2026/10/09 04:45:08.901, 71.96 W, 825 MHz, 6251 MHz, 100 %, 79
2026/10/09 04:45:09.401, 71.95 W, 1215 MHz, 6251 MHz, 100 %, 79
2026/10/09 04:45:09.901, 71.93 W, 1170 MHz, 6251 MHz, 100 %, 79
2026/10/09 04:45:10.401, 72.30 W, 1245 MHz, 6251 MHz, 100 %, 79
2026/10/09 04:45:10.901, 71.90 W, 1185 MHz, 6251 MHz, 100 %, 79
2026/10/09 04:45:11.402, 72.30 W, 1230 MHz, 6251 MHz, 100 %, 79
2026/10/09 04:45:11.902, 71.27 W, 1335 MHz, 6251 MHz, 100 %, 79
2026/10/09 04:45:12.402, 70.99 W, 1320 MHz, 6251 MHz, 100 %, 79
2026/10/09 04:45:12.902, 72.09 W, 1020 MHz, 6251 MHz, 100 %, 81
2026/10/09 04:45:13.402, 71.93 W, 1260 MHz, 6251 MHz, 100 %, 79
2026/10/09 04:45:13.902, 71.26 W, 1110 MHz, 6251 MHz, 100 %, 80
2026/10/09 04:45:14.403, 71.54 W, 1320 MHz, 6251 MHz, 100 %, 79
2026/10/09 04:45:14.903, 71.80 W, 1260 MHz, 6251 MHz, 100 %, 79
2026/10/09 04:45:15.403, 71.93 W, 1350 MHz, 6251 MHz, 100 %, 80
2026/10/09 04:45:15.903, 72.85 W, 945 MHz, 6251 MHz, 100 %, 81
2026/10/09 04:45:16.403, 73.68 W, 1020 MHz, 6251 MHz, 100 %, 82
2026/10/09 04:45:16.904, 73.20 W, 930 MHz, 6251 MHz, 100 %, 82
2026/10/09 04:45:17.404, 72.18 W, 1005 MHz, 6251 MHz, 100 %, 82
2026/10/09 04:45:17.904, 72.10 W, 1020 MHz, 6251 MHz, 100 %, 82
2026/10/09 04:45:18.404, 72.28 W, 1020 MHz, 6251 MHz, 100 %, 82
2026/10/09 04:45:18.904, 71.89 W, 900 MHz, 6251 MHz, 100 %, 81
2026/10/09 04:45:19.405, 71.44 W, 990 MHz, 6251 MHz, 100 %, 83
2026/10/09 04:45:19.905, 71.14 W, 1005 MHz, 6251 MHz, 100 %, 83
2026/10/09 04:45:20.405, 71.53 W, 1005 MHz, 6251 MHz, 100 %, 83
2026/10/09 04:45:20.905, 71.85 W, 1080 MHz, 6251 MHz, 100 %, 83
2026/10/09 04:45:21.405, 71.11 W, 1320 MHz, 6251 MHz, 100 %, 81
2026/10/09 04:45:21.905, 71.40 W, 1305 MHz, 6251 MHz, 100 %, 81
2026/10/09 04:45:22.406, 72.60 W, 1020 MHz, 6251 MHz, 100 %, 83
2026/10/09 04:45:22.906, 72.65 W, 1065 MHz, 6251 MHz, 100 %, 83
2026/10/09 04:45:23.406, 72.40 W, 1020 MHz, 6251 MHz, 100 %, 83
2026/10/09 04:45:23.906, 72.20 W, 1125 MHz, 6251 MHz, 100 %, 83
2026/10/09 04:45:24.406, 71.62 W, 960 MHz, 6251 MHz, 100 %, 83
2026/10/09 04:45:24.907, 71.29 W, 1005 MHz, 6251 MHz, 100 %, 83
2026/10/09 04:45:25.407, 71.58 W, 960 MHz, 6251 MHz, 100 %, 84
2026/10/09 04:45:25.907, 71.38 W, 1065 MHz, 6251 MHz, 100 %, 83
2026/10/09 04:45:26.407, 72.31 W, 990 MHz, 6251 MHz, 100 %, 83
2026/10/09 04:45:26.907, 72.56 W, 960 MHz, 6251 MHz, 100 %, 83
2026/10/09 04:45:27.407, 71.67 W, 975 MHz, 6251 MHz, 100 %, 83
2026/10/09 04:45:27.908, 71.52 W, 1215 MHz, 6251 MHz, 100 %, 82
2026/10/09 04:45:28.408, 71.88 W, 915 MHz, 6251 MHz, 100 %, 81
2026/10/09 04:45:28.908, 71.72 W, 1305 MHz, 6251 MHz, 100 %, 81
2026/10/09 04:45:29.408, 72.12 W, 1275 MHz, 6251 MHz, 100 %, 81
2026/10/09 04:45:29.908, 72.29 W, 1320 MHz, 6251 MHz, 100 %, 81
2026/10/09 04:45:30.409, 72.15 W, 855 MHz, 6251 MHz, 100 %, 82
2026/10/09 04:45:30.909, 71.36 W, 1305 MHz, 6251 MHz, 100 %, 81
2026/10/09 04:45:31.409, 71.54 W, 1215 MHz, 6251 MHz, 100 %, 81
2026/10/09 04:45:31.909, 72.04 W, 1305 MHz, 6251 MHz, 100 %, 81
2026/10/09 04:45:32.409, 71.96 W, 1260 MHz, 6251 MHz, 100 %, 81
2026/10/09 04:45:32.909, 72.19 W, 1305 MHz, 6251 MHz, 100 %, 80
2026/10/09 04:45:33.410, 72.23 W, 1305 MHz, 6251 MHz, 100 %, 81
2026/10/09 04:45:33.910, 72.26 W, 960 MHz, 6251 MHz, 100 %, 82
2026/10/09 04:45:34.410, 70.90 W, 1305 MHz, 6251 MHz, 100 %, 81
2026/10/09 04:45:34.910, 71.43 W, 1035 MHz, 6251 MHz, 100 %, 81
2026/10/09 04:45:35.410, 71.36 W, 1065 MHz, 6251 MHz, 100 %, 81
2026/10/09 04:45:35.911, 70.83 W, 930 MHz, 6251 MHz, 100 %, 81
2026/10/09 04:45:36.411, 71.37 W, 960 MHz, 6251 MHz, 100 %, 82
2026/10/09 04:45:36.911, 71.80 W, 1005 MHz, 6251 MHz, 100 %, 82
2026/10/09 04:45:37.411, 71.68 W, 990 MHz, 6251 MHz, 100 %, 82
2026/10/09 04:45:37.911, 71.91 W, 990 MHz, 6251 MHz, 100 %, 82
2026/10/09 04:45:38.412, 71.87 W, 990 MHz, 6251 MHz, 100 %, 82
2026/10/09 04:45:38.912, 71.82 W, 1020 MHz, 6251 MHz, 100 %, 82
2026/10/09 04:45:39.412, 71.69 W, 1305 MHz, 6251 MHz, 100 %, 80
2026/10/09 04:45:39.912, 71.40 W, 1050 MHz, 6251 MHz, 100 %, 82
2026/10/09 04:45:40.412, 71.30 W, 975 MHz, 6251 MHz, 100 %, 82
2026/10/09 04:45:40.912, 71.59 W, 1035 MHz, 6251 MHz, 100 %, 82
2026/10/09 04:45:41.412, 72.04 W, 1245 MHz, 6251 MHz, 100 %, 81
2026/10/09 04:45:41.913, 72.17 W, 1305 MHz, 6251 MHz, 100 %, 80
2026/10/09 04:45:42.413, 71.57 W, 1290 MHz, 6251 MHz, 100 %, 80
2026/10/09 04:45:42.913, 71.10 W, 1050 MHz, 6251 MHz, 100 %, 82
2026/10/09 04:45:43.413, 71.51 W, 990 MHz, 6251 MHz, 100 %, 82
2026/10/09 04:45:43.913, 72.29 W, 1005 MHz, 6251 MHz, 100 %, 82
2026/10/09 04:45:44.413, 71.97 W, 1245 MHz, 6251 MHz, 100 %, 81
2026/10/09 04:45:44.914, 71.56 W, 1020 MHz, 6251 MHz, 100 %, 82
2026/10/09 04:45:45.414, 71.50 W, 1320 MHz, 6251 MHz, 100 %, 81
2026/10/09 04:45:45.914, 73.01 W, 1050 MHz, 6251 MHz, 100 %, 82
2026/10/09 04:45:46.414, 72.69 W, 975 MHz, 6251 MHz, 100 %, 82
2026/10/09 04:45:46.914, 72.30 W, 1050 MHz, 6251 MHz, 100 %, 82
2026/10/09 04:45:47.414, 71.46 W, 1110 MHz, 6251 MHz, 100 %, 82
2026/10/09 04:45:47.915, 71.69 W, 1380 MHz, 6251 MHz, 100 %, 81
2026/10/09 04:45:48.415, 71.64 W, 1275 MHz, 6251 MHz, 100 %, 80
2026/10/09 04:45:48.915, 72.10 W, 1365 MHz, 6251 MHz, 100 %, 80
2026/10/09 04:45:49.415, 71.89 W, 1305 MHz, 6251 MHz, 100 %, 80
2026/10/09 04:45:49.915, 71.91 W, 1380 MHz, 6251 MHz, 100 %, 80
2026/10/09 04:45:50.416, 72.03 W, 1335 MHz, 6251 MHz, 100 %, 80
2026/10/09 04:45:50.916, 71.99 W, 1365 MHz, 6251 MHz, 100 %, 80
2026/10/09 04:45:51.416, 71.91 W, 1305 MHz, 6251 MHz, 100 %, 80
2026/10/09 04:45:51.916, 72.06 W, 1365 MHz, 6251 MHz, 100 %, 80
2026/10/09 04:45:52.416, 71.99 W, 1320 MHz, 6251 MHz, 100 %, 80
2026/10/09 04:45:52.916, 71.97 W, 1335 MHz, 6251 MHz, 100 %, 80
2026/10/09 04:45:53.417, 72.19 W, 1335 MHz, 6251 MHz, 100 %, 80
2026/10/09 04:45:53.917, 72.13 W, 1365 MHz, 6251 MHz, 100 %, 81
2026/10/09 04:45:54.417, 71.84 W, 1320 MHz, 6251 MHz, 100 %, 81
2026/10/09 04:45:54.917, 71.42 W, 1005 MHz, 6251 MHz, 100 %, 83
2026/10/09 04:45:55.417, 71.34 W, 1275 MHz, 6251 MHz, 100 %, 81
2026/10/09 04:45:55.917, 72.05 W, 990 MHz, 6251 MHz, 100 %, 83
2026/10/09 04:45:56.418, 71.83 W, 915 MHz, 6251 MHz, 100 %, 82
2026/10/09 04:45:56.918, 72.33 W, 1005 MHz, 6251 MHz, 100 %, 83
2026/10/09 04:45:57.418, 72.25 W, 900 MHz, 6251 MHz, 100 %, 83
2026/10/09 04:45:57.918, 71.96 W, 1005 MHz, 6251 MHz, 100 %, 83
2026/10/09 04:45:58.418, 71.98 W, 975 MHz, 6251 MHz, 100 %, 83
2026/10/09 04:45:58.919, 72.17 W, 975 MHz, 6251 MHz, 100 %, 84
2026/10/09 04:45:59.419, 71.64 W, 1455 MHz, 6251 MHz, 100 %, 82
2026/10/09 04:45:59.919, 72.59 W, 1005 MHz, 6251 MHz, 100 %, 83
2026/10/09 04:46:00.419, 72.90 W, 930 MHz, 6251 MHz, 100 %, 83
2026/10/09 04:46:00.919, 71.98 W, 990 MHz, 6251 MHz, 100 %, 84
2026/10/09 04:46:01.419, 72.03 W, 975 MHz, 6251 MHz, 100 %, 83
2026/10/09 04:46:01.920, 71.34 W, 1470 MHz, 6251 MHz, 100 %, 82
2026/10/09 04:46:02.420, 71.85 W, 1305 MHz, 6251 MHz, 100 %, 82
2026/10/09 04:46:02.920, 71.78 W, 990 MHz, 6251 MHz, 100 %, 83
2026/10/09 04:46:03.420, 71.70 W, 975 MHz, 6251 MHz, 100 %, 83
2026/10/09 04:46:03.920, 72.28 W, 990 MHz, 6251 MHz, 100 %, 83
2026/10/09 04:46:04.420, 73.04 W, 1110 MHz, 6251 MHz, 100 %, 82
2026/10/09 04:46:04.921, 72.97 W, 1035 MHz, 6251 MHz, 100 %, 83
2026/10/09 04:46:05.421, 72.34 W, 1425 MHz, 6251 MHz, 100 %, 81
2026/10/09 04:46:05.921, 71.18 W, 1005 MHz, 6251 MHz, 100 %, 83
2026/10/09 04:46:06.421, 71.52 W, 945 MHz, 6251 MHz, 100 %, 83
2026/10/09 04:46:06.921, 72.05 W, 1005 MHz, 6251 MHz, 100 %, 83
2026/10/09 04:46:07.421, 71.73 W, 1365 MHz, 6251 MHz, 100 %, 81
2026/10/09 04:46:07.922, 72.25 W, 1455 MHz, 6251 MHz, 100 %, 81
2026/10/09 04:46:08.422, 71.95 W, 1335 MHz, 6251 MHz, 100 %, 81
2026/10/09 04:46:08.922, 71.93 W, 1470 MHz, 6251 MHz, 100 %, 81
2026/10/09 04:46:09.422, 71.86 W, 1365 MHz, 6251 MHz, 100 %, 80
2026/10/09 04:46:09.922, 72.04 W, 1455 MHz, 6251 MHz, 100 %, 81
2026/10/09 04:46:10.422, 71.82 W, 1380 MHz, 6251 MHz, 100 %, 80
2026/10/09 04:46:10.923, 72.08 W, 1455 MHz, 6251 MHz, 100 %, 80
2026/10/09 04:46:11.423, 71.87 W, 1395 MHz, 6251 MHz, 100 %, 80
2026/10/09 04:46:11.923, 72.08 W, 1425 MHz, 6251 MHz, 100 %, 80
2026/10/09 04:46:12.423, 72.02 W, 1410 MHz, 6251 MHz, 100 %, 80
2026/10/09 04:46:12.923, 72.16 W, 1440 MHz, 6251 MHz, 100 %, 80
2026/10/09 04:46:13.423, 72.00 W, 1410 MHz, 6251 MHz, 100 %, 80
2026/10/09 04:46:13.924, 72.09 W, 1425 MHz, 6251 MHz, 100 %, 80
2026/10/09 04:46:14.424, 71.33 W, 1005 MHz, 6251 MHz, 100 %, 82
2026/10/09 04:46:14.924, 71.10 W, 1065 MHz, 6251 MHz, 100 %, 82
2026/10/09 04:46:15.424, 73.01 W, 1005 MHz, 6251 MHz, 100 %, 82
2026/10/09 04:46:15.924, 72.17 W, 1185 MHz, 6251 MHz, 100 %, 82
2026/10/09 04:46:16.424, 71.69 W, 1455 MHz, 6251 MHz, 100 %, 80
2026/10/09 04:46:16.924, 71.57 W, 1410 MHz, 6251 MHz, 100 %, 80
2026/10/09 04:46:17.425, 72.12 W, 1500 MHz, 6251 MHz, 100 %, 80
2026/10/09 04:46:17.925, 71.89 W, 1440 MHz, 6251 MHz, 100 %, 80
2026/10/09 04:46:18.425, 72.03 W, 1545 MHz, 6251 MHz, 100 %, 80
2026/10/09 04:46:18.925, 71.95 W, 1515 MHz, 6251 MHz, 100 %, 80
2026/10/09 04:46:19.425, 72.09 W, 1560 MHz, 6251 MHz, 100 %, 80
2026/10/09 04:46:19.926, 71.99 W, 1545 MHz, 6251 MHz, 100 %, 80
2026/10/09 04:46:20.426, 71.91 W, 1560 MHz, 6251 MHz, 100 %, 80
2026/10/09 04:46:20.926, 72.11 W, 1545 MHz, 6251 MHz, 100 %, 80
2026/10/09 04:46:21.426, 72.07 W, 1545 MHz, 6251 MHz, 100 %, 80
2026/10/09 04:46:21.926, 72.08 W, 1530 MHz, 6251 MHz, 100 %, 80
2026/10/09 04:46:22.426, 72.00 W, 1545 MHz, 6251 MHz, 100 %, 80
2026/10/09 04:46:22.927, 71.96 W, 1530 MHz, 6251 MHz, 100 %, 80
2026/10/09 04:46:23.427, 72.08 W, 1545 MHz, 6251 MHz, 100 %, 80
2026/10/09 04:46:23.927, 72.07 W, 1515 MHz, 6251 MHz, 100 %, 80
2026/10/09 04:46:24.427, 72.03 W, 1365 MHz, 6251 MHz, 100 %, 80
2026/10/09 04:46:24.927, 67.02 W, 1035 MHz, 6251 MHz, 50 %, 82
2026/10/09 04:46:25.428, 67.72 W, 1080 MHz, 6251 MHz, 100 %, 82
2026/10/09 04:46:25.928, 72.61 W, 1005 MHz, 6251 MHz, 83 %, 82
2026/10/09 04:46:26.428, 72.56 W, 1065 MHz, 6251 MHz, 100 %, 82
2026/10/09 04:46:26.928, 73.07 W, 1005 MHz, 6251 MHz, 84 %, 82
2026/10/09 04:46:27.428, 73.25 W, 1065 MHz, 6251 MHz, 100 %, 82
2026/10/09 04:46:27.928, 72.22 W, 990 MHz, 6251 MHz, 83 %, 82
2026/10/09 04:46:28.428, 72.23 W, 1035 MHz, 6251 MHz, 100 %, 83
2026/10/09 04:46:28.929, 69.49 W, 990 MHz, 6251 MHz, 85 %, 83
2026/10/09 04:46:29.429, 69.29 W, 1005 MHz, 6251 MHz, 100 %, 83
2026/10/09 04:46:29.929, 72.18 W, 975 MHz, 6251 MHz, 100 %, 83
2026/10/09 04:46:30.429, 72.24 W, 1050 MHz, 6251 MHz, 100 %, 83
2026/10/09 04:46:30.929, 73.27 W, 975 MHz, 6251 MHz, 100 %, 83
2026/10/09 04:46:31.429, 73.17 W, 990 MHz, 6251 MHz, 100 %, 83
2026/10/09 04:46:31.929, 74.56 W, 960 MHz, 6251 MHz, 100 %, 83
2026/10/09 04:46:32.430, 73.65 W, 975 MHz, 6251 MHz, 100 %, 83
2026/10/09 04:46:32.930, 72.19 W, 1125 MHz, 6251 MHz, 100 %, 84
2026/10/09 04:46:33.430, 70.94 W, 990 MHz, 6251 MHz, 100 %, 83
2026/10/09 04:46:33.930, 70.73 W, 1560 MHz, 6251 MHz, 100 %, 81
2026/10/09 04:46:34.430, 58.01 W, 2040 MHz, 6251 MHz, 100 %, 79
2026/10/09 04:46:34.932, 45.08 W, 2040 MHz, 6251 MHz, 0 %, 79
2026/10/09 04:46:35.432, 40.29 W, 2040 MHz, 6251 MHz, 0 %, 79
2026/10/09 04:46:35.932, 36.98 W, 2040 MHz, 6251 MHz, 0 %, 78
2026/10/09 04:46:36.432, 36.93 W, 2040 MHz, 6251 MHz, 0 %, 78
2026/10/09 04:46:36.932, 36.86 W, 2040 MHz, 6251 MHz, 0 %, 78
2026/10/09 04:46:37.432, 36.64 W, 2040 MHz, 6251 MHz, 0 %, 78
2026/10/09 04:46:37.933, 36.62 W, 2040 MHz, 6251 MHz, 0 %, 78
2026/10/09 04:46:38.433, 36.55 W, 2040 MHz, 6251 MHz, 0 %, 77
2026/10/09 04:46:38.933, 36.44 W, 2040 MHz, 6251 MHz, 0 %, 77
2026/10/09 04:46:39.433, 36.40 W, 2040 MHz, 6251 MHz, 0 %, 77
2026/10/09 04:46:39.933, 36.34 W, 2040 MHz, 6251 MHz, 0 %, 77
2026/10/09 04:46:40.433, 36.29 W, 2040 MHz, 6251 MHz, 0 %, 77
2026/10/09 04:46:40.933, 36.22 W, 2040 MHz, 6251 MHz, 0 %, 77
2026/10/09 04:46:41.434, 36.15 W, 2040 MHz, 6251 MHz, 0 %, 76
2026/10/09 04:46:41.934, 36.11 W, 2040 MHz, 6251 MHz, 0 %, 76
2026/10/09 04:46:42.434, 36.07 W, 2040 MHz, 6251 MHz, 0 %, 76
2026/10/09 04:46:42.934, 35.97 W, 2040 MHz, 6251 MHz, 0 %, 76
2026/10/09 04:46:43.434, 35.94 W, 2040 MHz, 6251 MHz, 0 %, 76
2026/10/09 04:46:43.934, 35.91 W, 2040 MHz, 6251 MHz, 0 %, 76
2026/10/09 04:46:44.434, 35.81 W, 2040 MHz, 6251 MHz, 0 %, 76
2026/10/09 04:46:44.934, 35.83 W, 2040 MHz, 6251 MHz, 0 %, 76
2026/10/09 04:46:45.435, 35.81 W, 2040 MHz, 6251 MHz, 0 %, 76
2026/10/09 04:46:45.935, 35.71 W, 2040 MHz, 6251 MHz, 0 %, 75
2026/10/09 04:46:46.435, 35.71 W, 2040 MHz, 6251 MHz, 0 %, 75
2026/10/09 04:46:46.935, 35.71 W, 2040 MHz, 6251 MHz, 0 %, 75
2026/10/09 04:46:47.435, 35.65 W, 2040 MHz, 6251 MHz, 0 %, 75
2026/10/09 04:46:47.935, 35.65 W, 2040 MHz, 6251 MHz, 0 %, 75
2026/10/09 04:46:48.435, 35.58 W, 2040 MHz, 6251 MHz, 0 %, 75
2026/10/09 04:46:48.936, 35.52 W, 2040 MHz, 6251 MHz, 0 %, 75
2026/10/09 04:46:49.436, 35.54 W, 2040 MHz, 6251 MHz, 0 %, 75
2026/10/09 04:46:49.936, 35.52 W, 2040 MHz, 6251 MHz, 0 %, 75
2026/10/09 04:46:50.436, 35.43 W, 2040 MHz, 6251 MHz, 0 %, 75
2026/10/09 04:46:50.936, 35.46 W, 2040 MHz, 6251 MHz, 0 %, 75
2026/10/09 04:46:51.436, 35.46 W, 2040 MHz, 6251 MHz, 0 %, 75
2026/10/09 04:46:51.936, 35.43 W, 2040 MHz, 6251 MHz, 0 %, 75
2026/10/09 04:46:52.437, 35.41 W, 2040 MHz, 6251 MHz, 0 %, 74
2026/10/09 04:46:52.937, 35.38 W, 2040 MHz, 6251 MHz, 0 %, 74
2026/10/09 04:46:53.437, 35.33 W, 2040 MHz, 6251 MHz, 0 %, 74
2026/10/09 04:46:53.937, 35.54 W, 2040 MHz, 6251 MHz, 0 %, 74
2026/10/09 04:46:54.437, 35.73 W, 2040 MHz, 6251 MHz, 0 %, 74
2026/10/09 04:46:54.937, 35.54 W, 2040 MHz, 6251 MHz, 0 %, 74
2026/10/09 04:46:55.438, 35.47 W, 2040 MHz, 6251 MHz, 1 %, 74
2026/10/09 04:46:55.938, 35.44 W, 2040 MHz, 6251 MHz, 4 %, 74
2026/10/09 04:46:56.438, 35.34 W, 2040 MHz, 6251 MHz, 1 %, 74
2026/10/09 04:46:56.938, 35.32 W, 2040 MHz, 6251 MHz, 1 %, 74
2026/10/09 04:46:57.438, 35.28 W, 2040 MHz, 6251 MHz, 1 %, 74
2026/10/09 04:46:57.938, 35.29 W, 2040 MHz, 6251 MHz, 1 %, 74
2026/10/09 04:46:58.439, 35.32 W, 2040 MHz, 6251 MHz, 1 %, 74
2026/10/09 04:46:58.939, 35.24 W, 2040 MHz, 6251 MHz, 1 %, 74
2026/10/09 04:46:59.439, 35.27 W, 2040 MHz, 6251 MHz, 1 %, 74
2026/10/09 04:46:59.939, 35.30 W, 2040 MHz, 6251 MHz, 1 %, 74
2026/10/09 04:47:00.439, 35.22 W, 2040 MHz, 6251 MHz, 1 %, 74
2026/10/09 04:47:00.939, 35.24 W, 2040 MHz, 6251 MHz, 1 %, 74
2026/10/09 04:47:01.439, 35.28 W, 2040 MHz, 6251 MHz, 1 %, 74
2026/10/09 04:47:01.940, 35.19 W, 2040 MHz, 6251 MHz, 1 %, 74
2026/10/09 04:47:02.440, 35.21 W, 2040 MHz, 6251 MHz, 1 %, 74
2026/10/09 04:47:02.940, 35.24 W, 2040 MHz, 6251 MHz, 1 %, 74
2026/10/09 04:47:03.440, 35.18 W, 2040 MHz, 6251 MHz, 1 %, 74
2026/10/09 04:47:03.940, 35.22 W, 2040 MHz, 6251 MHz, 1 %, 74
2026/10/09 04:47:04.440, 35.26 W, 2040 MHz, 6251 MHz, 1 %, 74
2026/10/09 04:47:04.940, 35.19 W, 2040 MHz, 6251 MHz, 1 %, 74
2026/10/09 04:47:05.440, 35.22 W, 2040 MHz, 6251 MHz, 1 %, 74
2026/10/09 04:47:05.941, 35.26 W, 2040 MHz, 6251 MHz, 1 %, 74
2026/10/09 04:47:06.441, 35.18 W, 2040 MHz, 6251 MHz, 1 %, 74
2026/10/09 04:47:06.941, 35.19 W, 2040 MHz, 6251 MHz, 1 %, 74
2026/10/09 04:47:07.441, 35.22 W, 2040 MHz, 6251 MHz, 1 %, 74
2026/10/09 04:47:07.941, 35.21 W, 2040 MHz, 6251 MHz, 1 %, 74
2026/10/09 04:47:08.441, 35.23 W, 2040 MHz, 6251 MHz, 1 %, 74
2026/10/09 04:47:08.942, 35.23 W, 2040 MHz, 6251 MHz, 1 %, 74
2026/10/09 04:47:09.442, 35.17 W, 2040 MHz, 6251 MHz, 1 %, 74
2026/10/09 04:47:09.942, 35.21 W, 2040 MHz, 6251 MHz, 1 %, 74
2026/10/09 04:47:10.442, 35.28 W, 2040 MHz, 6251 MHz, 1 %, 74
2026/10/09 04:47:10.942, 35.21 W, 2040 MHz, 6251 MHz, 1 %, 74
2026/10/09 04:47:11.442, 35.25 W, 2040 MHz, 6251 MHz, 1 %, 74
2026/10/09 04:47:11.942, 35.29 W, 2040 MHz, 6251 MHz, 1 %, 74
2026/10/09 04:47:12.442, 35.26 W, 2040 MHz, 6251 MHz, 1 %, 74
2026/10/09 04:47:12.943, 35.24 W, 2040 MHz, 6251 MHz, 1 %, 74
2026/10/09 04:47:13.443, 35.31 W, 2040 MHz, 6251 MHz, 1 %, 74
2026/10/09 04:47:13.943, 35.32 W, 2040 MHz, 6251 MHz, 1 %, 74
2026/10/09 04:47:14.443, 35.29 W, 2040 MHz, 6251 MHz, 1 %, 74
2026/10/09 04:47:14.943, 35.35 W, 2040 MHz, 6251 MHz, 1 %, 74
2026/10/09 04:47:15.443, 35.38 W, 2040 MHz, 6251 MHz, 1 %, 74
2026/10/09 04:47:15.943, 35.35 W, 2040 MHz, 6251 MHz, 1 %, 74
2026/10/09 04:47:16.444, 35.41 W, 2040 MHz, 6251 MHz, 1 %, 74
2026/10/09 04:47:16.944, 35.44 W, 2040 MHz, 6251 MHz, 1 %, 74
2026/10/09 04:47:17.444, 35.40 W, 2040 MHz, 6251 MHz, 1 %, 74
2026/10/09 04:47:17.944, 35.44 W, 2040 MHz, 6251 MHz, 1 %, 75
2026/10/09 04:47:18.444, 35.48 W, 2040 MHz, 6251 MHz, 1 %, 75
2026/10/09 04:47:18.944, 35.43 W, 2040 MHz, 6251 MHz, 1 %, 75
2026/10/09 04:47:19.444, 35.39 W, 2040 MHz, 6251 MHz, 1 %, 75
2026/10/09 04:47:19.945, 35.46 W, 2040 MHz, 6251 MHz, 1 %, 75
2026/10/09 04:47:20.445, 35.52 W, 2040 MHz, 6251 MHz, 1 %, 75
2026/10/09 04:47:20.945, 35.50 W, 2040 MHz, 6251 MHz, 1 %, 75
2026/10/09 04:47:21.445, 35.48 W, 2040 MHz, 6251 MHz, 1 %, 75
2026/10/09 04:47:21.945, 35.51 W, 2040 MHz, 6251 MHz, 1 %, 75
2026/10/09 04:47:22.445, 35.58 W, 2040 MHz, 6251 MHz, 1 %, 75
2026/10/09 04:47:22.945, 35.53 W, 2040 MHz, 6251 MHz, 1 %, 75
2026/10/09 04:47:23.446, 35.52 W, 2040 MHz, 6251 MHz, 1 %, 75
2026/10/09 04:47:23.946, 35.59 W, 2040 MHz, 6251 MHz, 1 %, 75
2026/10/09 04:47:24.446, 35.61 W, 2040 MHz, 6251 MHz, 1 %, 75
2026/10/09 04:47:24.946, 35.54 W, 2040 MHz, 6251 MHz, 1 %, 75
2026/10/09 04:47:25.446, 35.58 W, 2040 MHz, 6251 MHz, 1 %, 75
2026/10/09 04:47:25.946, 35.66 W, 2040 MHz, 6251 MHz, 1 %, 75
2026/10/09 04:47:26.446, 35.65 W, 2040 MHz, 6251 MHz, 1 %, 75
2026/10/09 04:47:26.947, 35.61 W, 2040 MHz, 6251 MHz, 1 %, 75
2026/10/09 04:47:27.447, 35.67 W, 2040 MHz, 6251 MHz, 1 %, 75
2026/10/09 04:47:27.947, 35.72 W, 2040 MHz, 6251 MHz, 1 %, 75
2026/10/09 04:47:28.447, 35.69 W, 2040 MHz, 6251 MHz, 1 %, 75
2026/10/09 04:47:28.947, 35.64 W, 2040 MHz, 6251 MHz, 1 %, 75
2026/10/09 04:47:29.447, 35.71 W, 2040 MHz, 6251 MHz, 1 %, 76
2026/10/09 04:47:29.948, 35.77 W, 2040 MHz, 6251 MHz, 1 %, 76
2026/10/09 04:47:30.448, 35.73 W, 2040 MHz, 6251 MHz, 1 %, 76
2026/10/09 04:47:30.948, 35.72 W, 2040 MHz, 6251 MHz, 1 %, 76
2026/10/09 04:47:31.448, 35.80 W, 2040 MHz, 6251 MHz, 1 %, 76
2026/10/09 04:47:31.948, 35.86 W, 2040 MHz, 6251 MHz, 1 %, 76
2026/10/09 04:47:32.448, 35.81 W, 2040 MHz, 6251 MHz, 1 %, 76
2026/10/09 04:47:32.948, 35.76 W, 2040 MHz, 6251 MHz, 1 %, 76
2026/10/09 04:47:33.449, 35.81 W, 2040 MHz, 6251 MHz, 1 %, 76
2026/10/09 04:47:33.949, 35.86 W, 2040 MHz, 6251 MHz, 1 %, 76
2026/10/09 04:47:34.449, 35.81 W, 2040 MHz, 6251 MHz, 1 %, 76
2026/10/09 04:47:34.949, 35.78 W, 2040 MHz, 6251 MHz, 1 %, 76
2026/10/09 04:47:35.449, 35.84 W, 2040 MHz, 6251 MHz, 1 %, 76
2026/10/09 04:47:35.949, 35.93 W, 2040 MHz, 6251 MHz, 1 %, 76
2026/10/09 04:47:36.450, 35.96 W, 2040 MHz, 6251 MHz, 1 %, 76
2026/10/09 04:47:36.950, 35.90 W, 2040 MHz, 6251 MHz, 1 %, 76
2026/10/09 04:47:37.450, 35.90 W, 2040 MHz, 6251 MHz, 1 %, 76
2026/10/09 04:47:37.950, 35.97 W, 2040 MHz, 6251 MHz, 1 %, 76
2026/10/09 04:47:38.450, 36.01 W, 2040 MHz, 6251 MHz, 1 %, 76
2026/10/09 04:47:38.950, 35.95 W, 2040 MHz, 6251 MHz, 1 %, 76
2026/10/09 04:47:39.451, 35.90 W, 2040 MHz, 6251 MHz, 1 %, 76
2026/10/09 04:47:39.951, 35.94 W, 2040 MHz, 6251 MHz, 1 %, 76
2026/10/09 04:47:40.451, 36.02 W, 2040 MHz, 6251 MHz, 1 %, 76
2026/10/09 04:47:40.951, 36.02 W, 2040 MHz, 6251 MHz, 1 %, 76
2026/10/09 04:47:41.451, 36.00 W, 2040 MHz, 6251 MHz, 1 %, 76
2026/10/09 04:47:41.951, 41.03 W, 2040 MHz, 6251 MHz, 30 %, 78
2026/10/09 04:47:42.451, 41.60 W, 2040 MHz, 6251 MHz, 73 %, 77
2026/10/09 04:47:42.951, 37.75 W, 2040 MHz, 6251 MHz, 1 %, 77
2026/10/09 04:47:43.452, 36.57 W, 2040 MHz, 6251 MHz, 0 %, 77
2026/10/09 04:47:43.952, 36.10 W, 2040 MHz, 6251 MHz, 0 %, 77
2026/10/09 04:47:44.452, 36.08 W, 2040 MHz, 6251 MHz, 0 %, 77
2026/10/09 04:47:44.952, 36.10 W, 2040 MHz, 6251 MHz, 0 %, 77
2026/10/09 04:47:45.452, 36.11 W, 2040 MHz, 6251 MHz, 0 %, 77
2026/10/09 04:47:45.952, 36.08 W, 2040 MHz, 6251 MHz, 0 %, 77
2026/10/09 04:47:46.452, 36.02 W, 2040 MHz, 6251 MHz, 0 %, 77
2026/10/09 04:47:46.953, 36.02 W, 2040 MHz, 6251 MHz, 0 %, 77
2026/10/09 04:47:47.453, 36.07 W, 2040 MHz, 6251 MHz, 0 %, 76
2026/10/09 04:47:47.953, 36.07 W, 2040 MHz, 6251 MHz, 0 %, 76
2026/10/09 04:47:48.453, 35.98 W, 2040 MHz, 6251 MHz, 0 %, 76
2026/10/09 04:47:48.953, 35.94 W, 2040 MHz, 6251 MHz, 0 %, 76
2026/10/09 04:47:49.453, 36.01 W, 2040 MHz, 6251 MHz, 0 %, 76
2026/10/09 04:47:49.953, 36.03 W, 2040 MHz, 6251 MHz, 0 %, 76
2026/10/09 04:47:50.453, 35.99 W, 2040 MHz, 6251 MHz, 0 %, 76
2026/10/09 04:47:50.954, 35.91 W, 2040 MHz, 6251 MHz, 0 %, 76
2026/10/09 04:47:51.454, 35.91 W, 2040 MHz, 6251 MHz, 0 %, 76
2026/10/09 04:47:51.954, 35.95 W, 2040 MHz, 6251 MHz, 0 %, 76
2026/10/09 04:47:52.454, 35.98 W, 2040 MHz, 6251 MHz, 0 %, 76
2026/10/09 04:47:52.954, 35.91 W, 2040 MHz, 6251 MHz, 0 %, 76
2026/10/09 04:47:53.454, 35.89 W, 2040 MHz, 6251 MHz, 0 %, 76
2026/10/09 04:47:53.954, 35.94 W, 2040 MHz, 6251 MHz, 0 %, 76
2026/10/09 04:47:54.454, 36.01 W, 2040 MHz, 6251 MHz, 0 %, 76
2026/10/09 04:47:54.955, 35.97 W, 2040 MHz, 6251 MHz, 0 %, 76
2026/10/09 04:47:55.455, 35.90 W, 2040 MHz, 6251 MHz, 0 %, 76
2026/10/09 04:47:55.955, 35.97 W, 2040 MHz, 6251 MHz, 0 %, 76
2026/10/09 04:47:56.455, 35.99 W, 2040 MHz, 6251 MHz, 0 %, 76
2026/10/09 04:47:56.955, 45.54 W, 1815 MHz, 6251 MHz, 98 %, 79
2026/10/09 04:47:57.455, 55.91 W, 2025 MHz, 6251 MHz, 0 %, 77
2026/10/09 04:47:57.956, 49.60 W, 2040 MHz, 6251 MHz, 0 %, 76
2026/10/09 04:47:58.456, 36.01 W, 2040 MHz, 6251 MHz, 0 %, 76
2026/10/09 04:47:58.956, 36.10 W, 2040 MHz, 6251 MHz, 0 %, 76
2026/10/09 04:47:59.456, 46.06 W, 1995 MHz, 6251 MHz, 98 %, 79
2026/10/09 04:47:59.956, 52.85 W, 2040 MHz, 6251 MHz, 0 %, 77
2026/10/09 04:48:00.456, 46.05 W, 2040 MHz, 6251 MHz, 0 %, 77
2026/10/09 04:48:00.956, 35.85 W, 2040 MHz, 6251 MHz, 0 %, 76
2026/10/09 04:48:01.457, 35.81 W, 2040 MHz, 6251 MHz, 0 %, 76
2026/10/09 04:48:01.957, 35.73 W, 2040 MHz, 6251 MHz, 0 %, 76
2026/10/09 04:48:02.457, 35.65 W, 2040 MHz, 6251 MHz, 0 %, 76
2026/10/09 04:48:02.957, 35.69 W, 2040 MHz, 6251 MHz, 0 %, 76
2026/10/09 04:48:03.457, 46.89 W, 1500 MHz, 6251 MHz, 99 %, 79
2026/10/09 04:48:03.957, 56.48 W, 2025 MHz, 6251 MHz, 49 %, 77
2026/10/09 04:48:04.458, 49.48 W, 2040 MHz, 6251 MHz, 0 %, 77
2026/10/09 04:48:04.958, 36.00 W, 2040 MHz, 6251 MHz, 0 %, 76
2026/10/09 04:48:05.458, 36.04 W, 2040 MHz, 6251 MHz, 0 %, 76
2026/10/09 04:48:05.958, 36.01 W, 2040 MHz, 6251 MHz, 0 %, 76
2026/10/09 04:48:06.458, 35.95 W, 2040 MHz, 6251 MHz, 0 %, 76
2026/10/09 04:48:06.958, 35.91 W, 2040 MHz, 6251 MHz, 0 %, 76
2026/10/09 04:48:07.458, 35.96 W, 2040 MHz, 6251 MHz, 0 %, 76
2026/10/09 04:48:07.959, 49.07 W, 1365 MHz, 6251 MHz, 99 %, 79
2026/10/09 04:48:08.459, 52.80 W, 2025 MHz, 6251 MHz, 0 %, 77
2026/10/09 04:48:08.959, 42.56 W, 2040 MHz, 6251 MHz, 0 %, 76
2026/10/09 04:48:09.459, 35.87 W, 2040 MHz, 6251 MHz, 0 %, 76
2026/10/09 04:48:09.959, 35.84 W, 2040 MHz, 6251 MHz, 0 %, 76
2026/10/09 04:48:10.459, 35.78 W, 2040 MHz, 6251 MHz, 0 %, 76
2026/10/09 04:48:10.960, 35.70 W, 2040 MHz, 6251 MHz, 0 %, 76
2026/10/09 04:48:11.460, 35.71 W, 2040 MHz, 6251 MHz, 0 %, 76
2026/10/09 04:48:11.960, 35.76 W, 2040 MHz, 6251 MHz, 0 %, 76
2026/10/09 04:48:12.460, 35.72 W, 2040 MHz, 6251 MHz, 0 %, 76
2026/10/09 04:48:12.960, 35.66 W, 2040 MHz, 6251 MHz, 0 %, 76
2026/10/09 04:48:13.460, 35.66 W, 2040 MHz, 6251 MHz, 0 %, 76
2026/10/09 04:48:13.961, 35.72 W, 2040 MHz, 6251 MHz, 0 %, 76
2026/10/09 04:48:14.461, 38.67 W, 2040 MHz, 6251 MHz, 29 %, 76
2026/10/09 04:48:14.961, 56.60 W, 1650 MHz, 6251 MHz, 97 %, 79
2026/10/09 04:48:15.461, 68.33 W, 2010 MHz, 6251 MHz, 0 %, 78
2026/10/09 04:48:15.961, 50.91 W, 2040 MHz, 6251 MHz, 0 %, 77
2026/10/09 04:48:16.461, 39.90 W, 1995 MHz, 6251 MHz, 53 %, 79
2026/10/09 04:48:16.961, 39.90 W, 2040 MHz, 6251 MHz, 0 %, 77
2026/10/09 04:48:17.462, 36.08 W, 2040 MHz, 6251 MHz, 0 %, 77
2026/10/09 04:48:17.962, 36.13 W, 2040 MHz, 6251 MHz, 0 %, 77
2026/10/09 04:48:18.462, 36.18 W, 2040 MHz, 6251 MHz, 0 %, 77
2026/10/09 04:48:18.962, 36.22 W, 2040 MHz, 6251 MHz, 0 %, 77
2026/10/09 04:48:19.462, 36.18 W, 2040 MHz, 6251 MHz, 0 %, 77
2026/10/09 04:48:19.962, 36.17 W, 2040 MHz, 6251 MHz, 0 %, 77
2026/10/09 04:48:20.463, 36.18 W, 2040 MHz, 6251 MHz, 0 %, 77
2026/10/09 04:48:20.963, 36.24 W, 2040 MHz, 6251 MHz, 0 %, 77
2026/10/09 04:48:21.463, 36.26 W, 2040 MHz, 6251 MHz, 0 %, 77
2026/10/09 04:48:21.963, 36.22 W, 2040 MHz, 6251 MHz, 0 %, 77
2026/10/09 04:48:22.463, 36.19 W, 2040 MHz, 6251 MHz, 0 %, 77
2026/10/09 04:48:22.963, 36.24 W, 2040 MHz, 6251 MHz, 0 %, 77
2026/10/09 04:48:23.463, 54.07 W, 1095 MHz, 6251 MHz, 100 %, 81
2026/10/09 04:48:23.964, 64.07 W, 2025 MHz, 6251 MHz, 12 %, 79
2026/10/09 04:48:24.464, 49.82 W, 2040 MHz, 6251 MHz, 0 %, 78
2026/10/09 04:48:24.964, 36.98 W, 2040 MHz, 6251 MHz, 60 %, 78
2026/10/09 04:48:25.464, 37.04 W, 2040 MHz, 6251 MHz, 0 %, 78
2026/10/09 04:48:25.964, 54.30 W, 1890 MHz, 6251 MHz, 100 %, 81
2026/10/09 04:48:26.464, 65.71 W, 1260 MHz, 6251 MHz, 87 %, 83
2026/10/09 04:48:26.965, 57.95 W, 1740 MHz, 6251 MHz, 87 %, 83
2026/10/09 04:48:27.465, 61.72 W, 1290 MHz, 6251 MHz, 100 %, 84
2026/10/09 04:48:27.965, 66.35 W, 1305 MHz, 6251 MHz, 87 %, 82
2026/10/09 04:48:28.465, 70.18 W, 1335 MHz, 6251 MHz, 81 %, 82
2026/10/09 04:48:28.965, 56.26 W, 1140 MHz, 6251 MHz, 70 %, 84
2026/10/09 04:48:29.465, 49.66 W, 1365 MHz, 6251 MHz, 55 %, 83
2026/10/09 04:48:29.965, 59.08 W, 1260 MHz, 6251 MHz, 65 %, 82
2026/10/09 04:48:30.466, 62.37 W, 1860 MHz, 6251 MHz, 47 %, 84
2026/10/09 04:48:30.966, 62.84 W, 2025 MHz, 6251 MHz, 41 %, 81
2026/10/09 04:48:31.466, 57.42 W, 1170 MHz, 6251 MHz, 70 %, 84
2026/10/09 04:48:31.966, 61.53 W, 1170 MHz, 6251 MHz, 76 %, 82
2026/10/09 04:48:32.466, 68.35 W, 1215 MHz, 6251 MHz, 66 %, 83
2026/10/09 04:48:32.966, 66.21 W, 1395 MHz, 6251 MHz, 65 %, 85
2026/10/09 04:48:33.466, 61.36 W, 2025 MHz, 6251 MHz, 5 %, 82
2026/10/09 04:48:33.967, 50.26 W, 2040 MHz, 6251 MHz, 0 %, 80
2026/10/09 04:48:34.467, 44.43 W, 2025 MHz, 6251 MHz, 0 %, 80
2026/10/09 04:48:34.967, 44.91 W, 2040 MHz, 6251 MHz, 1 %, 80
2026/10/09 04:48:35.467, 38.37 W, 2040 MHz, 6251 MHz, 3 %, 80
2026/10/09 04:48:35.967, 41.78 W, 2025 MHz, 6251 MHz, 0 %, 79
2026/10/09 04:48:36.467, 40.75 W, 2040 MHz, 6251 MHz, 0 %, 79
2026/10/09 04:48:36.968, 36.87 W, 2040 MHz, 6251 MHz, 0 %, 78
2026/10/09 04:48:37.468, 36.72 W, 2040 MHz, 6251 MHz, 0 %, 78
2026/10/09 04:48:37.968, 36.45 W, 2040 MHz, 6251 MHz, 0 %, 77
2026/10/09 04:48:38.468, 36.20 W, 2040 MHz, 6251 MHz, 0 %, 76
2026/10/09 04:48:38.968, 36.03 W, 2040 MHz, 6251 MHz, 0 %, 76
2026/10/09 04:48:39.468, 35.84 W, 2040 MHz, 6251 MHz, 0 %, 75
2026/10/09 04:48:39.968, 35.60 W, 2040 MHz, 6251 MHz, 0 %, 75
2026/10/09 04:48:40.469, 42.17 W, 1515 MHz, 6251 MHz, 100 %, 77
2026/10/09 04:48:40.969, 61.03 W, 1500 MHz, 6251 MHz, 100 %, 77
2026/10/09 04:48:41.469, 68.39 W, 1515 MHz, 6251 MHz, 100 %, 76
2026/10/09 04:48:41.969, 67.16 W, 1470 MHz, 6251 MHz, 100 %, 76
2026/10/09 04:48:42.469, 72.36 W, 1470 MHz, 6251 MHz, 100 %, 76
2026/10/09 04:48:42.969, 72.19 W, 1440 MHz, 6251 MHz, 100 %, 75
2026/10/09 04:48:43.470, 72.09 W, 1455 MHz, 6251 MHz, 100 %, 75
2026/10/09 04:48:43.970, 72.09 W, 1485 MHz, 6251 MHz, 100 %, 75
2026/10/09 04:48:44.470, 72.15 W, 1455 MHz, 6251 MHz, 100 %, 74
2026/10/09 04:48:44.970, 72.08 W, 1440 MHz, 6251 MHz, 100 %, 74
2026/10/09 04:48:45.470, 72.03 W, 1470 MHz, 6251 MHz, 100 %, 74
2026/10/09 04:48:45.970, 71.96 W, 1455 MHz, 6251 MHz, 100 %, 74
2026/10/09 04:48:46.470, 71.94 W, 1455 MHz, 6251 MHz, 100 %, 73
2026/10/09 04:48:46.971, 71.76 W, 1470 MHz, 6251 MHz, 100 %, 73
2026/10/09 04:48:47.471, 71.65 W, 1485 MHz, 6251 MHz, 100 %, 73
2026/10/09 04:48:47.971, 72.03 W, 1470 MHz, 6251 MHz, 100 %, 73
2026/10/09 04:48:48.471, 72.05 W, 1500 MHz, 6251 MHz, 100 %, 73
2026/10/09 04:48:48.971, 71.99 W, 1470 MHz, 6251 MHz, 100 %, 72
2026/10/09 04:48:49.471, 71.55 W, 1530 MHz, 6251 MHz, 100 %, 72
2026/10/09 04:48:49.971, 71.41 W, 1470 MHz, 6251 MHz, 100 %, 72
2026/10/09 04:48:50.472, 71.99 W, 1500 MHz, 6251 MHz, 100 %, 72
2026/10/09 04:48:50.972, 72.09 W, 1470 MHz, 6251 MHz, 100 %, 72
2026/10/09 04:48:51.472, 72.11 W, 1500 MHz, 6251 MHz, 100 %, 71
2026/10/09 04:48:51.972, 71.99 W, 1470 MHz, 6251 MHz, 100 %, 71
2026/10/09 04:48:52.472, 71.71 W, 1515 MHz, 6251 MHz, 100 %, 71
2026/10/09 04:48:52.972, 71.72 W, 1470 MHz, 6251 MHz, 100 %, 71
2026/10/09 04:48:53.472, 72.19 W, 1515 MHz, 6251 MHz, 100 %, 71
2026/10/09 04:48:53.973, 72.06 W, 1455 MHz, 6251 MHz, 100 %, 71
2026/10/09 04:48:54.473, 72.08 W, 1500 MHz, 6251 MHz, 100 %, 70
2026/10/09 04:48:54.973, 71.87 W, 1485 MHz, 6251 MHz, 100 %, 70
2026/10/09 04:48:55.473, 72.03 W, 1515 MHz, 6251 MHz, 100 %, 70
2026/10/09 04:48:55.973, 72.18 W, 1500 MHz, 6251 MHz, 100 %, 70
2026/10/09 04:48:56.473, 72.14 W, 1485 MHz, 6251 MHz, 100 %, 70
2026/10/09 04:48:56.973, 72.03 W, 1500 MHz, 6251 MHz, 100 %, 70
2026/10/09 04:48:57.474, 72.32 W, 1335 MHz, 6251 MHz, 92 %, 69
2026/10/09 04:48:57.974, 72.38 W, 1500 MHz, 6251 MHz, 100 %, 69
2026/10/09 04:48:58.474, 72.37 W, 1485 MHz, 6251 MHz, 100 %, 69
2026/10/09 04:48:58.974, 72.11 W, 1515 MHz, 6251 MHz, 100 %, 69
2026/10/09 04:48:59.474, 72.00 W, 1485 MHz, 6251 MHz, 100 %, 69
2026/10/09 04:48:59.974, 72.04 W, 1515 MHz, 6251 MHz, 100 %, 69
2026/10/09 04:49:00.474, 73.19 W, 1530 MHz, 6251 MHz, 100 %, 69
2026/10/09 04:49:00.975, 73.31 W, 1470 MHz, 6251 MHz, 100 %, 69
2026/10/09 04:49:01.475, 71.98 W, 1515 MHz, 6251 MHz, 100 %, 68
2026/10/09 04:49:01.975, 72.08 W, 1485 MHz, 6251 MHz, 100 %, 68
2026/10/09 04:49:02.475, 72.11 W, 1515 MHz, 6251 MHz, 100 %, 68
2026/10/09 04:49:02.975, 73.14 W, 1500 MHz, 6251 MHz, 92 %, 68
2026/10/09 04:49:03.475, 73.26 W, 1515 MHz, 6251 MHz, 100 %, 68
2026/10/09 04:49:03.975, 72.02 W, 1500 MHz, 6251 MHz, 100 %, 68
2026/10/09 04:49:04.475, 71.98 W, 1530 MHz, 6251 MHz, 100 %, 68
2026/10/09 04:49:04.976, 72.00 W, 1515 MHz, 6251 MHz, 100 %, 68
2026/10/09 04:49:05.476, 72.01 W, 1545 MHz, 6251 MHz, 100 %, 68
2026/10/09 04:49:05.976, 72.85 W, 1530 MHz, 6251 MHz, 100 %, 68
2026/10/09 04:49:06.476, 73.02 W, 1560 MHz, 6251 MHz, 100 %, 68
2026/10/09 04:49:06.976, 72.00 W, 1530 MHz, 6251 MHz, 100 %, 67
2026/10/09 04:49:07.476, 72.11 W, 1545 MHz, 6251 MHz, 100 %, 67
2026/10/09 04:49:07.976, 72.04 W, 1515 MHz, 6251 MHz, 100 %, 67
2026/10/09 04:49:08.477, 72.70 W, 1575 MHz, 6251 MHz, 100 %, 67
2026/10/09 04:49:08.977, 72.75 W, 1530 MHz, 6251 MHz, 100 %, 67
2026/10/09 04:49:09.477, 72.05 W, 1545 MHz, 6251 MHz, 100 %, 67
2026/10/09 04:49:09.977, 71.99 W, 1515 MHz, 6251 MHz, 100 %, 67
2026/10/09 04:49:10.477, 72.02 W, 1545 MHz, 6251 MHz, 100 %, 67
2026/10/09 04:49:10.977, 71.77 W, 1290 MHz, 6251 MHz, 100 %, 67
2026/10/09 04:49:11.477, 71.51 W, 1530 MHz, 6251 MHz, 100 %, 67
2026/10/09 04:49:11.978, 71.48 W, 1500 MHz, 6251 MHz, 100 %, 67
2026/10/09 04:49:12.478, 71.92 W, 1530 MHz, 6251 MHz, 100 %, 67
2026/10/09 04:49:12.978, 71.92 W, 1545 MHz, 6251 MHz, 100 %, 67
2026/10/09 04:49:13.478, 71.95 W, 1530 MHz, 6251 MHz, 100 %, 66
2026/10/09 04:49:13.978, 69.98 W, 1560 MHz, 6251 MHz, 100 %, 67
2026/10/09 04:49:14.478, 69.98 W, 1515 MHz, 6251 MHz, 100 %, 66
2026/10/09 04:49:14.978, 71.93 W, 1530 MHz, 6251 MHz, 100 %, 66
2026/10/09 04:49:15.479, 72.00 W, 1500 MHz, 6251 MHz, 100 %, 66
2026/10/09 04:49:15.979, 72.03 W, 1530 MHz, 6251 MHz, 100 %, 66
2026/10/09 04:49:16.479, 71.35 W, 1965 MHz, 6251 MHz, 100 %, 65
2026/10/09 04:49:16.979, 65.17 W, 1545 MHz, 6251 MHz, 100 %, 66
2026/10/09 04:49:17.479, 66.03 W, 1620 MHz, 6251 MHz, 100 %, 66
2026/10/09 04:49:17.979, 72.25 W, 1545 MHz, 6251 MHz, 100 %, 66
2026/10/09 04:49:18.480, 72.23 W, 1575 MHz, 6251 MHz, 100 %, 66
2026/10/09 04:49:18.980, 72.16 W, 1530 MHz, 6251 MHz, 100 %, 66
2026/10/09 04:49:19.480, 72.37 W, 1545 MHz, 6251 MHz, 100 %, 66
2026/10/09 04:49:19.980, 71.76 W, 1530 MHz, 6251 MHz, 100 %, 66
2026/10/09 04:49:20.480, 71.97 W, 1530 MHz, 6251 MHz, 100 %, 66
2026/10/09 04:49:20.980, 71.93 W, 1545 MHz, 6251 MHz, 100 %, 66
2026/10/09 04:49:21.481, 72.07 W, 1530 MHz, 6251 MHz, 100 %, 66
2026/10/09 04:49:21.981, 71.85 W, 1515 MHz, 6251 MHz, 100 %, 66
2026/10/09 04:49:22.481, 71.91 W, 1545 MHz, 6251 MHz, 100 %, 66
2026/10/09 04:49:22.981, 71.88 W, 1545 MHz, 6251 MHz, 100 %, 66
2026/10/09 04:49:23.481, 71.65 W, 1515 MHz, 6251 MHz, 100 %, 65
2026/10/09 04:49:23.981, 71.73 W, 1530 MHz, 6251 MHz, 100 %, 65
2026/10/09 04:49:24.482, 71.86 W, 1545 MHz, 6251 MHz, 100 %, 65
2026/10/09 04:49:24.982, 72.01 W, 1530 MHz, 6251 MHz, 100 %, 65
2026/10/09 04:49:25.482, 71.94 W, 1575 MHz, 6251 MHz, 100 %, 66
2026/10/09 04:49:25.982, 71.90 W, 1560 MHz, 6251 MHz, 100 %, 65
2026/10/09 04:49:26.482, 71.93 W, 1545 MHz, 6251 MHz, 100 %, 65
2026/10/09 04:49:26.982, 71.94 W, 1530 MHz, 6251 MHz, 100 %, 65
2026/10/09 04:49:27.482, 72.67 W, 1545 MHz, 6251 MHz, 100 %, 65
2026/10/09 04:49:27.983, 72.20 W, 1530 MHz, 6251 MHz, 100 %, 65
2026/10/09 04:49:28.483, 71.47 W, 1560 MHz, 6251 MHz, 100 %, 65
2026/10/09 04:49:28.983, 72.00 W, 1575 MHz, 6251 MHz, 100 %, 65
2026/10/09 04:49:29.483, 71.39 W, 1500 MHz, 6251 MHz, 100 %, 65
2026/10/09 04:49:29.983, 71.60 W, 1605 MHz, 6251 MHz, 100 %, 65
2026/10/09 04:49:30.483, 72.12 W, 1515 MHz, 6251 MHz, 100 %, 65
2026/10/09 04:49:30.983, 72.78 W, 1560 MHz, 6251 MHz, 100 %, 65
2026/10/09 04:49:31.483, 71.32 W, 1515 MHz, 6251 MHz, 100 %, 65
2026/10/09 04:49:31.984, 73.77 W, 1395 MHz, 6251 MHz, 100 %, 65
2026/10/09 04:49:32.484, 73.68 W, 1485 MHz, 6251 MHz, 100 %, 65
2026/10/09 04:49:32.984, 72.50 W, 1320 MHz, 6251 MHz, 100 %, 66
2026/10/09 04:49:33.484, 71.75 W, 1485 MHz, 6251 MHz, 100 %, 65
2026/10/09 04:49:33.984, 71.79 W, 1500 MHz, 6251 MHz, 100 %, 65
2026/10/09 04:49:34.484, 72.00 W, 1545 MHz, 6251 MHz, 100 %, 65
2026/10/09 04:49:34.985, 72.15 W, 1530 MHz, 6251 MHz, 100 %, 65
2026/10/09 04:49:35.485, 71.49 W, 1530 MHz, 6251 MHz, 100 %, 65
2026/10/09 04:49:35.985, 71.56 W, 1200 MHz, 6251 MHz, 100 %, 66
2026/10/09 04:49:36.485, 71.58 W, 1575 MHz, 6251 MHz, 100 %, 65
2026/10/09 04:49:36.985, 72.30 W, 1530 MHz, 6251 MHz, 100 %, 65
2026/10/09 04:49:37.485, 72.32 W, 1575 MHz, 6251 MHz, 100 %, 65
2026/10/09 04:49:37.985, 72.46 W, 1545 MHz, 6251 MHz, 100 %, 65
2026/10/09 04:49:38.486, 71.84 W, 1605 MHz, 6251 MHz, 100 %, 65
2026/10/09 04:49:38.986, 72.20 W, 1530 MHz, 6251 MHz, 100 %, 65
2026/10/09 04:49:39.486, 73.00 W, 1170 MHz, 6251 MHz, 100 %, 66
2026/10/09 04:49:39.986, 72.06 W, 1575 MHz, 6251 MHz, 100 %, 66
2026/10/09 04:49:40.486, 73.57 W, 1275 MHz, 6251 MHz, 100 %, 65
2026/10/09 04:49:40.986, 73.60 W, 1440 MHz, 6251 MHz, 100 %, 66
2026/10/09 04:49:41.486, 73.51 W, 1395 MHz, 6251 MHz, 100 %, 65
2026/10/09 04:49:41.987, 72.90 W, 1455 MHz, 6251 MHz, 100 %, 66
2026/10/09 04:49:42.487, 72.44 W, 1455 MHz, 6251 MHz, 100 %, 65
2026/10/09 04:49:42.987, 72.24 W, 1455 MHz, 6251 MHz, 100 %, 65
2026/10/09 04:49:43.487, 72.87 W, 1230 MHz, 6251 MHz, 100 %, 67
2026/10/09 04:49:43.987, 72.51 W, 1455 MHz, 6251 MHz, 100 %, 66
2026/10/09 04:49:44.487, 71.35 W, 1500 MHz, 6251 MHz, 100 %, 66
2026/10/09 04:49:44.987, 72.24 W, 1110 MHz, 6251 MHz, 100 %, 67
2026/10/09 04:49:45.488, 71.44 W, 1260 MHz, 6251 MHz, 100 %, 67
2026/10/09 04:49:45.988, 71.85 W, 1140 MHz, 6251 MHz, 100 %, 66
2026/10/09 04:49:46.488, 71.18 W, 1440 MHz, 6251 MHz, 100 %, 66
2026/10/09 04:49:46.988, 72.49 W, 1545 MHz, 6251 MHz, 100 %, 66
2026/10/09 04:49:47.488, 72.98 W, 1575 MHz, 6251 MHz, 100 %, 66
2026/10/09 04:49:47.988, 72.20 W, 1455 MHz, 6251 MHz, 100 %, 66
2026/10/09 04:49:48.489, 72.56 W, 1590 MHz, 6251 MHz, 100 %, 66
2026/10/09 04:49:48.989, 72.27 W, 1575 MHz, 6251 MHz, 100 %, 66
2026/10/09 04:49:49.489, 72.25 W, 1590 MHz, 6251 MHz, 100 %, 66
2026/10/09 04:49:49.989, 72.18 W, 1575 MHz, 6251 MHz, 100 %, 66
2026/10/09 04:49:50.489, 72.25 W, 1590 MHz, 6251 MHz, 100 %, 66
2026/10/09 04:49:50.989, 72.26 W, 1590 MHz, 6251 MHz, 100 %, 66
2026/10/09 04:49:51.489, 72.57 W, 1260 MHz, 6251 MHz, 100 %, 66
2026/10/09 04:49:51.990, 72.52 W, 1575 MHz, 6251 MHz, 100 %, 66
2026/10/09 04:49:52.490, 73.03 W, 1545 MHz, 6251 MHz, 100 %, 66
2026/10/09 04:49:52.990, 71.99 W, 1575 MHz, 6251 MHz, 100 %, 66
2026/10/09 04:49:53.490, 71.96 W, 1530 MHz, 6251 MHz, 100 %, 66
2026/10/09 04:49:53.990, 72.88 W, 1590 MHz, 6251 MHz, 100 %, 66
2026/10/09 04:49:54.490, 73.83 W, 1575 MHz, 6251 MHz, 100 %, 66
2026/10/09 04:49:54.991, 72.43 W, 1545 MHz, 6251 MHz, 100 %, 66
2026/10/09 04:49:55.491, 73.41 W, 1140 MHz, 6251 MHz, 100 %, 67
2026/10/09 04:49:55.991, 74.23 W, 1530 MHz, 6251 MHz, 100 %, 67
2026/10/09 04:49:56.491, 72.19 W, 1455 MHz, 6251 MHz, 100 %, 66
2026/10/09 04:49:56.991, 72.08 W, 1530 MHz, 6251 MHz, 100 %, 67
2026/10/09 04:49:57.491, 71.19 W, 1515 MHz, 6251 MHz, 100 %, 67
2026/10/09 04:49:57.991, 71.40 W, 1545 MHz, 6251 MHz, 100 %, 67
2026/10/09 04:49:58.492, 73.24 W, 1155 MHz, 6251 MHz, 100 %, 67
2026/10/09 04:49:58.992, 72.86 W, 1575 MHz, 6251 MHz, 100 %, 67
2026/10/09 04:49:59.492, 72.92 W, 1485 MHz, 6251 MHz, 100 %, 67
2026/10/09 04:49:59.992, 73.33 W, 1110 MHz, 6251 MHz, 100 %, 67
2026/10/09 04:50:00.492, 72.41 W, 1545 MHz, 6251 MHz, 100 %, 67
2026/10/09 04:50:00.992, 72.39 W, 1560 MHz, 6251 MHz, 100 %, 67
2026/10/09 04:50:01.492, 71.88 W, 1530 MHz, 6251 MHz, 100 %, 67
2026/10/09 04:50:01.993, 71.37 W, 1590 MHz, 6251 MHz, 100 %, 67
2026/10/09 04:50:02.493, 71.35 W, 1530 MHz, 6251 MHz, 100 %, 67
2026/10/09 04:50:02.993, 72.14 W, 1575 MHz, 6251 MHz, 100 %, 67
2026/10/09 04:50:03.493, 72.00 W, 1545 MHz, 6251 MHz, 100 %, 67
2026/10/09 04:50:03.993, 72.15 W, 1530 MHz, 6251 MHz, 100 %, 67
2026/10/09 04:50:04.493, 68.38 W, 1965 MHz, 6251 MHz, 100 %, 67
2026/10/09 04:50:04.993, 50.53 W, 2040 MHz, 6251 MHz, 0 %, 65
2026/10/09 04:50:05.493, 32.46 W, 2040 MHz, 6251 MHz, 0 %, 64
2026/10/09 04:50:05.994, 32.49 W, 2040 MHz, 6251 MHz, 0 %, 64
2026/10/09 04:50:06.494, 32.47 W, 2040 MHz, 6251 MHz, 0 %, 64
2026/10/09 04:50:06.994, 32.42 W, 2040 MHz, 6251 MHz, 0 %, 64
2026/10/09 04:50:07.494, 35.97 W, 1620 MHz, 6251 MHz, 0 %, 64
2026/10/09 04:50:07.994, 52.51 W, 1605 MHz, 6251 MHz, 100 %, 67
2026/10/09 04:50:08.494, 70.37 W, 1455 MHz, 6251 MHz, 100 %, 67
2026/10/09 04:50:08.994, 72.80 W, 1500 MHz, 6251 MHz, 100 %, 67
2026/10/09 04:50:09.495, 73.08 W, 1545 MHz, 6251 MHz, 100 %, 67
2026/10/09 04:50:09.995, 71.78 W, 1140 MHz, 6251 MHz, 100 %, 67
2026/10/09 04:50:10.495, 72.32 W, 1440 MHz, 6251 MHz, 100 %, 68
2026/10/09 04:50:10.995, 72.11 W, 1395 MHz, 6251 MHz, 100 %, 67
2026/10/09 04:50:11.495, 70.75 W, 1425 MHz, 6251 MHz, 100 %, 68
2026/10/09 04:50:11.995, 71.23 W, 1305 MHz, 6251 MHz, 100 %, 69
2026/10/09 04:50:12.495, 70.78 W, 1200 MHz, 6251 MHz, 100 %, 69
2026/10/09 04:50:12.996, 70.82 W, 1320 MHz, 6251 MHz, 100 %, 68
2026/10/09 04:50:13.496, 72.04 W, 1395 MHz, 6251 MHz, 100 %, 68
2026/10/09 04:50:13.996, 71.73 W, 1155 MHz, 6251 MHz, 100 %, 69
2026/10/09 04:50:14.496, 71.78 W, 1200 MHz, 6251 MHz, 100 %, 68
2026/10/09 04:50:14.996, 71.59 W, 1185 MHz, 6251 MHz, 100 %, 69
2026/10/09 04:50:15.496, 71.21 W, 1200 MHz, 6251 MHz, 100 %, 69
2026/10/09 04:50:15.997, 70.48 W, 1380 MHz, 6251 MHz, 100 %, 69
2026/10/09 04:50:16.497, 70.86 W, 1065 MHz, 6251 MHz, 100 %, 69
2026/10/09 04:50:16.997, 72.15 W, 1200 MHz, 6251 MHz, 100 %, 69
2026/10/09 04:50:17.497, 73.08 W, 1320 MHz, 6251 MHz, 100 %, 69
2026/10/09 04:50:17.997, 71.88 W, 1125 MHz, 6251 MHz, 100 %, 70
2026/10/09 04:50:18.497, 70.97 W, 1260 MHz, 6251 MHz, 100 %, 69
2026/10/09 04:50:18.997, 71.87 W, 1215 MHz, 6251 MHz, 100 %, 70
2026/10/09 04:50:19.498, 72.62 W, 1155 MHz, 6251 MHz, 100 %, 71
2026/10/09 04:50:19.998, 71.90 W, 1215 MHz, 6251 MHz, 100 %, 70
2026/10/09 04:50:20.498, 71.85 W, 1200 MHz, 6251 MHz, 100 %, 70
2026/10/09 04:50:20.998, 71.54 W, 1245 MHz, 6251 MHz, 100 %, 70
2026/10/09 04:50:21.498, 71.83 W, 1290 MHz, 6251 MHz, 100 %, 70
2026/10/09 04:50:21.998, 72.28 W, 1140 MHz, 6251 MHz, 100 %, 71
2026/10/09 04:50:22.499, 72.02 W, 1125 MHz, 6251 MHz, 100 %, 72
2026/10/09 04:50:22.999, 71.73 W, 1170 MHz, 6251 MHz, 100 %, 72
2026/10/09 04:50:23.499, 71.74 W, 1110 MHz, 6251 MHz, 100 %, 72
2026/10/09 04:50:23.999, 72.22 W, 1140 MHz, 6251 MHz, 100 %, 72
2026/10/09 04:50:24.499, 72.11 W, 1125 MHz, 6251 MHz, 100 %, 72
2026/10/09 04:50:24.999, 72.31 W, 1155 MHz, 6251 MHz, 100 %, 73
2026/10/09 04:50:25.499, 72.01 W, 1170 MHz, 6251 MHz, 100 %, 72
2026/10/09 04:50:26.000, 71.96 W, 1215 MHz, 6251 MHz, 100 %, 72
2026/10/09 04:50:26.500, 71.93 W, 1155 MHz, 6251 MHz, 100 %, 73
2026/10/09 04:50:27.000, 72.09 W, 1125 MHz, 6251 MHz, 100 %, 73
2026/10/09 04:50:27.500, 72.07 W, 1140 MHz, 6251 MHz, 100 %, 73
2026/10/09 04:50:28.000, 71.95 W, 1185 MHz, 6251 MHz, 100 %, 73
2026/10/09 04:50:28.500, 72.12 W, 1170 MHz, 6251 MHz, 100 %, 73
2026/10/09 04:50:29.000, 72.21 W, 1170 MHz, 6251 MHz, 100 %, 73
2026/10/09 04:50:29.501, 72.08 W, 1140 MHz, 6251 MHz, 100 %, 74
2026/10/09 04:50:30.001, 72.16 W, 1170 MHz, 6251 MHz, 100 %, 73
2026/10/09 04:50:30.501, 72.17 W, 1125 MHz, 6251 MHz, 100 %, 73
2026/10/09 04:50:31.001, 72.10 W, 1155 MHz, 6251 MHz, 100 %, 74
2026/10/09 04:50:31.501, 71.92 W, 1155 MHz, 6251 MHz, 100 %, 74
2026/10/09 04:50:32.001, 71.86 W, 1155 MHz, 6251 MHz, 100 %, 74
2026/10/09 04:50:32.501, 71.90 W, 1140 MHz, 6251 MHz, 100 %, 75
2026/10/09 04:50:33.002, 71.96 W, 1170 MHz, 6251 MHz, 100 %, 74
2026/10/09 04:50:33.502, 72.16 W, 1170 MHz, 6251 MHz, 100 %, 74
2026/10/09 04:50:34.002, 71.69 W, 1245 MHz, 6251 MHz, 100 %, 74
2026/10/09 04:50:34.502, 71.91 W, 1290 MHz, 6251 MHz, 100 %, 74
2026/10/09 04:50:35.002, 72.12 W, 1125 MHz, 6251 MHz, 100 %, 75
2026/10/09 04:50:35.502, 72.04 W, 1125 MHz, 6251 MHz, 100 %, 76
2026/10/09 04:50:36.002, 72.78 W, 1110 MHz, 6251 MHz, 100 %, 75
2026/10/09 04:50:36.503, 72.80 W, 1185 MHz, 6251 MHz, 100 %, 75
2026/10/09 04:50:37.003, 72.24 W, 1110 MHz, 6251 MHz, 100 %, 76
2026/10/09 04:50:37.503, 72.47 W, 1140 MHz, 6251 MHz, 100 %, 76
2026/10/09 04:50:38.003, 71.80 W, 1170 MHz, 6251 MHz, 100 %, 75
2026/10/09 04:50:38.503, 71.48 W, 1065 MHz, 6251 MHz, 100 %, 76
2026/10/09 04:50:39.003, 71.65 W, 1080 MHz, 6251 MHz, 100 %, 77
2026/10/09 04:50:39.503, 71.40 W, 1050 MHz, 6251 MHz, 100 %, 77
2026/10/09 04:50:40.004, 71.40 W, 1230 MHz, 6251 MHz, 100 %, 76
2026/10/09 04:50:40.504, 72.02 W, 1110 MHz, 6251 MHz, 100 %, 77
2026/10/09 04:50:41.004, 72.19 W, 1185 MHz, 6251 MHz, 100 %, 76
2026/10/09 04:50:41.504, 71.99 W, 1065 MHz, 6251 MHz, 100 %, 77
2026/10/09 04:50:42.004, 71.74 W, 1110 MHz, 6251 MHz, 100 %, 77
2026/10/09 04:50:42.504, 71.86 W, 1065 MHz, 6251 MHz, 100 %, 78
2026/10/09 04:50:43.005, 72.08 W, 1095 MHz, 6251 MHz, 100 %, 78
2026/10/09 04:50:43.505, 71.92 W, 1110 MHz, 6251 MHz, 100 %, 78
2026/10/09 04:50:44.005, 72.43 W, 1110 MHz, 6251 MHz, 100 %, 78
2026/10/09 04:50:44.505, 72.93 W, 1125 MHz, 6251 MHz, 100 %, 78
2026/10/09 04:50:45.005, 72.31 W, 1035 MHz, 6251 MHz, 100 %, 78
2026/10/09 04:50:45.505, 72.18 W, 1095 MHz, 6251 MHz, 100 %, 79
2026/10/09 04:50:46.005, 72.35 W, 1095 MHz, 6251 MHz, 100 %, 79
2026/10/09 04:50:46.506, 72.51 W, 1065 MHz, 6251 MHz, 100 %, 79
2026/10/09 04:50:47.006, 72.10 W, 1125 MHz, 6251 MHz, 100 %, 79
2026/10/09 04:50:47.506, 71.96 W, 1095 MHz, 6251 MHz, 100 %, 79
2026/10/09 04:50:48.006, 72.32 W, 1035 MHz, 6251 MHz, 100 %, 79
2026/10/09 04:50:48.506, 72.01 W, 1125 MHz, 6251 MHz, 100 %, 80
2026/10/09 04:50:49.006, 71.94 W, 1110 MHz, 6251 MHz, 100 %, 80
2026/10/09 04:50:49.507, 72.69 W, 1125 MHz, 6251 MHz, 100 %, 80
2026/10/09 04:50:50.007, 72.75 W, 1140 MHz, 6251 MHz, 100 %, 80
2026/10/09 04:50:50.507, 71.76 W, 1140 MHz, 6251 MHz, 100 %, 80
2026/10/09 04:50:51.007, 71.86 W, 1110 MHz, 6251 MHz, 100 %, 80
2026/10/09 04:50:51.507, 72.10 W, 1155 MHz, 6251 MHz, 100 %, 79
2026/10/09 04:50:52.007, 72.13 W, 1110 MHz, 6251 MHz, 100 %, 80
2026/10/09 04:50:52.508, 71.49 W, 1155 MHz, 6251 MHz, 100 %, 80
2026/10/09 04:50:53.008, 71.81 W, 1140 MHz, 6251 MHz, 100 %, 80
2026/10/09 04:50:53.508, 71.91 W, 1125 MHz, 6251 MHz, 100 %, 79
2026/10/09 04:50:54.008, 72.18 W, 1125 MHz, 6251 MHz, 100 %, 80
2026/10/09 04:50:54.508, 72.09 W, 1125 MHz, 6251 MHz, 100 %, 80
2026/10/09 04:50:55.008, 72.25 W, 1140 MHz, 6251 MHz, 100 %, 80
2026/10/09 04:50:55.509, 72.13 W, 1125 MHz, 6251 MHz, 100 %, 80
2026/10/09 04:50:56.009, 71.84 W, 1155 MHz, 6251 MHz, 100 %, 80
2026/10/09 04:50:56.509, 71.93 W, 1140 MHz, 6251 MHz, 100 %, 80
2026/10/09 04:50:57.009, 72.00 W, 1290 MHz, 6251 MHz, 100 %, 80
2026/10/09 04:50:57.509, 71.68 W, 1395 MHz, 6251 MHz, 100 %, 80
2026/10/09 04:50:58.009, 67.87 W, 1065 MHz, 6251 MHz, 30 %, 82
2026/10/09 04:50:58.510, 68.59 W, 1125 MHz, 6251 MHz, 100 %, 82
2026/10/09 04:50:59.010, 76.74 W, 1035 MHz, 6251 MHz, 83 %, 82
2026/10/09 04:50:59.510, 73.90 W, 1065 MHz, 6251 MHz, 100 %, 82
2026/10/09 04:51:00.010, 75.26 W, 1080 MHz, 6251 MHz, 83 %, 82
2026/10/09 04:51:00.510, 73.99 W, 990 MHz, 6251 MHz, 100 %, 83
2026/10/09 04:51:01.010, 74.83 W, 930 MHz, 6251 MHz, 83 %, 83
2026/10/09 04:51:01.511, 73.38 W, 1050 MHz, 6251 MHz, 100 %, 83
2026/10/09 04:51:02.011, 74.02 W, 1050 MHz, 6251 MHz, 84 %, 83
2026/10/09 04:51:02.511, 72.78 W, 1050 MHz, 6251 MHz, 100 %, 83
2026/10/09 04:51:03.011, 69.71 W, 1065 MHz, 6251 MHz, 83 %, 84
2026/10/09 04:51:03.511, 68.83 W, 1110 MHz, 6251 MHz, 100 %, 83
2026/10/09 04:51:04.011, 69.10 W, 1125 MHz, 6251 MHz, 100 %, 84
2026/10/09 04:51:04.512, 72.32 W, 1065 MHz, 6251 MHz, 100 %, 84
2026/10/09 04:51:05.012, 72.35 W, 1185 MHz, 6251 MHz, 100 %, 83
2026/10/09 04:51:05.512, 72.81 W, 1080 MHz, 6251 MHz, 100 %, 84
2026/10/09 04:51:06.012, 72.43 W, 1320 MHz, 6251 MHz, 100 %, 84
2026/10/09 04:51:06.512, 72.91 W, 1080 MHz, 6251 MHz, 100 %, 84
2026/10/09 04:51:07.012, 72.89 W, 1365 MHz, 6251 MHz, 100 %, 84
2026/10/09 04:51:07.512, 57.41 W, 2040 MHz, 6251 MHz, 50 %, 80
